ISO-10303-21;
HEADER;
FILE_DESCRIPTION (( 'STEP AP214' ),
    '1' );
FILE_NAME ('Demo.STEP',
    '2026-04-26T06:27:04',
    ( '' ),
    ( '' ),
    'SwSTEP 2.0',
    'SolidWorks 2025',
    '' );
FILE_SCHEMA (( 'AUTOMOTIVE_DESIGN' ));
ENDSEC;

DATA;
#1 = DIRECTION ( 'NONE',  ( 0.000000000000000000, 1.000000000000000000, 0.000000000000000000 ) ) ;
#2 = ADVANCED_BREP_SHAPE_REPRESENTATION ( '', ( #1790, #3086 ), #2967 ) ;
#3 = DIRECTION ( 'NONE',  ( -2.312964634635742957E-16, 0.000000000000000000, 1.000000000000000000 ) ) ;
#4 = VERTEX_POINT ( 'NONE', #915 ) ;
#5 = CARTESIAN_POINT ( 'NONE',  ( 208.3735542387486532, 19.99999999999999645, -100.3276607945746264 ) ) ;
#6 = EDGE_CURVE ( 'NONE', #1870, #2469, #3172, .T. ) ;
#7 = DIRECTION ( 'NONE',  ( 0.9311158510153733081, 0.3393929015907583002, 0.1335504786128570431 ) ) ;
#8 = EDGE_LOOP ( 'NONE', ( #2814, #485, #3026, #2191 ) ) ;
#9 = DIRECTION ( 'NONE',  ( 0.000000000000000000, 0.000000000000000000, -1.000000000000000000 ) ) ;
#10 = VERTEX_POINT ( 'NONE', #3135 ) ;
#11 = DIRECTION ( 'NONE',  ( 0.000000000000000000, 0.000000000000000000, 1.000000000000000000 ) ) ;
#12 = DIRECTION ( 'NONE',  ( 0.000000000000000000, 0.000000000000000000, 1.000000000000000000 ) ) ;
#13 = CARTESIAN_POINT ( 'NONE',  ( 207.1274625254881414, 33.65185495607065747, -80.00000000007675283 ) ) ;
#14 = CARTESIAN_POINT ( 'NONE',  ( 2.181554758577755937, 8.736703958404325121, 4.501186289107186767 ) ) ;
#15 = CARTESIAN_POINT ( 'NONE',  ( 201.9679903469084934, 34.99905239462502493, -96.12645067174717894 ) ) ;
#16 = ITEM_DEFINED_TRANSFORMATION ( 'NONE', 'NONE', #1354,  #3086 ) ;
#17 = DIRECTION ( 'NONE',  ( 0.000000000000000000, 0.000000000000000000, -1.000000000000000000 ) ) ;
#18 = ORIENTED_EDGE ( 'NONE', *, *, #2007, .F. ) ;
#19 = CARTESIAN_POINT ( 'NONE',  ( 186.2153797958596044, -291563.0763512535486, -133.0470782042506244 ) ) ;
#20 = EDGE_CURVE ( 'NONE', #1229, #3421, #3238, .T. ) ;
#21 = DIRECTION ( 'NONE',  ( 0.000000000000000000, 0.000000000000000000, 1.000000000000000000 ) ) ;
#22 = ADVANCED_FACE ( 'NONE', ( #1418, #647 ), #2284, .T. ) ;
#23 = EDGE_CURVE ( 'NONE', #3482, #248, #2322, .T. ) ;
#24 = DIRECTION ( 'NONE',  ( 0.000000000000000000, -0.000000000000000000, 1.000000000000000000 ) ) ;
#25 = PLANE ( 'NONE',  #1497 ) ;
#26 = SHAPE_DEFINITION_REPRESENTATION ( #1024, #2372 ) ;
#27 = ORIENTED_EDGE ( 'NONE', *, *, #995, .T. ) ;
#28 = COLOUR_RGB ( '',0.7921568627450980005, 0.8196078431372548767, 0.9333333333333333481 ) ;
#29 = CARTESIAN_POINT ( 'NONE',  ( 24.99999999997970335, 13.00000000000000178, -27.00000000000000711 ) ) ;
#30 = EDGE_LOOP ( 'NONE', ( #1751, #544, #3041, #1203 ) ) ;
#31 = B_SPLINE_CURVE_WITH_KNOTS ( 'NONE', 3,
 ( #2785, #2574, #2840, #2277, #2500, #1075, #3127, #2220, #3096, #1392, #14, #1112, #3388, #842, #295, #1128 ),
 .UNSPECIFIED., .F., .F.,
 ( 4, 2, 2, 2, 2, 2, 2, 4 ),
 ( 0.003977372743944435421, 0.004474137685135929320, 0.004970902626327423218, 0.005467667567518917117, 0.005964432508710411016, 0.006957962391093398813, 0.007454727332284895314, 0.007951492273476391814 ),
 .UNSPECIFIED. ) ;
#32 =( NAMED_UNIT ( * ) PLANE_ANGLE_UNIT ( ) SI_UNIT ( $, .RADIAN. ) );
#33 = FACE_BOUND ( 'NONE', #197, .T. ) ;
#34 = PRODUCT_DEFINITION ( 'UNKNOWN', '', #1116, #3632 ) ;
#35 = CARTESIAN_POINT ( 'NONE',  ( 40.00000000000000000, 10.49999999999999822, 3.999999999999998224 ) ) ;
#36 = DIRECTION ( 'NONE',  ( 1.000000000000000000, 0.000000000000000000, 0.000000000000000000 ) ) ;
#37 = AXIS2_PLACEMENT_3D ( 'NONE', #3236, #1799, #1455 ) ;
#38 = CARTESIAN_POINT ( 'NONE',  ( 190.2046013108156615, 30.26426884535490203, -98.20065354338058228 ) ) ;
#39 = VECTOR ( 'NONE', #2710, 1000.000000000000000 ) ;
#40 = CARTESIAN_POINT ( 'NONE',  ( -2.500000000000001776, 10.00000000000000000, 4.330127018922191873 ) ) ;
#41 = ORIENTED_EDGE ( 'NONE', *, *, #23, .F. ) ;
#42 = CARTESIAN_POINT ( 'NONE',  ( 12.49999999997970157, 13.00000000000000178, -85.00000000015347723 ) ) ;
#43 = DIRECTION ( 'NONE',  ( 1.000000000000000000, -0.000000000000000000, -2.334567381254908161E-16 ) ) ;
#44 = CIRCLE ( 'NONE', #969, 1.499999999999997780 ) ;
#45 = AXIS2_PLACEMENT_3D ( 'NONE', #108, #1183, #3145 ) ;
#46 = DIRECTION ( 'NONE',  ( -1.000000000000000000, 0.000000000000000000, 0.000000000000000000 ) ) ;
#47 = DIRECTION ( 'NONE',  ( -0.9848077530122075762, 0.000000000000000000, 0.1736481776669328847 ) ) ;
#48 = SHAPE_DEFINITION_REPRESENTATION ( #2262, #2000 ) ;
#49 = ORIENTED_EDGE ( 'NONE', *, *, #1043, .T. ) ;
#50 = CARTESIAN_POINT ( 'NONE',  ( 200.0147738744536525, 12.49977005793302354, -80.00000000007675283 ) ) ;
#51 = ORIENTED_EDGE ( 'NONE', *, *, #1359, .F. ) ;
#52 = EDGE_CURVE ( 'NONE', #1496, #2926, #1729, .T. ) ;
#53 = EDGE_CURVE ( 'NONE', #2907, #2447, #2902, .T. ) ;
#54 = DIRECTION ( 'NONE',  ( 1.000000000000000000, -0.000000000000000000, -2.334567381254908161E-16 ) ) ;
#55 = LINE ( 'NONE', #657, #2133 ) ;
#56 = CARTESIAN_POINT ( 'NONE',  ( 191.9964393745045754, 31.91169295778235337, -97.88470414769179229 ) ) ;
#57 = VECTOR ( 'NONE', #2916, 1000.000000000000000 ) ;
#58 = ADVANCED_FACE ( 'NONE', ( #2600 ), #1205, .T. ) ;
#59 = ORIENTED_EDGE ( 'NONE', *, *, #1940, .F. ) ;
#60 = DIRECTION ( 'NONE',  ( 1.000000000000000000, -0.000000000000000000, -0.000000000000000000 ) ) ;
#61 = AXIS2_PLACEMENT_3D ( 'NONE', #2037, #617, #3360 ) ;
#62 = CYLINDRICAL_SURFACE ( 'NONE', #1515, 2.000000000000000000 ) ;
#63 = EDGE_CURVE ( 'NONE', #3263, #1550, #1643, .T. ) ;
#64 = LINE ( 'NONE', #1783, #155 ) ;
#65 = LINE ( 'NONE', #3438, #1320 ) ;
#66 = CONTEXT_DEPENDENT_SHAPE_REPRESENTATION ( #2712, #2738 ) ;
#67 = ORIENTED_EDGE ( 'NONE', *, *, #695, .T. ) ;
#68 = CIRCLE ( 'NONE', #2020, 1.500000000000000222 ) ;
#69 = DIRECTION ( 'NONE',  ( 1.000000000000000000, 0.000000000000000000, 0.000000000000000000 ) ) ;
#70 = ORIENTED_EDGE ( 'NONE', *, *, #2387, .F. ) ;
#71 = DIRECTION ( 'NONE',  ( 0.000000000000000000, 0.000000000000000000, 1.000000000000000000 ) ) ;
#72 = CARTESIAN_POINT ( 'NONE',  ( 193.6014379434602972, 19.99999999999999645, -97.60169959598638911 ) ) ;
#73 = CARTESIAN_POINT ( 'NONE',  ( 200.0147738746009622, 12.49977005793286011, -20.00000000007675283 ) ) ;
#74 = AXIS2_PLACEMENT_3D ( 'NONE', #1182, #3483, #71 ) ;
#75 = LINE ( 'NONE', #350, #1385 ) ;
#76 = DIRECTION ( 'NONE',  ( 0.000000000000000000, 3.469446951953614682E-16, -1.000000000000000000 ) ) ;
#77 = ADVANCED_FACE ( 'NONE', ( #2030 ), #62, .F. ) ;
#78 = CARTESIAN_POINT ( 'NONE',  ( 204.8294109387125843, 34.49213472621413956, -95.62190501825732269 ) ) ;
#79 = AXIS2_PLACEMENT_3D ( 'NONE', #3079, #1361, #2437 ) ;
#80 = FACE_OUTER_BOUND ( 'NONE', #2016, .T. ) ;
#81 = VERTEX_POINT ( 'NONE', #1190 ) ;
#82 = CARTESIAN_POINT ( 'NONE',  ( 215.7596123864850313, 20.48823967950836078, -20.00000000007673862 ) ) ;
#83 = FACE_OUTER_BOUND ( 'NONE', #2494, .T. ) ;
#84 = CARTESIAN_POINT ( 'NONE',  ( 186.2153797958790165, 49.99999999994088284, -99.04874196602472125 ) ) ;
#85 = CIRCLE ( 'NONE', #2627, 5.000000000000000888 ) ;
#86 = LINE ( 'NONE', #2971, #1484 ) ;
#87 = ORIENTED_EDGE ( 'NONE', *, *, #3333, .F. ) ;
#88 = CARTESIAN_POINT ( 'NONE',  ( 193.6014379436492732, 19.99999999999871036, -20.00000000007675283 ) ) ;
#89 = ORIENTED_EDGE ( 'NONE', *, *, #3432, .T. ) ;
#90 = CARTESIAN_POINT ( 'NONE',  ( 215.7596123861564195, 20.00000000003865352, -138.2565235342464121 ) ) ;
#91 = CARTESIAN_POINT ( 'NONE',  ( 2.449293598294706414E-16, 2.000000000000000000, -4.000000000000000000 ) ) ;
#92 = CARTESIAN_POINT ( 'NONE',  ( 203.3674245104924410, 12.88309989983567050, -95.87969267098212356 ) ) ;
#93 = SURFACE_STYLE_USAGE ( .BOTH. , #2299 ) ;
#94 = VERTEX_POINT ( 'NONE', #3477 ) ;
#95 = AXIS2_PLACEMENT_3D ( 'NONE', #2487, #1648, #1856 ) ;
#96 = CARTESIAN_POINT ( 'NONE',  ( 208.4200428093855351, 32.97236093798582601, -20.00000000007671375 ) ) ;
#97 = AXIS2_PLACEMENT_3D ( 'NONE', #2677, #3412, #2241 ) ;
#98 = DIRECTION ( 'NONE',  ( 0.000000000000000000, -1.000000000000000000, 0.000000000000000000 ) ) ;
#99 = CARTESIAN_POINT ( 'NONE',  ( 215.7596123864777837, 20.00000000003865352, -20.00000000007674217 ) ) ;
#100 = CARTESIAN_POINT ( 'NONE',  ( 1.306870341775871580, 0.7614164757527398519, 4.866863121962472505 ) ) ;
#101 = FACE_OUTER_BOUND ( 'NONE', #860, .T. ) ;
#102 = AXIS2_PLACEMENT_3D ( 'NONE', #2885, #2758, #1176 ) ;
#103 = ORIENTED_EDGE ( 'NONE', *, *, #2275, .F. ) ;
#104 = SHAPE_REPRESENTATION ( 'Chassis', ( #3086 ), #3200 ) ;
#105 = DIRECTION ( 'NONE',  ( 0.000000000000000000, 0.000000000000000000, 1.000000000000000000 ) ) ;
#106 = EDGE_LOOP ( 'NONE', ( #140, #2329, #1789, #398 ) ) ;
#107 = ADVANCED_FACE ( 'NONE', ( #3491 ), #3008, .F. ) ;
#108 = CARTESIAN_POINT ( 'NONE',  ( 40.00000000000000000, 12.00000000000000000, -4.000000000000000888 ) ) ;
#109 = CARTESIAN_POINT ( 'NONE',  ( 200.0137350597333636, 27.45092724578416821, -80.00000000007672440 ) ) ;
#110 = CARTESIAN_POINT ( 'NONE',  ( 24.99999999997970690, 10.00000000000000000, -5.836418453132533294E-15 ) ) ;
#111 = DIRECTION ( 'NONE',  ( -1.000000000000000000, 0.000000000000000000, 0.000000000000000000 ) ) ;
#112 = ORIENTED_EDGE ( 'NONE', *, *, #2046, .F. ) ;
#113 = CARTESIAN_POINT ( 'NONE',  ( 2.369138637566336580, 10.81505689388413316, 4.403673215483849823 ) ) ;
#114 = VECTOR ( 'NONE', #1861, 1000.000000000000000 ) ;
#115 = LINE ( 'NONE', #2374, #354 ) ;
#116 = CARTESIAN_POINT ( 'NONE',  ( 208.3735542387981354, 19.99999999999982236, -80.00000000007662493 ) ) ;
#117 = CARTESIAN_POINT ( 'NONE',  ( 208.3735542389376576, 19.99999999999999645, -22.71033286348166058 ) ) ;
#118 = AXIS2_PLACEMENT_3D ( 'NONE', #1692, #2836, #1674 ) ;
#119 = ORIENTED_EDGE ( 'NONE', *, *, #779, .T. ) ;
#120 = CARTESIAN_POINT ( 'NONE',  ( 200.5015324481514369, 27.50004273715109449, -20.00000000007674927 ) ) ;
#121 = ADVANCED_FACE ( 'NONE', ( #2904 ), #2882, .F. ) ;
#122 = EDGE_LOOP ( 'NONE', ( #953, #1813, #1139, #3294, #1038, #1321, #87, #1279 ) ) ;
#123 = AXIS2_PLACEMENT_3D ( 'NONE', #2386, #1793, #1468 ) ;
#124 = APPLICATION_CONTEXT ( 'automotive_design' ) ;
#125 = CARTESIAN_POINT ( 'NONE',  ( 0.000000000000000000, 2.500000000000000000, 7.000000000000000000 ) ) ;
#126 = AXIS2_PLACEMENT_3D ( 'NONE', #716, #3332, #2985 ) ;
#127 = FACE_OUTER_BOUND ( 'NONE', #3402, .T. ) ;
#128 = AXIS2_PLACEMENT_3D ( 'NONE', #1085, #2229, #3319 ) ;
#129 = CARTESIAN_POINT ( 'NONE',  ( 186.2153797960712609, 49.99999999994087574, -20.11342436644777010 ) ) ;
#130 = ORIENTED_EDGE ( 'NONE', *, *, #1516, .T. ) ;
#131 = CARTESIAN_POINT ( 'NONE',  ( 200.0146587673837928, 35.00002705119554491, -20.00000000007674927 ) ) ;
#132 = CARTESIAN_POINT ( 'NONE',  ( 1.984638188030389827, 11.52878583620627317, 4.590313865678166572 ) ) ;
#133 = FACE_OUTER_BOUND ( 'NONE', #1102, .T. ) ;
#134 = CARTESIAN_POINT ( 'NONE',  ( -0.3311419820765622024, 7.516504284595867169, 4.991687326893457843 ) ) ;
#135 = EDGE_CURVE ( 'NONE', #999, #3178, #3365, .T. ) ;
#136 = CARTESIAN_POINT ( 'NONE',  ( 215.7596123863404785, 20.00000000003865352, -79.85531896252625472 ) ) ;
#137 = CARTESIAN_POINT ( 'NONE',  ( 24.99999999997970335, 10.00000000000000000, -70.00000000015346302 ) ) ;
#138 = ADVANCED_FACE ( 'NONE', ( #2047 ), #358, .F. ) ;
#139 = ADVANCED_FACE ( 'NONE', ( #2621, #83 ), #2097, .F. ) ;
#140 = ORIENTED_EDGE ( 'NONE', *, *, #3638, .T. ) ;
#141 = CARTESIAN_POINT ( 'NONE',  ( 208.1406901936991858, 21.93098124440453134, -20.00000000007674572 ) ) ;
#142 = ORIENTED_EDGE ( 'NONE', *, *, #2083, .F. ) ;
#143 =( NAMED_UNIT ( * ) SI_UNIT ( $, .STERADIAN. ) SOLID_ANGLE_UNIT ( ) );
#144 = ORIENTED_EDGE ( 'NONE', *, *, #557, .T. ) ;
#145 = CARTESIAN_POINT ( 'NONE',  ( -4.000000000000000000, 2.000000000000000000, -13.85640646055101932 ) ) ;
#146 = CARTESIAN_POINT ( 'NONE',  ( 36.00000000000000000, 10.49999999999999822, 2.133577508925793024E-15 ) ) ;
#147 = EDGE_CURVE ( 'NONE', #195, #3187, #696, .T. ) ;
#148 = LINE ( 'NONE', #2441, #3524 ) ;
#149 = ORIENTED_EDGE ( 'NONE', *, *, #922, .F. ) ;
#150 = CARTESIAN_POINT ( 'NONE',  ( 195.7469079761442288, 34.03304285534835572, -20.00000000007673151 ) ) ;
#151 = CARTESIAN_POINT ( 'NONE',  ( 1.529827772139817021, 11.98390749380352460, 4.762272014233544404 ) ) ;
#152 = DIRECTION ( 'NONE',  ( 0.000000000000000000, -1.000000000000000000, 0.000000000000000000 ) ) ;
#153 = CARTESIAN_POINT ( 'NONE',  ( -0.3332490247102191661, 12.48323920438057399, 4.991558521926721781 ) ) ;
#154 = CARTESIAN_POINT ( 'NONE',  ( -2.029279522197668939E-11, -7.081411840863474200E-31, -100.0000000001534772 ) ) ;
#155 = VECTOR ( 'NONE', #1476, 1000.000000000000000 ) ;
#156 = ORIENTED_EDGE ( 'NONE', *, *, #512, .F. ) ;
#157 = LINE ( 'NONE', #3594, #3278 ) ;
#158 = VERTEX_POINT ( 'NONE', #1851 ) ;
#159 = PRODUCT_DEFINITION_SHAPE ( 'NONE', 'NONE',  #2663 ) ;
#160 = VECTOR ( 'NONE', #328, 1000.000000000000114 ) ;
#161 = ORIENTED_EDGE ( 'NONE', *, *, #327, .T. ) ;
#162 = ADVANCED_FACE ( 'NONE', ( #133 ), #168, .T. ) ;
#163 = CARTESIAN_POINT ( 'NONE',  ( 0.000000000000000000, 0.000000000000000000, 0.000000000000000000 ) ) ;
#164 = DIRECTION ( 'NONE',  ( 2.699885895008390934E-32, -1.000000000000000000, -1.156482317317871725E-16 ) ) ;
#165 = VERTEX_POINT ( 'NONE', #2444 ) ;
#166 =( NAMED_UNIT ( * ) PLANE_ANGLE_UNIT ( ) SI_UNIT ( $, .RADIAN. ) );
#167 = CARTESIAN_POINT ( 'NONE',  ( 2.483052435257211421, 10.33431012759424839, 4.340030773391339913 ) ) ;
#168 = PLANE ( 'NONE',  #1104 ) ;
#169 = CARTESIAN_POINT ( 'NONE',  ( -4.000000000000000000, 2.001000000000000334, -13.85640646055101932 ) ) ;
#170 = DIRECTION ( 'NONE',  ( 0.000000000000000000, 0.000000000000000000, 1.000000000000000000 ) ) ;
#171 =( REPRESENTATION_RELATIONSHIP ('NONE','NONE', #1973, #2372 ) REPRESENTATION_RELATIONSHIP_WITH_TRANSFORMATION ( #3351 )SHAPE_REPRESENTATION_RELATIONSHIP( ) );
#172 = EDGE_LOOP ( 'NONE', ( #1893, #3504, #1880, #2799 ) ) ;
#173 = CARTESIAN_POINT ( 'NONE',  ( 24.99999999997970335, 20.99999999999999289, -27.00000000000000711 ) ) ;
#174 = ORIENTED_EDGE ( 'NONE', *, *, #251, .F. ) ;
#175 = DIRECTION ( 'NONE',  ( 1.000000000000000000, 0.000000000000000000, 0.000000000000000000 ) ) ;
#176 = ORIENTED_EDGE ( 'NONE', *, *, #1687, .T. ) ;
#177 = DIRECTION ( 'NONE',  ( 0.000000000000000000, 0.000000000000000000, 1.000000000000000000 ) ) ;
#178 = ADVANCED_FACE ( 'NONE', ( #1256 ), #1867, .T. ) ;
#179 = FACE_OUTER_BOUND ( 'NONE', #1284, .T. ) ;
#180 = AXIS2_PLACEMENT_3D ( 'NONE', #1982, #1939, #2517 ) ;
#181 = CARTESIAN_POINT ( 'NONE',  ( 4.000000000000000888, 0.000000000000000000, -13.85640646055101932 ) ) ;
#182 = AXIS2_PLACEMENT_3D ( 'NONE', #1048, #3322, #778 ) ;
#183 = DIRECTION ( 'NONE',  ( -0.000000000000000000, 1.000000000000000000, -1.224646799147352714E-16 ) ) ;
#184 = ORIENTED_EDGE ( 'NONE', *, *, #2960, .T. ) ;
#185 = CARTESIAN_POINT ( 'NONE',  ( 0.000000000000000000, 0.000000000000000000, 20.00000000000000000 ) ) ;
#186 = VECTOR ( 'NONE', #528, 1000.000000000000000 ) ;
#187 = CARTESIAN_POINT ( 'NONE',  ( -0.2015144382132022516, -1.489760622579745286, 4.506182037941194096 ) ) ;
#188 = LINE ( 'NONE', #2205, #2283 ) ;
#189 = AXIS2_PLACEMENT_3D ( 'NONE', #3085, #1342, #540 ) ;
#190 = FACE_OUTER_BOUND ( 'NONE', #1802, .T. ) ;
#191 = ORIENTED_EDGE ( 'NONE', *, *, #516, .T. ) ;
#192 = DIRECTION ( 'NONE',  ( -0.9848077530122072432, 0.000000000000000000, 0.1736481776669347166 ) ) ;
#193 = ORIENTED_EDGE ( 'NONE', *, *, #3084, .F. ) ;
#194 = APPLICATION_CONTEXT ( 'automotive_design' ) ;
#195 = VERTEX_POINT ( 'NONE', #442 ) ;
#196 = AXIS2_PLACEMENT_3D ( 'NONE', #395, #682, #3207 ) ;
#197 = EDGE_LOOP ( 'NONE', ( #1673, #1933 ) ) ;
#198 = CARTESIAN_POINT ( 'NONE',  ( 2.500000000000001776, 10.00000000000000000, 4.330127018922191873 ) ) ;
#199 = CARTESIAN_POINT ( 'NONE',  ( 199.0734990247909764, 27.26039602506552484, -96.63682758726301358 ) ) ;
#200 = LINE ( 'NONE', #1879, #3411 ) ;
#201 = VERTEX_POINT ( 'NONE', #1580 ) ;
#202 = FILL_AREA_STYLE_COLOUR ( '', #1890 ) ;
#203 = DIRECTION ( 'NONE',  ( 1.000000000000000000, 0.000000000000000000, -0.000000000000000000 ) ) ;
#204 = DIRECTION ( 'NONE',  ( -0.000000000000000000, -0.000000000000000000, -1.000000000000000000 ) ) ;
#205 = CARTESIAN_POINT ( 'NONE',  ( 12.49999999997970157, 20.99999999999999645, -15.00000000000000000 ) ) ;
#206 = EDGE_CURVE ( 'NONE', #2981, #1046, #2168, .T. ) ;
#207 = ORIENTED_EDGE ( 'NONE', *, *, #3450, .T. ) ;
#208 = CARTESIAN_POINT ( 'NONE',  ( 12.49999999997970157, 5.999999999999996447, -15.00000000000000000 ) ) ;
#209 = VERTEX_POINT ( 'NONE', #1015 ) ;
#210 = AXIS2_PLACEMENT_3D ( 'NONE', #2415, #481, #1065 ) ;
#211 = DIRECTION ( 'NONE',  ( 1.000000000000000000, 0.000000000000000000, 0.000000000000000000 ) ) ;
#212 = EDGE_LOOP ( 'NONE', ( #2570, #1576, #2036, #3445, #3067, #59, #3226 ) ) ;
#213 = VECTOR ( 'NONE', #1114, 1000.000000000000114 ) ;
#214 = VERTEX_POINT ( 'NONE', #947 ) ;
#215 = LINE ( 'NONE', #1457, #3176 ) ;
#216 = CARTESIAN_POINT ( 'NONE',  ( 197.7155873271873645, 26.74182674667341786, -96.87626405697020004 ) ) ;
#217 = EDGE_CURVE ( 'NONE', #913, #846, #1703, .T. ) ;
#218 = DIRECTION ( 'NONE',  ( 0.000000000000000000, 0.000000000000000000, 1.000000000000000000 ) ) ;
#219 = CARTESIAN_POINT ( 'NONE',  ( 210.0288601677507643, 31.87238996674472702, -80.00000000007676704 ) ) ;
#220 = VERTEX_POINT ( 'NONE', #1834 ) ;
#221 = CARTESIAN_POINT ( 'NONE',  ( 189.1404249713339425, 29.17250210617079276, -20.00000000007673506 ) ) ;
#222 = LINE ( 'NONE', #3097, #2245 ) ;
#223 = CONTEXT_DEPENDENT_SHAPE_REPRESENTATION ( #3339, #2707 ) ;
#224 = EDGE_CURVE ( 'NONE', #81, #2800, #745, .T. ) ;
#225 = FACE_OUTER_BOUND ( 'NONE', #3073, .T. ) ;
#226 = CARTESIAN_POINT ( 'NONE',  ( 0.000000000000000000, -2.501999999999999780, 7.000000000000000000 ) ) ;
#227 = ORIENTED_EDGE ( 'NONE', *, *, #789, .T. ) ;
#228 = CARTESIAN_POINT ( 'NONE',  ( 208.3735542389811144, 35.00000000010987833, -5.003022934721093051 ) ) ;
#229 = ORIENTED_EDGE ( 'NONE', *, *, #2343, .F. ) ;
#230 = DIRECTION ( 'NONE',  ( 4.076040627368633325E-12, 0.000000000000000000, 1.000000000000000000 ) ) ;
#231 = ORIENTED_EDGE ( 'NONE', *, *, #2911, .T. ) ;
#232 = COLOUR_RGB ( '',0.7921568627450980005, 0.8196078431372548767, 0.9333333333333333481 ) ;
#233 = DIRECTION ( 'NONE',  ( -0.000000000000000000, -1.000000000000000000, -0.000000000000000000 ) ) ;
#234 = ORIENTED_EDGE ( 'NONE', *, *, #2630, .F. ) ;
#235 = DIRECTION ( 'NONE',  ( 0.000000000000000000, -1.156482317317871725E-16, -1.000000000000000000 ) ) ;
#236 = LINE ( 'NONE', #2274, #2857 ) ;
#237 = CIRCLE ( 'NONE', #118, 2.000000000000000000 ) ;
#238 = CARTESIAN_POINT ( 'NONE',  ( 205.7717118077548264, 34.20011513971356010, -80.00000000007673862 ) ) ;
#239 = EDGE_LOOP ( 'NONE', ( #2212, #2118, #3116, #2977 ) ) ;
#240 = CARTESIAN_POINT ( 'NONE',  ( 215.7596123864777837, 20.00000000003865352, -80.00000000007673862 ) ) ;
#241 = DIRECTION ( 'NONE',  ( -0.000000000000000000, -1.000000000000000000, -0.000000000000000000 ) ) ;
#242 = CARTESIAN_POINT ( 'NONE',  ( -2.029279522197668939E-11, 13.00000000000000178, -100.0000000001534772 ) ) ;
#243 = CARTESIAN_POINT ( 'NONE',  ( 24.99999999997970335, 13.00000000000000178, -73.00000000015346302 ) ) ;
#244 = CARTESIAN_POINT ( 'NONE',  ( 201.9636542064479556, 12.50023034770807051, -20.00000000007674927 ) ) ;
#245 = ORIENTED_EDGE ( 'NONE', *, *, #1899, .T. ) ;
#246 = EDGE_CURVE ( 'NONE', #10, #2127, #290, .T. ) ;
#247 = CARTESIAN_POINT ( 'NONE',  ( -0.6739290908882478170, 1.343666081348178443, 4.590756751449630357 ) ) ;
#248 = VERTEX_POINT ( 'NONE', #3291 ) ;
#249 = CARTESIAN_POINT ( 'NONE',  ( 541.2388138766441443, 1012.773007534861790, 1232.974611754866828 ) ) ;
#250 = PRODUCT_DEFINITION_SHAPE ( 'NONE', 'NONE',  #3662 ) ;
#251 = EDGE_CURVE ( 'NONE', #2609, #625, #2655, .T. ) ;
#252 = ORIENTED_EDGE ( 'NONE', *, *, #3623, .F. ) ;
#253 = FACE_OUTER_BOUND ( 'NONE', #2435, .T. ) ;
#254 = FACE_OUTER_BOUND ( 'NONE', #1338, .T. ) ;
#255 = DIRECTION ( 'NONE',  ( -2.312964634635742957E-16, -1.156482317317871478E-16, 1.000000000000000000 ) ) ;
#256 = EDGE_LOOP ( 'NONE', ( #3043, #1736, #3575, #1440 ) ) ;
#257 = CARTESIAN_POINT ( 'NONE',  ( -437710.6489598476328, 10.00000000000000000, 77211.93601156142540 ) ) ;
#258 = LINE ( 'NONE', #3372, #814 ) ;
#259 = CARTESIAN_POINT ( 'NONE',  ( -2.243056629538937585, 11.11585472410993525, 4.469195550069935408 ) ) ;
#260 = DIRECTION ( 'NONE',  ( 2.435297185593389810E-12, -0.000000000000000000, 1.000000000000000000 ) ) ;
#261 = UNCERTAINTY_MEASURE_WITH_UNIT (LENGTH_MEASURE( 1.000000000000000082E-05 ), #1753, 'distance_accuracy_value', 'NONE');
#262 = ORIENTED_EDGE ( 'NONE', *, *, #1700, .T. ) ;
#263 = CARTESIAN_POINT ( 'NONE',  ( -1.500000000000000222, 0.000000000000000000, 4.999999999999999112 ) ) ;
#264 = DIRECTION ( 'NONE',  ( 0.9985235905970792913, -1.995220132476986815E-19, -0.05431978480366480427 ) ) ;
#265 = ORIENTED_EDGE ( 'NONE', *, *, #2456, .F. ) ;
#266 = DIRECTION ( 'NONE',  ( 0.000000000000000000, 0.000000000000000000, 1.000000000000000000 ) ) ;
#267 = ORIENTED_EDGE ( 'NONE', *, *, #436, .F. ) ;
#268 = AXIS2_PLACEMENT_3D ( 'NONE', #1194, #2683, #380 ) ;
#269 = CARTESIAN_POINT ( 'NONE',  ( -437733.1776311434223, 0.000000000000000000, 77084.16956762371410 ) ) ;
#270 = PLANE ( 'NONE',  #182 ) ;
#271 = FILL_AREA_STYLE_COLOUR ( '', #232 ) ;
#272 = EDGE_CURVE ( 'NONE', #560, #466, #115, .T. ) ;
#273 = CARTESIAN_POINT ( 'NONE',  ( 210.7747498637021693, 31.24601815618081346, -80.00000000007676704 ) ) ;
#274 = EDGE_LOOP ( 'NONE', ( #1557, #2795 ) ) ;
#275 = VECTOR ( 'NONE', #3545, 1000.000000000000000 ) ;
#276 = DIRECTION ( 'NONE',  ( 2.312964634635742957E-16, 1.156482317317871478E-16, 1.000000000000000000 ) ) ;
#277 = PLANE ( 'NONE',  #524 ) ;
#278 = CARTESIAN_POINT ( 'NONE',  ( 186.2153797958320069, 19.99999999998181366, -133.0470782042586961 ) ) ;
#279 = EDGE_CURVE ( 'NONE', #2452, #2018, #3302, .T. ) ;
#280 = CARTESIAN_POINT ( 'NONE',  ( 36.00000000000000711, 11.99999999999999822, 3.999999999999999112 ) ) ;
#281 = CARTESIAN_POINT ( 'NONE',  ( 12.49999999997970157, 5.999999999999996447, -90.00000000015349144 ) ) ;
#282 = ORIENTED_EDGE ( 'NONE', *, *, #391, .F. ) ;
#283 = FACE_OUTER_BOUND ( 'NONE', #837, .T. ) ;
#284 = DIRECTION ( 'NONE',  ( 0.1249383056870190106, 1.713039432527097252E-16, 0.9921645124534825833 ) ) ;
#285 = ORIENTED_EDGE ( 'NONE', *, *, #2022, .T. ) ;
#286 = DIRECTION ( 'NONE',  ( -0.000000000000000000, -1.000000000000000000, -0.000000000000000000 ) ) ;
#287 = VECTOR ( 'NONE', #301, 1000.000000000000000 ) ;
#288 = VERTEX_POINT ( 'NONE', #1541 ) ;
#289 = CARTESIAN_POINT ( 'NONE',  ( 1.500000000000000222, 1.836970198721030181E-16, 5.000000000000000000 ) ) ;
#290 = CIRCLE ( 'NONE', #1947, 1.500000000000000444 ) ;
#291 = EDGE_CURVE ( 'NONE', #2025, #2822, #3490, .T. ) ;
#292 = EDGE_CURVE ( 'NONE', #1265, #2792, #713, .T. ) ;
#293 = CARTESIAN_POINT ( 'NONE',  ( 196.2038937434383001, 34.20033717047286359, -80.00000000007676704 ) ) ;
#294 = VECTOR ( 'NONE', #233, 1000.000000000000000 ) ;
#295 = CARTESIAN_POINT ( 'NONE',  ( 2.500000000000002220, 9.834279348637389617, 4.330127018922190985 ) ) ;
#296 = ADVANCED_FACE ( 'NONE', ( #2463 ), #1311, .F. ) ;
#297 = CARTESIAN_POINT ( 'NONE',  ( 197.1725214136527882, 34.49946123207153192, -96.97202122982940864 ) ) ;
#298 = CARTESIAN_POINT ( 'NONE',  ( -4.000000000000000000, 2.000000000000000000, -13.85640646055101932 ) ) ;
#299 = CARTESIAN_POINT ( 'NONE',  ( -2.029973411588059662E-11, 20.99999999999999289, -27.00000000000000000 ) ) ;
#300 = CIRCLE ( 'NONE', #1409, 5.000000000000004441 ) ;
#301 = DIRECTION ( 'NONE',  ( 1.000000000000000000, -0.000000000000000000, -2.334567381254908161E-16 ) ) ;
#302 = LINE ( 'NONE', #2285, #1443 ) ;
#303 = AXIS2_PLACEMENT_3D ( 'NONE', #1348, #3092, #11 ) ;
#304 = APPLICATION_PROTOCOL_DEFINITION ( 'draft international standard', 'automotive_design', 1998, #194 ) ;
#305 = PRODUCT_DEFINITION_CONTEXT ( 'detailed design', #124, 'design' ) ;
#306 = AXIS2_PLACEMENT_3D ( 'NONE', #1972, #522, #1067 ) ;
#307 = VERTEX_POINT ( 'NONE', #2787 ) ;
#308 = FACE_BOUND ( 'NONE', #1705, .T. ) ;
#309 = ORIENTED_EDGE ( 'NONE', *, *, #3264, .F. ) ;
#310 = CYLINDRICAL_SURFACE ( 'NONE', #1051, 4.000000000000000000 ) ;
#311 = CARTESIAN_POINT ( 'NONE',  ( 12.49999999997970157, 5.999999999999996447, -20.00000000000000000 ) ) ;
#312 = CARTESIAN_POINT ( 'NONE',  ( 12.49999999997970157, 20.99999999999999645, -90.00000000015349144 ) ) ;
#313 = DIRECTION ( 'NONE',  ( -1.000000000000000000, 0.000000000000000000, 0.000000000000000000 ) ) ;
#314 = CARTESIAN_POINT ( 'NONE',  ( 36.00000000000000000, 20.00000000000000000, 4.193561636648251448E-15 ) ) ;
#315 = ORIENTED_EDGE ( 'NONE', *, *, #1805, .T. ) ;
#316 = FILL_AREA_STYLE_COLOUR ( '', #1572 ) ;
#317 = AXIS2_PLACEMENT_3D ( 'NONE', #1133, #1377, #2301 ) ;
#318 = CARTESIAN_POINT ( 'NONE',  ( -337992.9660725302529, 10.00000000000000000, -59729.01806479683000 ) ) ;
#319 = EDGE_CURVE ( 'NONE', #2672, #2414, #1173, .T. ) ;
#320 = DIRECTION ( 'NONE',  ( 0.000000000000000000, 1.000000000000000000, 0.000000000000000000 ) ) ;
#321 = EDGE_CURVE ( 'NONE', #4, #2237, #1599, .T. ) ;
#322 = PRODUCT_CONTEXT ( 'NONE', #3597, 'mechanical' ) ;
#323 = EDGE_LOOP ( 'NONE', ( #2942, #2805, #728, #2684 ) ) ;
#324 = DIRECTION ( 'NONE',  ( -0.000000000000000000, -1.000000000000000000, -0.000000000000000000 ) ) ;
#325 = ORIENTED_EDGE ( 'NONE', *, *, #1700, .F. ) ;
#326 = DIRECTION ( 'NONE',  ( 1.000000000000000000, 0.000000000000000000, 0.000000000000000000 ) ) ;
#327 = EDGE_CURVE ( 'NONE', #2174, #1914, #2765, .T. ) ;
#328 = DIRECTION ( 'NONE',  ( 0.5000000000000043299, 0.000000000000000000, 0.8660254037844361541 ) ) ;
#329 = LINE ( 'NONE', #1518, #1721 ) ;
#330 = VECTOR ( 'NONE', #3492, 1000.000000000000000 ) ;
#331 = EDGE_CURVE ( 'NONE', #1372, #2672, #1393, .T. ) ;
#332 = CARTESIAN_POINT ( 'NONE',  ( 198.6067629072094576, 12.88336440845064423, -96.71912575766373266 ) ) ;
#333 = AXIS2_PLACEMENT_3D ( 'NONE', #1919, #509, #821 ) ;
#334 = PLANE ( 'NONE',  #734 ) ;
#335 = ORIENTED_EDGE ( 'NONE', *, *, #1310, .F. ) ;
#336 = SURFACE_STYLE_FILL_AREA ( #2620 ) ;
#337 = CARTESIAN_POINT ( 'NONE',  ( 12.49999999997970157, 5.999999999999996447, -15.00000000000000000 ) ) ;
#338 = VECTOR ( 'NONE', #2233, 999.9999999999998863 ) ;
#339 = VECTOR ( 'NONE', #54, 1000.000000000000000 ) ;
#340 = DIRECTION ( 'NONE',  ( 0.000000000000000000, 1.000000000000000000, 0.000000000000000000 ) ) ;
#341 = CARTESIAN_POINT ( 'NONE',  ( -2.500000000000001776, 10.00000000000000000, 40.00000000000000000 ) ) ;
#342 = CARTESIAN_POINT ( 'NONE',  ( 0.000000000000000000, 2.000000000000000000, 0.000000000000000000 ) ) ;
#343 = APPLICATION_PROTOCOL_DEFINITION ( 'draft international standard', 'automotive_design', 1998, #2659 ) ;
#344 = ORIENTED_EDGE ( 'NONE', *, *, #2950, .T. ) ;
#345 = LINE ( 'NONE', #3384, #3543 ) ;
#346 = EDGE_CURVE ( 'NONE', #1653, #651, #3589, .T. ) ;
#347 = ORIENTED_EDGE ( 'NONE', *, *, #3015, .F. ) ;
#348 = CARTESIAN_POINT ( 'NONE',  ( 196.0866606166432007, 14.36733979497645741, -20.00000000007677059 ) ) ;
#349 =( LENGTH_UNIT ( ) NAMED_UNIT ( * ) SI_UNIT ( .MILLI., .METRE. ) );
#350 = CARTESIAN_POINT ( 'NONE',  ( 180.0000000000636646, 10.00000000000000000, -99.99999999998721023 ) ) ;
#351 = DIRECTION ( 'NONE',  ( -0.000000000000000000, 1.000000000000000000, -0.000000000000000000 ) ) ;
#352 = CLOSED_SHELL ( 'NONE', ( #382, #2351, #2129, #121 ) ) ;
#353 = CARTESIAN_POINT ( 'NONE',  ( 192.3847148858577611, 32.20380953257256351, -97.81624069909180719 ) ) ;
#354 = VECTOR ( 'NONE', #2675, 1000.000000000000000 ) ;
#355 = DIRECTION ( 'NONE',  ( -5.999746433351979610E-32, 1.000000000000000000, -2.569960705150825398E-16 ) ) ;
#356 = EDGE_LOOP ( 'NONE', ( #1930, #3103 ) ) ;
#357 = VECTOR ( 'NONE', #286, 1000.000000000000000 ) ;
#358 = PLANE ( 'NONE',  #640 ) ;
#359 = CYLINDRICAL_SURFACE ( 'NONE', #1142, 4.000000000000000000 ) ;
#360 = DIRECTION ( 'NONE',  ( 0.000000000000000000, 1.000000000000000000, 0.000000000000000000 ) ) ;
#361 = ADVANCED_FACE ( 'NONE', ( #3019 ), #277, .F. ) ;
#362 = ORIENTED_EDGE ( 'NONE', *, *, #1631, .T. ) ;
#363 = AXIS2_PLACEMENT_3D ( 'NONE', #146, #1287, #994 ) ;
#364 = CARTESIAN_POINT ( 'NONE',  ( 201.9623287221389489, 27.45080083914046654, -20.00000000007673151 ) ) ;
#365 = ORIENTED_EDGE ( 'NONE', *, *, #3060, .T. ) ;
#366 = VECTOR ( 'NONE', #1389, 1000.000000000000000 ) ;
#367 = AXIS2_PLACEMENT_3D ( 'NONE', #2248, #230, #1322 ) ;
#368 = DIRECTION ( 'NONE',  ( 0.000000000000000000, 0.000000000000000000, 1.000000000000000000 ) ) ;
#369 = DIRECTION ( 'NONE',  ( 1.000000000000000000, 0.000000000000000000, -0.000000000000000000 ) ) ;
#370 = CARTESIAN_POINT ( 'NONE',  ( 208.1813730230580575, 18.03680098622535866, -95.03086366447536193 ) ) ;
#371 =( LENGTH_UNIT ( ) NAMED_UNIT ( * ) SI_UNIT ( .MILLI., .METRE. ) );
#372 = VERTEX_POINT ( 'NONE', #534 ) ;
#373 = CARTESIAN_POINT ( 'NONE',  ( 208.8366516148532241, 32.71683250260632292, -20.00000000007677770 ) ) ;
#374 = DIRECTION ( 'NONE',  ( 2.334567381254908161E-16, -0.000000000000000000, 1.000000000000000000 ) ) ;
#375 = CARTESIAN_POINT ( 'NONE',  ( -0.1666858246784441999, 7.499999999999987566, 5.000000000000000888 ) ) ;
#376 = CARTESIAN_POINT ( 'NONE',  ( 36.00000000000000000, 20.00000000000000000, -1.499999999999999778 ) ) ;
#377 = CARTESIAN_POINT ( 'NONE',  ( 208.3735542389376860, 4.999999999892857261, -22.71033286348166058 ) ) ;
#378 = EDGE_CURVE ( 'NONE', #1858, #2267, #409, .T. ) ;
#379 = ORIENTED_EDGE ( 'NONE', *, *, #2039, .T. ) ;
#380 = DIRECTION ( 'NONE',  ( 1.000000000000000000, 0.000000000000000000, -0.000000000000000000 ) ) ;
#381 = ORIENTED_EDGE ( 'NONE', *, *, #3432, .F. ) ;
#382 = ADVANCED_FACE ( 'NONE', ( #2239 ), #3258, .T. ) ;
#383 =( REPRESENTATION_RELATIONSHIP ('NONE','NONE', #1973, #2372 ) REPRESENTATION_RELATIONSHIP_WITH_TRANSFORMATION ( #551 )SHAPE_REPRESENTATION_RELATIONSHIP( ) );
#384 = DIRECTION ( 'NONE',  ( 1.000000000000000000, -0.000000000000000000, -2.334567381254908161E-16 ) ) ;
#385 = CARTESIAN_POINT ( 'NONE',  ( 204.7111687412124752, 26.49582303708433173, -80.00000000007678125 ) ) ;
#386 = CARTESIAN_POINT ( 'NONE',  ( 3.000000000000000888, 10.49999999999999822, 3.999999999999998224 ) ) ;
#387 = SURFACE_STYLE_FILL_AREA ( #2093 ) ;
#388 = ORIENTED_EDGE ( 'NONE', *, *, #3451, .F. ) ;
#389 = CIRCLE ( 'NONE', #852, 32.00000000000000000 ) ;
#390 =( LENGTH_UNIT ( ) NAMED_UNIT ( * ) SI_UNIT ( .MILLI., .METRE. ) );
#391 = EDGE_CURVE ( 'NONE', #1550, #3263, #3241, .T. ) ;
#392 = AXIS2_PLACEMENT_3D ( 'NONE', #2336, #355, #660 ) ;
#393 = CARTESIAN_POINT ( 'NONE',  ( -0.7656703104080039290, -1.304765713569433938, 4.612859921383764217 ) ) ;
#394 = CARTESIAN_POINT ( 'NONE',  ( -1.500000000000000222, 0.000000000000000000, 0.000000000000000000 ) ) ;
#395 = CARTESIAN_POINT ( 'NONE',  ( 10.00000000000007816, 2.000000000000000000, -17.32050807568872841 ) ) ;
#396 = ADVANCED_BREP_SHAPE_REPRESENTATION ( '', ( #3004, #3086 ), #707 ) ;
#397 = AXIS2_PLACEMENT_3D ( 'NONE', #1285, #2961, #2945 ) ;
#398 = ORIENTED_EDGE ( 'NONE', *, *, #668, .T. ) ;
#399 = CARTESIAN_POINT ( 'NONE',  ( 201.9636542063007596, 12.50023034770791597, -80.00000000007675283 ) ) ;
#400 = ORIENTED_EDGE ( 'NONE', *, *, #2378, .F. ) ;
#401 = DIRECTION ( 'NONE',  ( 0.000000000000000000, 0.000000000000000000, 1.000000000000000000 ) ) ;
#402 = CARTESIAN_POINT ( 'NONE',  ( 0.000000000000000000, 10.00000000000000000, 40.00000000000000000 ) ) ;
#403 = EDGE_CURVE ( 'NONE', #2926, #1160, #258, .T. ) ;
#404 = CARTESIAN_POINT ( 'NONE',  ( 195.1150268523051921, 15.42472869802411495, -97.33481303365594783 ) ) ;
#405 = ORIENTED_EDGE ( 'NONE', *, *, #541, .T. ) ;
#406 = ADVANCED_FACE ( 'NONE', ( #825 ), #476, .F. ) ;
#407 = CARTESIAN_POINT ( 'NONE',  ( 204.8420236900026339, 34.48876498993035256, -20.00000000007671375 ) ) ;
#408 = EDGE_CURVE ( 'NONE', #1976, #1225, #222, .T. ) ;
#409 = CIRCLE ( 'NONE', #3129, 1.500000000000000222 ) ;
#410 = CARTESIAN_POINT ( 'NONE',  ( 0.000000000000000000, 0.000000000000000000, 0.000000000000000000 ) ) ;
#411 = DIRECTION ( 'NONE',  ( 2.435297185593389810E-12, -0.000000000000000000, 1.000000000000000000 ) ) ;
#412 = CARTESIAN_POINT ( 'NONE',  ( 208.3735542389808302, 4.999999999892857261, -5.003022934721034432 ) ) ;
#413 = VECTOR ( 'NONE', #2286, 1000.000000000000000 ) ;
#414 = VERTEX_POINT ( 'NONE', #1681 ) ;
#415 = CARTESIAN_POINT ( 'NONE',  ( 265.0000000001568878, 10.00000000000000000, -14.98779336024824715 ) ) ;
#416 = ORIENTED_EDGE ( 'NONE', *, *, #1719, .F. ) ;
#417 =( GEOMETRIC_REPRESENTATION_CONTEXT ( 3 ) GLOBAL_UNCERTAINTY_ASSIGNED_CONTEXT ( ( #615 ) ) GLOBAL_UNIT_ASSIGNED_CONTEXT ( ( #783, #166, #712 ) ) REPRESENTATION_CONTEXT ( 'NONE', 'WORKASPACE' ) );
#418 = ORIENTED_EDGE ( 'NONE', *, *, #3581, .F. ) ;
#419 = CARTESIAN_POINT ( 'NONE',  ( 10.00000000000007816, 2.000000000000000000, -17.32050807568872841 ) ) ;
#420 = CARTESIAN_POINT ( 'NONE',  ( 194.5335727894003526, 23.77696029429787927, -97.43733907298857844 ) ) ;
#421 = AXIS2_PLACEMENT_3D ( 'NONE', #3273, #733, #1869 ) ;
#422 = LINE ( 'NONE', #3033, #2459 ) ;
#423 = ORIENTED_EDGE ( 'NONE', *, *, #658, .F. ) ;
#424 = CARTESIAN_POINT ( 'NONE',  ( 2.241708953382390401, 11.11887291172990544, 4.469887766052385025 ) ) ;
#425 = CARTESIAN_POINT ( 'NONE',  ( -2.029973411588059662E-11, 20.99999999999999289, -73.00000000015346302 ) ) ;
#426 = FACE_BOUND ( 'NONE', #897, .T. ) ;
#427 = DIRECTION ( 'NONE',  ( -0.000000000000000000, 1.000000000000000000, -0.000000000000000000 ) ) ;
#428 = VERTEX_POINT ( 'NONE', #2748 ) ;
#429 = EDGE_CURVE ( 'NONE', #1819, #1160, #2923, .T. ) ;
#430 = ADVANCED_FACE ( 'NONE', ( #2596 ), #2043, .T. ) ;
#431 = LINE ( 'NONE', #1531, #2050 ) ;
#432 = ORIENTED_EDGE ( 'NONE', *, *, #3526, .T. ) ;
#433 = ORIENTED_EDGE ( 'NONE', *, *, #3148, .T. ) ;
#434 = DIRECTION ( 'NONE',  ( 0.000000000000000000, 1.000000000000000000, 0.000000000000000000 ) ) ;
#435 = CARTESIAN_POINT ( 'NONE',  ( 207.9972370415718217, 22.41402471940532948, -95.06333180613066247 ) ) ;
#436 = EDGE_CURVE ( 'NONE', #94, #2734, #2279, .T. ) ;
#437 = CARTESIAN_POINT ( 'NONE',  ( 215.7596123865196205, 20.00000000003865352, -6.305384267193399950 ) ) ;
#438 = CARTESIAN_POINT ( 'NONE',  ( 0.000000000000000000, 10.49999999999999822, 0.000000000000000000 ) ) ;
#439 = DIRECTION ( 'NONE',  ( 1.000000000000000000, 0.000000000000000000, 0.000000000000000000 ) ) ;
#440 = ORIENTED_EDGE ( 'NONE', *, *, #3352, .T. ) ;
#441 = CARTESIAN_POINT ( 'NONE',  ( 190.8421383458901630, 30.91385720852961683, -20.00000000007672440 ) ) ;
#442 = CARTESIAN_POINT ( 'NONE',  ( 12.49999999997970157, 20.99999999999999645, -20.00000000000000000 ) ) ;
#443 = CIRCLE ( 'NONE', #3345, 2.500000000000001332 ) ;
#444 = LINE ( 'NONE', #1600, #2399 ) ;
#445 = FACE_OUTER_BOUND ( 'NONE', #3151, .T. ) ;
#446 = VECTOR ( 'NONE', #3222, 1000.000000000000000 ) ;
#447 = ORIENTED_EDGE ( 'NONE', *, *, #2472, .F. ) ;
#448 = CARTESIAN_POINT ( 'NONE',  ( 215.7596123867051574, 10.00000000000000000, -80.00000000007673862 ) ) ;
#449 = ORIENTED_EDGE ( 'NONE', *, *, #1980, .F. ) ;
#450 = AXIS2_PLACEMENT_3D ( 'NONE', #552, #1665, #2504 ) ;
#451 = PRODUCT ( 'Demo', 'Demo', '', ( #3044 ) ) ;
#452 = ORIENTED_EDGE ( 'NONE', *, *, #53, .T. ) ;
#453 = EDGE_CURVE ( 'NONE', #3063, #704, #1212, .T. ) ;
#454 = CARTESIAN_POINT ( 'NONE',  ( 186.2153797959164478, 10.00000000001404210, -133.0470782042506244 ) ) ;
#455 = CARTESIAN_POINT ( 'NONE',  ( 200.5046876912973346, 27.50005973362719303, -96.38447041087371758 ) ) ;
#456 = CARTESIAN_POINT ( 'NONE',  ( 186.2153797961533428, 19.99999999998182787, -1.095938937185351403 ) ) ;
#457 = CARTESIAN_POINT ( 'NONE',  ( 24.99999999997970335, 9.999999999999996447, -30.00000000000000711 ) ) ;
#458 = VERTEX_POINT ( 'NONE', #1268 ) ;
#459 = CARTESIAN_POINT ( 'NONE',  ( 191.9465283031617844, 31.87269493114442653, -20.00000000007673151 ) ) ;
#460 = DIRECTION ( 'NONE',  ( -1.000000000000000000, 0.000000000000000000, 2.334567381254908161E-16 ) ) ;
#461 = DIRECTION ( 'NONE',  ( 1.000000000000000000, 0.000000000000000000, 0.000000000000000000 ) ) ;
#462 = LINE ( 'NONE', #2187, #2381 ) ;
#463 = AXIS2_PLACEMENT_3D ( 'NONE', #410, #2392, #3235 ) ;
#464 = ORIENTED_EDGE ( 'NONE', *, *, #894, .T. ) ;
#465 = CARTESIAN_POINT ( 'NONE',  ( 12.49999999997970157, 13.00000000000000178, -90.00000000015349144 ) ) ;
#466 = VERTEX_POINT ( 'NONE', #3249 ) ;
#467 = EDGE_LOOP ( 'NONE', ( #103, #3316 ) ) ;
#468 = ORIENTED_EDGE ( 'NONE', *, *, #3027, .F. ) ;
#469 = LINE ( 'NONE', #2741, #1023 ) ;
#470 = DIRECTION ( 'NONE',  ( -0.000000000000000000, 1.000000000000000000, 0.000000000000000000 ) ) ;
#471 = CIRCLE ( 'NONE', #1175, 32.00000000000000000 ) ;
#472 = CARTESIAN_POINT ( 'NONE',  ( 215.3868612308976367, 23.38371873944655377, -80.00000000007675283 ) ) ;
#473 = ORIENTED_EDGE ( 'NONE', *, *, #807, .T. ) ;
#474 = CARTESIAN_POINT ( 'NONE',  ( 6.123233995736765296E-16, 20.00000000000000000, 4.999999999999999112 ) ) ;
#475 = VECTOR ( 'NONE', #2502, 1000.000000000000000 ) ;
#476 = CYLINDRICAL_SURFACE ( 'NONE', #1400, 5.000000000000004441 ) ;
#477 = PRODUCT_DEFINITION_SHAPE ( 'NONE', 'NONE',  #3653 ) ;
#478 = DIRECTION ( 'NONE',  ( -0.000000000000000000, 1.000000000000000000, 0.000000000000000000 ) ) ;
#479 = DIRECTION ( 'NONE',  ( 0.000000000000000000, 5.782411586589358625E-16, -1.000000000000000000 ) ) ;
#480 = ORIENTED_EDGE ( 'NONE', *, *, #2472, .T. ) ;
#481 = DIRECTION ( 'NONE',  ( 0.000000000000000000, 1.000000000000000000, 0.000000000000000000 ) ) ;
#482 = ORIENTED_EDGE ( 'NONE', *, *, #2928, .T. ) ;
#483 = ADVANCED_FACE ( 'NONE', ( #659 ), #2092, .T. ) ;
#484 = ORIENTED_EDGE ( 'NONE', *, *, #1940, .T. ) ;
#485 = ORIENTED_EDGE ( 'NONE', *, *, #830, .T. ) ;
#486 = FACE_OUTER_BOUND ( 'NONE', #106, .T. ) ;
#487 =( LENGTH_UNIT ( ) NAMED_UNIT ( * ) SI_UNIT ( .MILLI., .METRE. ) );
#488 = CARTESIAN_POINT ( 'NONE',  ( 0.8154661022227157607, 12.36886005134321564, 4.935425033279029705 ) ) ;
#489 = DIRECTION ( 'NONE',  ( 0.000000000000000000, 0.000000000000000000, 1.000000000000000000 ) ) ;
#490 = VERTEX_POINT ( 'NONE', #386 ) ;
#491 = CARTESIAN_POINT ( 'NONE',  ( 186.2153797961066743, 20.48824142217987898, -20.00000000007674572 ) ) ;
#492 = DIRECTION ( 'NONE',  ( 0.000000000000000000, 0.000000000000000000, -1.000000000000000000 ) ) ;
#493 = CARTESIAN_POINT ( 'NONE',  ( -1.528985616901154199, 8.015410601007662450, 4.762554006381202854 ) ) ;
#494 = APPLICATION_CONTEXT ( 'automotive_design' ) ;
#495 = PLANE ( 'NONE',  #2939 ) ;
#496 = DIRECTION ( 'NONE',  ( -1.000000000000000000, 0.000000000000000000, 0.000000000000000000 ) ) ;
#497 = CARTESIAN_POINT ( 'NONE',  ( 208.3735542389442514, 19.51170821377588638, -20.00000000007673151 ) ) ;
#498 = EDGE_LOOP ( 'NONE', ( #1954, #1325 ) ) ;
#499 = LINE ( 'NONE', #1624, #1860 ) ;
#500 = ORIENTED_EDGE ( 'NONE', *, *, #2107, .T. ) ;
#501 = VECTOR ( 'NONE', #1836, 1000.000000000000000 ) ;
#502 = CARTESIAN_POINT ( 'NONE',  ( 551.8529751316066267, 1015.534512890552378, 1259.582490001077304 ) ) ;
#503 = ORIENTED_EDGE ( 'NONE', *, *, #941, .T. ) ;
#504 = EDGE_LOOP ( 'NONE', ( #1767, #1384, #775, #1481 ) ) ;
#505 = FACE_BOUND ( 'NONE', #1712, .T. ) ;
#506 = DIRECTION ( 'NONE',  ( -0.9848077530122071321, 0.000000000000000000, -0.1736481776669355770 ) ) ;
#507 = DIRECTION ( 'NONE',  ( -0.000000000000000000, 1.000000000000000000, -0.000000000000000000 ) ) ;
#508 = PRODUCT_DEFINITION_SHAPE ( 'NONE', 'NONE',  #3659 ) ;
#509 = DIRECTION ( 'NONE',  ( 0.000000000000000000, 0.000000000000000000, 1.000000000000000000 ) ) ;
#510 = ORIENTED_EDGE ( 'NONE', *, *, #869, .T. ) ;
#511 = LINE ( 'NONE', #2296, #933 ) ;
#512 = EDGE_CURVE ( 'NONE', #1372, #2816, #674, .T. ) ;
#513 = CARTESIAN_POINT ( 'NONE',  ( 188.1706404955098151, 27.52220924736198882, -98.55929571282274537 ) ) ;
#514 = LINE ( 'NONE', #278, #2367 ) ;
#515 = CYLINDRICAL_SURFACE ( 'NONE', #911, 1.500000000000003997 ) ;
#516 = EDGE_CURVE ( 'NONE', #686, #214, #1520, .T. ) ;
#517 = DIRECTION ( 'NONE',  ( -1.000000000000000000, -0.000000000000000000, -0.000000000000000000 ) ) ;
#518 = PRODUCT_DEFINITION_CONTEXT ( 'detailed design', #194, 'design' ) ;
#519 = VERTEX_POINT ( 'NONE', #1847 ) ;
#520 = CARTESIAN_POINT ( 'NONE',  ( 1.500000000000000222, 1.836970198721030181E-16, 0.000000000000000000 ) ) ;
#521 = VERTEX_POINT ( 'NONE', #997 ) ;
#522 = DIRECTION ( 'NONE',  ( -0.3346326034234506364, 1.535565251711629065E-16, -0.9423486725867682434 ) ) ;
#523 = ORIENTED_EDGE ( 'NONE', *, *, #2217, .T. ) ;
#524 = AXIS2_PLACEMENT_3D ( 'NONE', #3627, #2808, #203 ) ;
#525 = ADVANCED_FACE ( 'NONE', ( #1501 ), #1080, .T. ) ;
#526 = ORIENTED_EDGE ( 'NONE', *, *, #3396, .T. ) ;
#527 = CARTESIAN_POINT ( 'NONE',  ( 0.000000000000000000, 2.001000000000000334, -6.000000000000000000 ) ) ;
#528 = DIRECTION ( 'NONE',  ( 0.000000000000000000, -1.000000000000000000, -5.782411586589358625E-16 ) ) ;
#529 = CARTESIAN_POINT ( 'NONE',  ( 1.115681787891031229, 12.24315337302030215, 4.876336675329124404 ) ) ;
#530 = DIRECTION ( 'NONE',  ( -0.000000000000000000, 1.000000000000000000, 2.168404344971008868E-16 ) ) ;
#531 = VERTEX_POINT ( 'NONE', #1574 ) ;
#532 = CYLINDRICAL_SURFACE ( 'NONE', #2432, 5.000000000000004441 ) ;
#533 = CIRCLE ( 'NONE', #3018, 4.999999999999999112 ) ;
#534 = CARTESIAN_POINT ( 'NONE',  ( 5.684341886080801487E-11, 10.00000000000000000, 0.000000000000000000 ) ) ;
#535 = FACE_BOUND ( 'NONE', #920, .T. ) ;
#536 = DIRECTION ( 'NONE',  ( -5.999746433351979610E-32, 1.000000000000000000, -2.569960705150825398E-16 ) ) ;
#537 = AXIS2_PLACEMENT_3D ( 'NONE', #3563, #989, #2155 ) ;
#538 = ORIENTED_EDGE ( 'NONE', *, *, #1309, .F. ) ;
#539 = CARTESIAN_POINT ( 'NONE',  ( -2.029973411588059662E-11, 9.999999999999996447, -70.00000000015346302 ) ) ;
#540 = DIRECTION ( 'NONE',  ( 0.9921495079986671906, -0.005499606559402245645, -0.1249364162512058007 ) ) ;
#541 = EDGE_CURVE ( 'NONE', #2485, #1902, #2124, .T. ) ;
#542 = ORIENTED_EDGE ( 'NONE', *, *, #586, .F. ) ;
#543 = CARTESIAN_POINT ( 'NONE',  ( 186.2153797961809687, 10.00000000000000000, -80.00000000007673862 ) ) ;
#544 = ORIENTED_EDGE ( 'NONE', *, *, #1594, .T. ) ;
#545 = CARTESIAN_POINT ( 'NONE',  ( 0.000000000000000000, 0.000000000000000000, 0.000000000000000000 ) ) ;
#546 = CARTESIAN_POINT ( 'NONE',  ( 2.500000000000001776, 10.00000000000000000, 40.00000000000000000 ) ) ;
#547 = CARTESIAN_POINT ( 'NONE',  ( 186.7037783229050092, 23.85611829344191648, -80.00000000007676704 ) ) ;
#548 = ORIENTED_EDGE ( 'NONE', *, *, #403, .T. ) ;
#549 = LINE ( 'NONE', #2540, #3083 ) ;
#550 = DIRECTION ( 'NONE',  ( -1.000000000000000000, 0.000000000000000000, 0.000000000000000000 ) ) ;
#551 = ITEM_DEFINED_TRANSFORMATION ( 'NONE', 'NONE', #2029,  #3086 ) ;
#552 = CARTESIAN_POINT ( 'NONE',  ( 0.000000000000000000, -2.500000000000000000, 7.000000000000000000 ) ) ;
#553 = CARTESIAN_POINT ( 'NONE',  ( 0.4927641940391695452, -1.420182300517557783, 4.547262716943324179 ) ) ;
#554 = EDGE_LOOP ( 'NONE', ( #3204, #763, #3441, #3100 ) ) ;
#555 = DIRECTION ( 'NONE',  ( 1.000000000000000000, 0.000000000000000000, 2.334567381254908161E-16 ) ) ;
#556 = CARTESIAN_POINT ( 'NONE',  ( 538.3776342645967361, 1021.000000000023874, 1270.575019181120979 ) ) ;
#557 = EDGE_CURVE ( 'NONE', #1132, #1149, #1827, .T. ) ;
#558 = ORIENTED_EDGE ( 'NONE', *, *, #1621, .F. ) ;
#559 = DIRECTION ( 'NONE',  ( -0.000000000000000000, -1.000000000000000000, 0.000000000000000000 ) ) ;
#560 = VERTEX_POINT ( 'NONE', #2235 ) ;
#561 = AXIS2_PLACEMENT_3D ( 'NONE', #1885, #478, #3020 ) ;
#562 = CARTESIAN_POINT ( 'NONE',  ( 215.7596123864777837, 20.00000000003865352, -6.305384267193403502 ) ) ;
#563 = CARTESIAN_POINT ( 'NONE',  ( 264.9999999999863576, 10.00000000000000000, -85.01220663976027936 ) ) ;
#564 = VECTOR ( 'NONE', #1395, 1000.000000000000000 ) ;
#565 = MANIFOLD_SOLID_BREP ( 'Boss-Extrude1', #2240 ) ;
#566 = CARTESIAN_POINT ( 'NONE',  ( -437710.6489598476328, 10.00000000000000000, 77211.93601156142540 ) ) ;
#567 = AXIS2_PLACEMENT_3D ( 'NONE', #777, #1955, #1916 ) ;
#568 = CIRCLE ( 'NONE', #3447, 2.000000000000000000 ) ;
#569 = LINE ( 'NONE', #2823, #3498 ) ;
#570 =( REPRESENTATION_RELATIONSHIP ('NONE','NONE', #1973, #2372 ) REPRESENTATION_RELATIONSHIP_WITH_TRANSFORMATION ( #2826 )SHAPE_REPRESENTATION_RELATIONSHIP( ) );
#571 = CARTESIAN_POINT ( 'NONE',  ( 195.4232442297287946, 15.04348250149473998, -97.28046599409294970 ) ) ;
#572 = EDGE_CURVE ( 'NONE', #2447, #1109, #1107, .T. ) ;
#573 = PRODUCT_DEFINITION_SHAPE ( 'NONE', 'NONE',  #1275 ) ;
#574 = DIRECTION ( 'NONE',  ( -0.000000000000000000, 1.000000000000000000, 0.000000000000000000 ) ) ;
#575 = DIRECTION ( 'NONE',  ( 1.000000000000000000, 0.000000000000000000, -2.435297185593389810E-12 ) ) ;
#576 = ORIENTED_EDGE ( 'NONE', *, *, #1621, .T. ) ;
#577 = DIRECTION ( 'NONE',  ( 2.312964634635742957E-16, 1.156482317317871478E-16, -1.000000000000000000 ) ) ;
#578 = ORIENTED_EDGE ( 'NONE', *, *, #3147, .T. ) ;
#579 = CARTESIAN_POINT ( 'NONE',  ( 194.5657307950917527, 16.26258886868427922, -80.00000000007675283 ) ) ;
#580 = ORIENTED_EDGE ( 'NONE', *, *, #2375, .T. ) ;
#581 = CARTESIAN_POINT ( 'NONE',  ( 180.0000000002341949, 10.00000000000000000, 0.000000000000000000 ) ) ;
#582 = DIRECTION ( 'NONE',  ( -0.000000000000000000, 1.000000000000000000, -0.000000000000000000 ) ) ;
#583 = CARTESIAN_POINT ( 'NONE',  ( 208.4200428092269703, 32.97236093799315881, -80.00000000007669598 ) ) ;
#584 = LINE ( 'NONE', #1722, #2190 ) ;
#585 = ADVANCED_FACE ( 'NONE', ( #1489 ), #2028, .F. ) ;
#586 = EDGE_CURVE ( 'NONE', #2347, #1365, #2157, .T. ) ;
#587 = CARTESIAN_POINT ( 'NONE',  ( 204.7058468811613920, 13.44593933119166884, -95.64369269544938845 ) ) ;
#588 = LINE ( 'NONE', #1376, #2404 ) ;
#589 = ORIENTED_EDGE ( 'NONE', *, *, #956, .F. ) ;
#590 = DIRECTION ( 'NONE',  ( 0.000000000000000000, 1.000000000000000000, 0.000000000000000000 ) ) ;
#591 = AXIS2_PLACEMENT_3D ( 'NONE', #744, #1881, #3017 ) ;
#592 = CARTESIAN_POINT ( 'NONE',  ( 0.000000000000000000, 2.001000000000000334, -8.000000000000000000 ) ) ;
#593 =( BOUNDED_SURFACE ( )  B_SPLINE_SURFACE ( 3, 1, ( 
 ( #2623, #1509 ),
 ( #1785, #2922 ),
 ( #377, #412 ),
 ( #117, #1223 ) ),
 .UNSPECIFIED., .F., .F., .T. ) 
 B_SPLINE_SURFACE_WITH_KNOTS ( ( 4, 4 ),
 ( 2, 2 ),
 ( 0.000000000000000000, 1.000000000000000000 ),
 ( 0.000000000000000000, 1.000000000000000000 ),
 .UNSPECIFIED. ) 
 GEOMETRIC_REPRESENTATION_ITEM ( )  RATIONAL_B_SPLINE_SURFACE ( (
 ( 1.000000000000000000, 1.000000000000000000),
 ( 0.3333333333333333703, 0.3333333333333333703),
 ( 0.3333333333333333703, 0.3333333333333333703),
 ( 1.000000000000000000, 1.000000000000000000) ) ) 
 REPRESENTATION_ITEM ( '' )  SURFACE ( )  );
#594 = CARTESIAN_POINT ( 'NONE',  ( -2.029279522197668939E-11, 24.00000000000000000, -4.336808689894647625E-16 ) ) ;
#595 = CIRCLE ( 'NONE', #1658, 5.000000000000000888 ) ;
#596 = ADVANCED_FACE ( 'NONE', ( #33, #839 ), #2873, .T. ) ;
#597 = SHAPE_DEFINITION_REPRESENTATION ( #3056, #3366 ) ;
#598 = CARTESIAN_POINT ( 'NONE',  ( 201.9626187760561038, 34.97546183163599665, -80.00000000007673862 ) ) ;
#599 = EDGE_LOOP ( 'NONE', ( #3307, #500, #3385, #1479 ) ) ;
#600 = CARTESIAN_POINT ( 'NONE',  ( 196.0866606164958057, 14.36733979497762448, -80.00000000007675283 ) ) ;
#601 = EDGE_LOOP ( 'NONE', ( #1787, #1460, #774, #433 ) ) ;
#602 = EDGE_CURVE ( 'NONE', #4, #458, #874, .T. ) ;
#603 = B_SPLINE_CURVE_WITH_KNOTS ( 'NONE', 3,
 ( #2144, #2457, #1862, #742, #3013, #472, #3586, #1306, #3126, #2783, #3346, #1052, #1111, #2477, #273, #219, #2199, #2515, #583, #1350, #13, #1390, #238, #801, #1329, #1127, #1959, #598, #3387, #1937, #1696, #3049, #1637, #293, #3605, #2539, #3072, #2257, #1408, #2557, #1720, #2276, #2498, #2003, #1092, #547, #3406, #841, #856, #3325, #781, #1678 ),
 .UNSPECIFIED., .F., .F.,
 ( 4, 2, 2, 2, 2, 2, 2, 2, 2, 2, 2, 2, 2, 2, 2, 2, 2, 2, 2, 2, 2, 2, 2, 2, 2, 4 ),
 ( 1.139464468023855238E-14, 0.001459694457726534288, 0.002919388915441673612, 0.004379083373156813369, 0.005838777830871952693, 0.008758166746302201849, 0.01167755566173244927, 0.01313725011944754002, 0.01459694457716262557, 0.01605663903487770938, 0.01751633349259279493, 0.01897602795030788048, 0.02043572240802296255, 0.02189541686573804810, 0.02335511132345313365, 0.02627450023888322148, 0.02773419469659826886, 0.02919388915431331277, 0.03211327806974347693, 0.03357297252745855554, 0.03503266698517364802, 0.04087144481603401797, 0.04233113927374910351, 0.04379083373146418906, 0.04525052818917928155, 0.04671022264689436709 ),
 .UNSPECIFIED. ) ;
#604 = CARTESIAN_POINT ( 'NONE',  ( 24.99999999997970335, 20.99999999999999289, -73.00000000015346302 ) ) ;
#605 = DIRECTION ( 'NONE',  ( -1.000000000000000000, -0.000000000000000000, -0.000000000000000000 ) ) ;
#606 = CARTESIAN_POINT ( 'NONE',  ( 0.000000000000000000, 10.00000000000000000, 40.00000000000000000 ) ) ;
#607 = CARTESIAN_POINT ( 'NONE',  ( 190.8886662046183744, 30.95827498264552347, -98.08003444604767651 ) ) ;
#608 = DIRECTION ( 'NONE',  ( -0.000000000000000000, 1.000000000000000000, 2.168404344971008868E-16 ) ) ;
#609 = ORIENTED_EDGE ( 'NONE', *, *, #2243, .T. ) ;
#610 = CARTESIAN_POINT ( 'NONE',  ( 1.449921687497405243, -0.3970816255004797068, 4.963254425674450410 ) ) ;
#611 = EDGE_CURVE ( 'NONE', #1632, #3219, #3134, .T. ) ;
#612 = CARTESIAN_POINT ( 'NONE',  ( 193.6014379435098078, 35.00000000010714274, -77.27403880148837345 ) ) ;
#613 = CARTESIAN_POINT ( 'NONE',  ( 36.00000000000000000, 10.49999999999999822, -1.500000000000001776 ) ) ;
#614 = PLANE ( 'NONE',  #567 ) ;
#615 = UNCERTAINTY_MEASURE_WITH_UNIT (LENGTH_MEASURE( 1.000000000000000082E-05 ), #783, 'distance_accuracy_value', 'NONE');
#616 = ORIENTED_EDGE ( 'NONE', *, *, #1723, .T. ) ;
#617 = DIRECTION ( 'NONE',  ( -0.000000000000000000, -1.000000000000000000, -0.000000000000000000 ) ) ;
#618 = EDGE_LOOP ( 'NONE', ( #2390, #1934, #936, #2832 ) ) ;
#619 = DIRECTION ( 'NONE',  ( 0.000000000000000000, 0.000000000000000000, 1.000000000000000000 ) ) ;
#620 = DIRECTION ( 'NONE',  ( 0.5000000000000043299, 0.000000000000000000, 0.8660254037844361541 ) ) ;
#621 = PLANE ( 'NONE',  #2964 ) ;
#622 = VECTOR ( 'NONE', #1381, 1000.000000000000000 ) ;
#623 = CARTESIAN_POINT ( 'NONE',  ( 191.2487867896259104, 31.28936180134110501, -98.01653547060230665 ) ) ;
#624 = VECTOR ( 'NONE', #3367, 1000.000000000000000 ) ;
#625 = VERTEX_POINT ( 'NONE', #604 ) ;
#626 = PRESENTATION_STYLE_ASSIGNMENT (( #2045 ) ) ;
#627 = ADVANCED_FACE ( 'NONE', ( #3404 ), #1737, .F. ) ;
#628 = AXIS2_PLACEMENT_3D ( 'NONE', #873, #1214, #2056 ) ;
#629 = CARTESIAN_POINT ( 'NONE',  ( 193.6014379434600130, 19.99999999999999645, -97.72293812955200565 ) ) ;
#630 = CARTESIAN_POINT ( 'NONE',  ( -437710.6489598476328, 0.000000000000000000, 77211.93601156142540 ) ) ;
#631 = FACE_OUTER_BOUND ( 'NONE', #2854, .T. ) ;
#632 = ORIENTED_EDGE ( 'NONE', *, *, #331, .F. ) ;
#633 = CARTESIAN_POINT ( 'NONE',  ( 208.1418661855390155, 18.07374288049013700, -80.00000000007672440 ) ) ;
#634 = ORIENTED_EDGE ( 'NONE', *, *, #1406, .T. ) ;
#635 = CARTESIAN_POINT ( 'NONE',  ( 40.00000000000000000, 12.00000000000000000, -4.000000000000000888 ) ) ;
#636 = VECTOR ( 'NONE', #3133, 1000.000000000000000 ) ;
#637 = PRODUCT_RELATED_PRODUCT_CATEGORY ( 'part', '', ( #1629 ) ) ;
#638 = CARTESIAN_POINT ( 'NONE',  ( 0.000000000000000000, 20.00000000000000000, 0.000000000000000000 ) ) ;
#639 = CARTESIAN_POINT ( 'NONE',  ( 208.3735542387981639, 20.48822140867986619, -80.00000000007675283 ) ) ;
#640 = AXIS2_PLACEMENT_3D ( 'NONE', #2920, #374, #1475 ) ;
#641 = CARTESIAN_POINT ( 'NONE',  ( 204.3584138071003338, 34.61247534308237306, -95.70495452039681084 ) ) ;
#642 = STYLED_ITEM ( 'NONE', ( #3143 ), #565 ) ;
#643 = CARTESIAN_POINT ( 'NONE',  ( 24.99999999997970690, 21.00000000000000000, -100.0000000001534772 ) ) ;
#644 = ORIENTED_EDGE ( 'NONE', *, *, #869, .F. ) ;
#645 = CARTESIAN_POINT ( 'NONE',  ( 210.7747498638584602, 31.24601815617160483, -20.00000000007674927 ) ) ;
#646 = EDGE_CURVE ( 'NONE', #220, #2449, #2340, .T. ) ;
#647 = FACE_OUTER_BOUND ( 'NONE', #1693, .T. ) ;
#648 = CARTESIAN_POINT ( 'NONE',  ( 12.49999999997970157, 20.99999999999999645, -9.999999999999998224 ) ) ;
#649 = DIRECTION ( 'NONE',  ( 0.000000000000000000, 1.000000000000000000, 0.000000000000000000 ) ) ;
#650 = AXIS2_PLACEMENT_3D ( 'NONE', #803, #3626, #36 ) ;
#651 = VERTEX_POINT ( 'NONE', #3614 ) ;
#652 = VECTOR ( 'NONE', #1771, 1000.000000000000000 ) ;
#653 = DIRECTION ( 'NONE',  ( 2.435297185593389810E-12, -0.000000000000000000, 1.000000000000000000 ) ) ;
#654 = ORIENTED_EDGE ( 'NONE', *, *, #1855, .F. ) ;
#655 = AXIS2_PLACEMENT_3D ( 'NONE', #1608, #2211, #1044 ) ;
#656 = DIRECTION ( 'NONE',  ( 1.000000000000000000, 0.000000000000000000, -2.435297185593389810E-12 ) ) ;
#657 = CARTESIAN_POINT ( 'NONE',  ( 1.836970198721030674E-16, 25.00000000000000000, 1.500000000000000666 ) ) ;
#658 = EDGE_CURVE ( 'NONE', #3600, #2310, #2546, .T. ) ;
#659 = FACE_OUTER_BOUND ( 'NONE', #504, .T. ) ;
#660 = DIRECTION ( 'NONE',  ( 0.000000000000000000, 2.569960705150825398E-16, 1.000000000000000000 ) ) ;
#661 = ORIENTED_EDGE ( 'NONE', *, *, #2151, .T. ) ;
#662 = DIRECTION ( 'NONE',  ( -0.000000000000000000, -0.000000000000000000, -1.000000000000000000 ) ) ;
#663 = LINE ( 'NONE', #1508, #1379 ) ;
#664 = CARTESIAN_POINT ( 'NONE',  ( -115.0000000000203215, 10.00000000000000000, -79.72239721857476979 ) ) ;
#665 = VERTEX_POINT ( 'NONE', #2244 ) ;
#666 = PLANE ( 'NONE',  #1084 ) ;
#667 = ORIENTED_EDGE ( 'NONE', *, *, #2332, .F. ) ;
#668 = EDGE_CURVE ( 'NONE', #1188, #3279, #3375, .T. ) ;
#669 = EDGE_CURVE ( 'NONE', #2734, #2662, #1151, .T. ) ;
#670 = STYLED_ITEM ( 'NONE', ( #626 ), #3010 ) ;
#671 = ADVANCED_FACE ( 'NONE', ( #3169 ), #1763, .F. ) ;
#672 = CARTESIAN_POINT ( 'NONE',  ( -10.00000000000009059, 2.000000000000000000, -17.32050807568872486 ) ) ;
#673 = LINE ( 'NONE', #3485, #879 ) ;
#674 = LINE ( 'NONE', #2422, #1337 ) ;
#675 = SURFACE_STYLE_USAGE ( .BOTH. , #2877 ) ;
#676 = VERTEX_POINT ( 'NONE', #2210 ) ;
#677 = VECTOR ( 'NONE', #2482, 1000.000000000000000 ) ;
#678 = CARTESIAN_POINT ( 'NONE',  ( 203.4136264099562084, 34.80456620619117558, -20.00000000007675638 ) ) ;
#679 = PRODUCT_RELATED_PRODUCT_CATEGORY ( 'part', '', ( #3287 ) ) ;
#680 = DIRECTION ( 'NONE',  ( 0.000000000000000000, 0.000000000000000000, 1.000000000000000000 ) ) ;
#681 = DIRECTION ( 'NONE',  ( 0.9848077530122072432, 0.000000000000000000, -0.1736481776669347443 ) ) ;
#682 = DIRECTION ( 'NONE',  ( 1.734723475976792303E-16, -0.000000000000000000, 1.000000000000000000 ) ) ;
#683 =( REPRESENTATION_RELATIONSHIP ('NONE','NONE', #1973, #1850 ) REPRESENTATION_RELATIONSHIP_WITH_TRANSFORMATION ( #2843 )SHAPE_REPRESENTATION_RELATIONSHIP( ) );
#684 = ORIENTED_EDGE ( 'NONE', *, *, #2091, .F. ) ;
#685 = DIRECTION ( 'NONE',  ( 1.000000000000000000, 0.000000000000000000, -0.000000000000000000 ) ) ;
#686 = VERTEX_POINT ( 'NONE', #1545 ) ;
#687 = DIRECTION ( 'NONE',  ( 0.000000000000000000, 0.000000000000000000, 1.000000000000000000 ) ) ;
#688 = LINE ( 'NONE', #1231, #3584 ) ;
#689 = CARTESIAN_POINT ( 'NONE',  ( 208.3735542387616135, 20.00000000000006395, -94.99697693096138096 ) ) ;
#690 = LINE ( 'NONE', #2126, #1622 ) ;
#691 = EDGE_LOOP ( 'NONE', ( #1292, #282, #1891, #1948 ) ) ;
#692 = AXIS2_PLACEMENT_3D ( 'NONE', #1152, #2303, #880 ) ;
#693 =( LENGTH_UNIT ( ) NAMED_UNIT ( * ) SI_UNIT ( .MILLI., .METRE. ) );
#694 = EDGE_CURVE ( 'NONE', #531, #2193, #2999, .T. ) ;
#695 = EDGE_CURVE ( 'NONE', #2816, #2414, #1708, .T. ) ;
#696 = LINE ( 'NONE', #2428, #1035 ) ;
#697 = PLANE ( 'NONE',  #1313 ) ;
#698 = FACE_OUTER_BOUND ( 'NONE', #2752, .T. ) ;
#699 = AXIS2_PLACEMENT_3D ( 'NONE', #1034, #3054, #1058 ) ;
#700 = VERTEX_POINT ( 'NONE', #3418 ) ;
#701 = CARTESIAN_POINT ( 'NONE',  ( 207.6373190221790992, 16.69935857130029078, -80.00000000007669598 ) ) ;
#702 = EDGE_CURVE ( 'NONE', #751, #288, #2742, .T. ) ;
#703 = ORIENTED_EDGE ( 'NONE', *, *, #3144, .T. ) ;
#704 = VERTEX_POINT ( 'NONE', #72 ) ;
#705 = ADVANCED_FACE ( 'NONE', ( #2819 ), #2665, .F. ) ;
#706 = LINE ( 'NONE', #3011, #1201 ) ;
#707 =( GEOMETRIC_REPRESENTATION_CONTEXT ( 3 ) GLOBAL_UNCERTAINTY_ASSIGNED_CONTEXT ( ( #3080 ) ) GLOBAL_UNIT_ASSIGNED_CONTEXT ( ( #3525, #2737, #2721 ) ) REPRESENTATION_CONTEXT ( 'NONE', 'WORKASPACE' ) );
#708 = CARTESIAN_POINT ( 'NONE',  ( 193.6014379435031856, 20.00000000000110845, -80.00000000007673862 ) ) ;
#709 = VECTOR ( 'NONE', #2730, 1000.000000000000000 ) ;
#710 = PLANE ( 'NONE',  #2225 ) ;
#711 = ORIENTED_EDGE ( 'NONE', *, *, #3607, .T. ) ;
#712 =( NAMED_UNIT ( * ) SI_UNIT ( $, .STERADIAN. ) SOLID_ANGLE_UNIT ( ) );
#713 = LINE ( 'NONE', #1095, #2542 ) ;
#714 = CARTESIAN_POINT ( 'NONE',  ( -1.994666228034124522, 8.459168969992042264, 4.591303954161849887 ) ) ;
#715 = FACE_BOUND ( 'NONE', #2754, .T. ) ;
#716 = CARTESIAN_POINT ( 'NONE',  ( 0.000000000000000000, 0.000000000000000000, 20.00000000000000000 ) ) ;
#717 = DIRECTION ( 'NONE',  ( 1.000000000000000000, 0.000000000000000000, -0.000000000000000000 ) ) ;
#718 = ADVANCED_FACE ( 'NONE', ( #2147 ), #3309, .F. ) ;
#719 = ORIENTED_EDGE ( 'NONE', *, *, #1980, .T. ) ;
#720 = DIRECTION ( 'NONE',  ( -0.1736481776669347443, 0.000000000000000000, -0.9848077530122073542 ) ) ;
#721 = ORIENTED_EDGE ( 'NONE', *, *, #378, .F. ) ;
#722 =( NAMED_UNIT ( * ) SI_UNIT ( $, .STERADIAN. ) SOLID_ANGLE_UNIT ( ) );
#723 = ORIENTED_EDGE ( 'NONE', *, *, #776, .T. ) ;
#724 = CARTESIAN_POINT ( 'NONE',  ( -115.0000000000203215, 0.000000000000000000, -79.72239721857476979 ) ) ;
#725 =( NAMED_UNIT ( * ) PLANE_ANGLE_UNIT ( ) SI_UNIT ( $, .RADIAN. ) );
#726 = CARTESIAN_POINT ( 'NONE',  ( 193.6014379434602972, 19.50964415859347412, -97.60169959598638911 ) ) ;
#727 = CARTESIAN_POINT ( 'NONE',  ( 0.000000000000000000, 2.500000000000000000, 7.000000000000000000 ) ) ;
#728 = ORIENTED_EDGE ( 'NONE', *, *, #291, .T. ) ;
#729 = DIRECTION ( 'NONE',  ( 0.000000000000000000, -1.000000000000000000, 0.000000000000000000 ) ) ;
#730 = DIRECTION ( 'NONE',  ( 0.000000000000000000, -0.000000000000000000, -1.000000000000000000 ) ) ;
#731 = VECTOR ( 'NONE', #1535, 1000.000000000000000 ) ;
#732 = CARTESIAN_POINT ( 'NONE',  ( 264.9999999999863576, 10.00000000000000000, -85.01220663976027936 ) ) ;
#733 = DIRECTION ( 'NONE',  ( -0.000000000000000000, -0.000000000000000000, -1.000000000000000000 ) ) ;
#734 = AXIS2_PLACEMENT_3D ( 'NONE', #3167, #2597, #3186 ) ;
#735 = ORIENTED_EDGE ( 'NONE', *, *, #1464, .F. ) ;
#736 = CARTESIAN_POINT ( 'NONE',  ( -2.029973411588059662E-11, 20.99999999999999289, -27.00000000000000000 ) ) ;
#737 = ORIENTED_EDGE ( 'NONE', *, *, #572, .F. ) ;
#738 = AXIS2_PLACEMENT_3D ( 'NONE', #1876, #1028, #2667 ) ;
#739 = ORIENTED_EDGE ( 'NONE', *, *, #63, .F. ) ;
#740 = LINE ( 'NONE', #3513, #3472 ) ;
#741 = CARTESIAN_POINT ( 'NONE',  ( 207.3981546895787176, 23.75720469459234252, -95.16896618845331091 ) ) ;
#742 = CARTESIAN_POINT ( 'NONE',  ( 215.6429625128658643, 21.94327166627745029, -80.00000000007672440 ) ) ;
#743 = ORIENTED_EDGE ( 'NONE', *, *, #3059, .F. ) ;
#744 = CARTESIAN_POINT ( 'NONE',  ( 0.000000000000000000, 0.000000000000000000, 30.00000000000000000 ) ) ;
#745 = LINE ( 'NONE', #2968, #3074 ) ;
#746 = APPLICATION_CONTEXT ( 'automotive_design' ) ;
#747 = EDGE_CURVE ( 'NONE', #2792, #2722, #2203, .T. ) ;
#748 = CARTESIAN_POINT ( 'NONE',  ( -399924.9999999997672, 10.00000000000000000, -100.0000000000227374 ) ) ;
#749 = FACE_BOUND ( 'NONE', #923, .T. ) ;
#750 = AXIS2_PLACEMENT_3D ( 'NONE', #959, #2110, #218 ) ;
#751 = VERTEX_POINT ( 'NONE', #1526 ) ;
#752 = PLANE ( 'NONE',  #3578 ) ;
#753 = ORIENTED_EDGE ( 'NONE', *, *, #1670, .T. ) ;
#754 = EDGE_CURVE ( 'NONE', #1121, #2469, #1429, .T. ) ;
#755 = ORIENTED_EDGE ( 'NONE', *, *, #2294, .F. ) ;
#756 = ORIENTED_EDGE ( 'NONE', *, *, #1900, .T. ) ;
#757 = CARTESIAN_POINT ( 'NONE',  ( 0.000000000000000000, 20.00000000000000000, 0.000000000000000000 ) ) ;
#758 = CARTESIAN_POINT ( 'NONE',  ( 4.000000000000000888, 2.000000000000000000, -13.85640646055101932 ) ) ;
#759 = VECTOR ( 'NONE', #517, 1000.000000000000000 ) ;
#760 = CIRCLE ( 'NONE', #363, 1.500000000000003997 ) ;
#761 = VECTOR ( 'NONE', #506, 1000.000000000000114 ) ;
#762 = DIRECTION ( 'NONE',  ( 0.000000000000000000, -0.000000000000000000, 1.000000000000000000 ) ) ;
#763 = ORIENTED_EDGE ( 'NONE', *, *, #279, .T. ) ;
#764 = ADVANCED_FACE ( 'NONE', ( #1985 ), #3299, .F. ) ;
#765 = CARTESIAN_POINT ( 'NONE',  ( 186.7037783230563548, 23.85611829346216695, -20.00000000007670664 ) ) ;
#766 = AXIS2_PLACEMENT_3D ( 'NONE', #249, #1366, #812 ) ;
#767 = CARTESIAN_POINT ( 'NONE',  ( 12.49999999997970157, 5.999999999999996447, -9.999999999999998224 ) ) ;
#768 = CARTESIAN_POINT ( 'NONE',  ( 2.500000000000001776, 10.00000000000000000, 40.00000000000000000 ) ) ;
#769 = AXIS2_PLACEMENT_3D ( 'NONE', #1242, #3519, #968 ) ;
#770 = DIRECTION ( 'NONE',  ( 0.9848077530122073542, 0.000000000000000000, 0.1736481776669343280 ) ) ;
#771 = ORIENTED_EDGE ( 'NONE', *, *, #3031, .T. ) ;
#772 = PLANE ( 'NONE',  #1617 ) ;
#773 = ORIENTED_EDGE ( 'NONE', *, *, #2688, .F. ) ;
#774 = ORIENTED_EDGE ( 'NONE', *, *, #1993, .T. ) ;
#775 = ORIENTED_EDGE ( 'NONE', *, *, #891, .T. ) ;
#776 = EDGE_CURVE ( 'NONE', #1496, #1911, #2512, .T. ) ;
#777 = CARTESIAN_POINT ( 'NONE',  ( -399924.9999999997672, 10.00000000000000000, 0.000000000000000000 ) ) ;
#778 = DIRECTION ( 'NONE',  ( 0.000000000000000000, 0.000000000000000000, -1.000000000000000000 ) ) ;
#779 = EDGE_CURVE ( 'NONE', #490, #1653, #1649, .T. ) ;
#780 = EDGE_CURVE ( 'NONE', #1819, #676, #514, .T. ) ;
#781 = CARTESIAN_POINT ( 'NONE',  ( 186.2153797959606436, 20.48824142217999622, -80.00000000007675283 ) ) ;
#782 = EDGE_LOOP ( 'NONE', ( #1007, #1597, #2890, #979 ) ) ;
#783 =( LENGTH_UNIT ( ) NAMED_UNIT ( * ) SI_UNIT ( .MILLI., .METRE. ) );
#784 = CARTESIAN_POINT ( 'NONE',  ( 186.9925293203675380, 24.82624047847532012, -98.76702849927448824 ) ) ;
#785 = CONTEXT_DEPENDENT_SHAPE_REPRESENTATION ( #1824, #1965 ) ;
#786 = CARTESIAN_POINT ( 'NONE',  ( -1.985358491602496667, 11.52781232138119805, 4.589996648303080740 ) ) ;
#787 = CARTESIAN_POINT ( 'NONE',  ( -115.0000000000203073, 0.000000000000000000, -20.27760278144796757 ) ) ;
#788 = CARTESIAN_POINT ( 'NONE',  ( 208.0031655482205224, 17.60431193742616429, -20.00000000007675283 ) ) ;
#789 = EDGE_CURVE ( 'NONE', #1569, #2907, #345, .T. ) ;
#790 = ORIENTED_EDGE ( 'NONE', *, *, #602, .F. ) ;
#791 = DIRECTION ( 'NONE',  ( 2.569960705150825398E-16, 2.569960705150825398E-16, -1.000000000000000000 ) ) ;
#792 = ORIENTED_EDGE ( 'NONE', *, *, #3295, .F. ) ;
#793 = VECTOR ( 'NONE', #983, 1000.000000000000000 ) ;
#794 = CARTESIAN_POINT ( 'NONE',  ( 692.3325515210584626, 1008.333303815605063, 1121.527489836801806 ) ) ;
#795 = EDGE_LOOP ( 'NONE', ( #849, #3123 ) ) ;
#796 = AXIS2_PLACEMENT_3D ( 'NONE', #1202, #1761, #111 ) ;
#797 = DIRECTION ( 'NONE',  ( 0.000000000000000000, 1.000000000000000000, 0.000000000000000000 ) ) ;
#798 = DIRECTION ( 'NONE',  ( 0.000000000000000000, 0.000000000000000000, 1.000000000000000000 ) ) ;
#799 = VECTOR ( 'NONE', #620, 1000.000000000000114 ) ;
#800 = PRODUCT_DEFINITION_SHAPE ( 'NONE', 'NONE',  #3661 ) ;
#801 = CARTESIAN_POINT ( 'NONE',  ( 204.8420236898416533, 34.48876498993441686, -80.00000000007675283 ) ) ;
#802 = ORIENTED_EDGE ( 'NONE', *, *, #2298, .F. ) ;
#803 = CARTESIAN_POINT ( 'NONE',  ( 0.000000000000000000, 0.000000000000000000, 0.000000000000000000 ) ) ;
#804 = DIRECTION ( 'NONE',  ( 0.000000000000000000, 1.000000000000000000, 0.000000000000000000 ) ) ;
#805 = DIRECTION ( 'NONE',  ( 0.000000000000000000, 0.000000000000000000, -1.000000000000000000 ) ) ;
#806 = CARTESIAN_POINT ( 'NONE',  ( 0.3966086740369553776, -1.450024757923130014, 4.529713232070900375 ) ) ;
#807 = EDGE_CURVE ( 'NONE', #1082, #1452, #2183, .T. ) ;
#808 = UNCERTAINTY_MEASURE_WITH_UNIT (LENGTH_MEASURE( 1.000000000000000082E-05 ), #3197, 'distance_accuracy_value', 'NONE');
#809 = ORIENTED_EDGE ( 'NONE', *, *, #2514, .T. ) ;
#810 = DIRECTION ( 'NONE',  ( 0.000000000000000000, 0.000000000000000000, 1.000000000000000000 ) ) ;
#811 = AXIS2_PLACEMENT_3D ( 'NONE', #1744, #2637, #1764 ) ;
#812 = DIRECTION ( 'NONE',  ( -0.9898698706152269100, -4.386743756505432117E-18, -0.1419776012200307802 ) ) ;
#813 = ORIENTED_EDGE ( 'NONE', *, *, #2911, .F. ) ;
#814 = VECTOR ( 'NONE', #1, 1000.000000000000000 ) ;
#815 = LINE ( 'NONE', #2251, #357 ) ;
#816 = VERTEX_POINT ( 'NONE', #2312 ) ;
#817 = CARTESIAN_POINT ( 'NONE',  ( 24.99999999997970690, 10.00000000000000000, -100.0000000001534772 ) ) ;
#818 = LINE ( 'NONE', #546, #1958 ) ;
#819 = CARTESIAN_POINT ( 'NONE',  ( 197.2659995848319738, 13.50288650266580248, -20.00000000007673151 ) ) ;
#820 = AXIS2_PLACEMENT_3D ( 'NONE', #3125, #582, #1445 ) ;
#821 = DIRECTION ( 'NONE',  ( 1.000000000000000000, 0.000000000000000000, 0.000000000000000000 ) ) ;
#822 = ORIENTED_EDGE ( 'NONE', *, *, #2192, .T. ) ;
#823 = LINE ( 'NONE', #240, #2913 ) ;
#824 = AXIS2_PLACEMENT_3D ( 'NONE', #758, #470, #3231 ) ;
#825 = FACE_OUTER_BOUND ( 'NONE', #3587, .T. ) ;
#826 = ITEM_DEFINED_TRANSFORMATION ( 'NONE', 'NONE', #367,  #3086 ) ;
#827 = CARTESIAN_POINT ( 'NONE',  ( 0.000000000000000000, -2.501999999999999780, 8.500000000000000000 ) ) ;
#828 = CARTESIAN_POINT ( 'NONE',  ( 12.49999999997970157, 5.999999999999996447, -15.00000000000000000 ) ) ;
#829 = CIRCLE ( 'NONE', #993, 1.500000000000003997 ) ;
#830 = EDGE_CURVE ( 'NONE', #1887, #1225, #3121, .T. ) ;
#831 = CARTESIAN_POINT ( 'NONE',  ( -2.029279522197668939E-11, 24.00000000000000000, -4.336808689894647625E-16 ) ) ;
#832 = ORIENTED_EDGE ( 'NONE', *, *, #2649, .T. ) ;
#833 = DIRECTION ( 'NONE',  ( 0.000000000000000000, -1.000000000000000000, 0.000000000000000000 ) ) ;
#834 = CARTESIAN_POINT ( 'NONE',  ( -1.500000000000000444, 0.1020579912830058000, 5.000000000000000888 ) ) ;
#835 = ORIENTED_EDGE ( 'NONE', *, *, #1421, .F. ) ;
#836 = DIRECTION ( 'NONE',  ( 0.000000000000000000, -1.000000000000000000, 0.000000000000000000 ) ) ;
#837 = EDGE_LOOP ( 'NONE', ( #609, #2589 ) ) ;
#838 = CARTESIAN_POINT ( 'NONE',  ( 12.49999999997970157, 24.00000000000000000, -85.00000000015347723 ) ) ;
#839 = FACE_OUTER_BOUND ( 'NONE', #1243, .T. ) ;
#840 = AXIS2_PLACEMENT_3D ( 'NONE', #1544, #2379, #3458 ) ;
#841 = CARTESIAN_POINT ( 'NONE',  ( 186.4020162152091586, 22.42641017441411933, -80.00000000007676704 ) ) ;
#842 = CARTESIAN_POINT ( 'NONE',  ( 2.483686021788620746, 9.669832309288119987, 4.339668646282457409 ) ) ;
#843 = CARTESIAN_POINT ( 'NONE',  ( 196.4479217788854726, 14.00301323809908283, -97.09978769565042001 ) ) ;
#844 = PLANE ( 'NONE',  #97 ) ;
#845 = CARTESIAN_POINT ( 'NONE',  ( 3.061616997868385113E-16, -2.500000000000000000, 4.499999999999999112 ) ) ;
#846 = VERTEX_POINT ( 'NONE', #1714 ) ;
#847 =( BOUNDED_SURFACE ( )  B_SPLINE_SURFACE ( 3, 1, ( 
 ( #948, #136 ),
 ( #2921, #1527 ),
 ( #84, #1191 ),
 ( #2341, #2064 ) ),
 .UNSPECIFIED., .F., .F., .T. ) 
 B_SPLINE_SURFACE_WITH_KNOTS ( ( 4, 4 ),
 ( 2, 2 ),
 ( 0.000000000000000000, 1.000000000000000000 ),
 ( 0.000000000000000000, 1.000000000000000000 ),
 .UNSPECIFIED. ) 
 GEOMETRIC_REPRESENTATION_ITEM ( )  RATIONAL_B_SPLINE_SURFACE ( (
 ( 1.000000000000000000, 1.000000000000000000),
 ( 0.3333333333337884508, 0.3333333333337884508),
 ( 0.3333333333337884508, 0.3333333333337884508),
 ( 1.000000000000000000, 1.000000000000000000) ) ) 
 REPRESENTATION_ITEM ( '' )  SURFACE ( )  );
#848 = CARTESIAN_POINT ( 'NONE',  ( -2.029279522197668939E-11, 24.00000000000000000, -100.0000000001534772 ) ) ;
#849 = ORIENTED_EDGE ( 'NONE', *, *, #1670, .F. ) ;
#850 = CARTESIAN_POINT ( 'NONE',  ( -2.029973411588059662E-11, 9.999999999999996447, -70.00000000015346302 ) ) ;
#851 = VERTEX_POINT ( 'NONE', #3161 ) ;
#852 = AXIS2_PLACEMENT_3D ( 'NONE', #2429, #3612, #461 ) ;
#853 = LINE ( 'NONE', #635, #652 ) ;
#854 = ADVANCED_FACE ( 'NONE', ( #308, #3444 ), #2231, .T. ) ;
#855 = AXIS2_PLACEMENT_3D ( 'NONE', #727, #2760, #1830 ) ;
#856 = CARTESIAN_POINT ( 'NONE',  ( 186.3319969866208794, 21.94298872629302366, -80.00000000007675283 ) ) ;
#857 = DIRECTION ( 'NONE',  ( -0.000000000000000000, 1.000000000000000000, -0.000000000000000000 ) ) ;
#858 = CARTESIAN_POINT ( 'NONE',  ( 213.0150492123013350, 28.72244634542897401, -94.17855613630372602 ) ) ;
#859 = DIRECTION ( 'NONE',  ( 0.5000000000000038858, 0.000000000000000000, -0.8660254037844363761 ) ) ;
#860 = EDGE_LOOP ( 'NONE', ( #3342, #1031, #1831, #1586 ) ) ;
#861 = DIRECTION ( 'NONE',  ( -2.312964634635742957E-16, 0.000000000000000000, -1.000000000000000000 ) ) ;
#862 = CARTESIAN_POINT ( 'NONE',  ( 208.3735542387486532, 35.00000000010714274, -100.3276607945746264 ) ) ;
#863 = EDGE_CURVE ( 'NONE', #3277, #3482, #237, .T. ) ;
#864 = CARTESIAN_POINT ( 'NONE',  ( -0.9191327284952687249, 1.189341484583615660, 4.673537891265795885 ) ) ;
#865 = CARTESIAN_POINT ( 'NONE',  ( -2.500000000000001776, 10.00000000000000000, 4.330127018922191873 ) ) ;
#866 = APPLICATION_PROTOCOL_DEFINITION ( 'draft international standard', 'automotive_design', 1998, #2970 ) ;
#867 = VERTEX_POINT ( 'NONE', #29 ) ;
#868 = CARTESIAN_POINT ( 'NONE',  ( 199.0404513257095402, 12.69835965977353354, -80.00000000007673862 ) ) ;
#869 = EDGE_CURVE ( 'NONE', #2135, #2722, #1404, .T. ) ;
#870 = ORIENTED_EDGE ( 'NONE', *, *, #3144, .F. ) ;
#871 = CARTESIAN_POINT ( 'NONE',  ( 6.123606919605775328E-16, 12.50000000000000178, 4.999999999999999112 ) ) ;
#872 =( NAMED_UNIT ( * ) PLANE_ANGLE_UNIT ( ) SI_UNIT ( $, .RADIAN. ) );
#873 = CARTESIAN_POINT ( 'NONE',  ( 0.000000000000000000, 25.00000000000000000, 0.000000000000000000 ) ) ;
#874 = CIRCLE ( 'NONE', #1340, 5.000000000000000888 ) ;
#875 = CARTESIAN_POINT ( 'NONE',  ( 201.9623287219939414, 27.45080083914031732, -80.00000000007675283 ) ) ;
#876 = CARTESIAN_POINT ( 'NONE',  ( 207.4407631960547747, 16.22169288575037882, -95.16145315915383662 ) ) ;
#877 = VERTEX_POINT ( 'NONE', #2571 ) ;
#878 = DIRECTION ( 'NONE',  ( 1.000000000000000000, -0.000000000000000000, -2.334567381254908161E-16 ) ) ;
#879 = VECTOR ( 'NONE', #3146, 1000.000000000000000 ) ;
#880 = DIRECTION ( 'NONE',  ( 0.000000000000000000, 0.000000000000000000, -1.000000000000000000 ) ) ;
#881 = PLANE ( 'NONE',  #2455 ) ;
#882 = CARTESIAN_POINT ( 'NONE',  ( 0.4033562554858567961, 1.458112323835011548, 4.525712007274007576 ) ) ;
#883 = CARTESIAN_POINT ( 'NONE',  ( 24.99999999997970690, 21.00000000000000000, -5.836418453132533294E-15 ) ) ;
#884 = PRODUCT_CONTEXT ( 'NONE', #2659, 'mechanical' ) ;
#885 = PRODUCT_DEFINITION_CONTEXT ( 'detailed design', #1943, 'design' ) ;
#886 = PRODUCT_DEFINITION_FORMATION_WITH_SPECIFIED_SOURCE ( 'ANY', '', #3556, .NOT_KNOWN. ) ;
#887 = EDGE_LOOP ( 'NONE', ( #2384, #2973, #1022, #1323 ) ) ;
#888 = DIRECTION ( 'NONE',  ( 0.000000000000000000, 0.000000000000000000, 1.000000000000000000 ) ) ;
#889 = ORIENTED_EDGE ( 'NONE', *, *, #934, .T. ) ;
#890 = CARTESIAN_POINT ( 'NONE',  ( 194.3389313370389857, 16.69693865294278368, -20.00000000007672796 ) ) ;
#891 = EDGE_CURVE ( 'NONE', #2230, #2822, #1159, .T. ) ;
#892 = LINE ( 'NONE', #2333, #160 ) ;
#893 = CARTESIAN_POINT ( 'NONE',  ( 196.4258277449877141, 25.97972040063168109, -80.00000000007672440 ) ) ;
#894 = EDGE_CURVE ( 'NONE', #414, #490, #815, .T. ) ;
#895 = CARTESIAN_POINT ( 'NONE',  ( 212.1137720196664986, 29.87918310953808643, -94.33747562246242069 ) ) ;
#896 = FACE_OUTER_BOUND ( 'NONE', #3034, .T. ) ;
#897 = EDGE_LOOP ( 'NONE', ( #503, #207 ) ) ;
#898 = CARTESIAN_POINT ( 'NONE',  ( 193.6014379435098078, 19.99999999999999645, -77.27403880148837345 ) ) ;
#899 = FACE_OUTER_BOUND ( 'NONE', #3521, .T. ) ;
#900 = CARTESIAN_POINT ( 'NONE',  ( 1.500000000000000222, -5.870762885248758057E-14, 4.999999999995193178 ) ) ;
#901 = FACE_BOUND ( 'NONE', #795, .T. ) ;
#902 = PRODUCT_DEFINITION ( 'UNKNOWN', '', #996, #305 ) ;
#903 = ORIENTED_EDGE ( 'NONE', *, *, #2957, .T. ) ;
#904 = CARTESIAN_POINT ( 'NONE',  ( 196.4258277451324943, 25.97972040063063304, -20.00000000007671375 ) ) ;
#905 = ORIENTED_EDGE ( 'NONE', *, *, #1542, .T. ) ;
#906 = AXIS2_PLACEMENT_3D ( 'NONE', #848, #2268, #1990 ) ;
#907 = LINE ( 'NONE', #311, #2587 ) ;
#908 = DIRECTION ( 'NONE',  ( 0.000000000000000000, 0.000000000000000000, -1.000000000000000000 ) ) ;
#909 = AXIS2_PLACEMENT_3D ( 'NONE', #2844, #2523, #1131 ) ;
#910 = CARTESIAN_POINT ( 'NONE',  ( 215.6650616079189433, 21.95397161394274832, -93.71128745174442543 ) ) ;
#911 = AXIS2_PLACEMENT_3D ( 'NONE', #314, #3113, #17 ) ;
#912 = FACE_OUTER_BOUND ( 'NONE', #1873, .T. ) ;
#913 = VERTEX_POINT ( 'NONE', #2290 ) ;
#914 = CARTESIAN_POINT ( 'NONE',  ( 215.7361926874178550, 20.97453449759334987, -20.00000000007673506 ) ) ;
#915 = CARTESIAN_POINT ( 'NONE',  ( 12.49999999997970157, 5.999999999999996447, -9.999999999999998224 ) ) ;
#916 = ADVANCED_FACE ( 'NONE', ( #2553 ), #2892, .F. ) ;
#917 = FACE_OUTER_BOUND ( 'NONE', #951, .T. ) ;
#918 = CYLINDRICAL_SURFACE ( 'NONE', #1603, 2.500000000000001332 ) ;
#919 = DIRECTION ( 'NONE',  ( 0.000000000000000000, 0.000000000000000000, 1.000000000000000000 ) ) ;
#920 = EDGE_LOOP ( 'NONE', ( #3120, #1630 ) ) ;
#921 = CARTESIAN_POINT ( 'NONE',  ( 193.6014379433708257, 19.99999999999999645, -134.3494395367514187 ) ) ;
#922 = EDGE_CURVE ( 'NONE', #2690, #1365, #1735, .T. ) ;
#923 = EDGE_LOOP ( 'NONE', ( #2784, #2038 ) ) ;
#924 = SHAPE_REPRESENTATION_RELATIONSHIP ( 'NONE' , 'NONE' ,  #1850, #3217 ) ;
#925 = FACE_OUTER_BOUND ( 'NONE', #1341, .T. ) ;
#926 = CARTESIAN_POINT ( 'NONE',  ( 206.9110156173512109, 24.58617428746362776, -80.00000000007671019 ) ) ;
#927 = VECTOR ( 'NONE', #2827, 1000.000000000000000 ) ;
#928 = ORIENTED_EDGE ( 'NONE', *, *, #292, .F. ) ;
#929 = EDGE_CURVE ( 'NONE', #248, #2851, #985, .T. ) ;
#930 = LINE ( 'NONE', #2080, #446 ) ;
#931 = EDGE_CURVE ( 'NONE', #676, #1025, #3088, .T. ) ;
#932 = DIRECTION ( 'NONE',  ( 0.000000000000000000, -1.000000000000000000, -2.168404344971008868E-16 ) ) ;
#933 = VECTOR ( 'NONE', #1921, 1000.000000000000000 ) ;
#934 = EDGE_CURVE ( 'NONE', #428, #1610, #1467, .T. ) ;
#935 =( REPRESENTATION_RELATIONSHIP ('NONE','NONE', #1973, #2372 ) REPRESENTATION_RELATIONSHIP_WITH_TRANSFORMATION ( #16 )SHAPE_REPRESENTATION_RELATIONSHIP( ) );
#936 = ORIENTED_EDGE ( 'NONE', *, *, #1805, .F. ) ;
#937 = CIRCLE ( 'NONE', #1286, 4.999999999999999112 ) ;
#938 = CARTESIAN_POINT ( 'NONE',  ( 186.2153797961809687, 10.00000000000000000, -80.00000000007673862 ) ) ;
#939 = ORIENTED_EDGE ( 'NONE', *, *, #1900, .F. ) ;
#940 = DIRECTION ( 'NONE',  ( 0.000000000000000000, 0.000000000000000000, 1.000000000000000000 ) ) ;
#941 = EDGE_CURVE ( 'NONE', #521, #1402, #2556, .T. ) ;
#942 = CARTESIAN_POINT ( 'NONE',  ( -2.029973411588059662E-11, 23.99999999999999645, -30.00000000000000000 ) ) ;
#943 = DIRECTION ( 'NONE',  ( 2.569960705150825398E-16, 2.569960705150825398E-16, 1.000000000000000000 ) ) ;
#944 = CARTESIAN_POINT ( 'NONE',  ( 193.6014379434602972, 19.99999999999999645, -97.60169959598638911 ) ) ;
#945 = CARTESIAN_POINT ( 'NONE',  ( -2.029973411588059662E-11, 23.99999999999999645, -30.00000000000000000 ) ) ;
#946 = VERTEX_POINT ( 'NONE', #1423 ) ;
#947 = CARTESIAN_POINT ( 'NONE',  ( 24.99999999997726263, 10.00000000000000000, 0.000000000000000000 ) ) ;
#948 = CARTESIAN_POINT ( 'NONE',  ( 215.7596123862810487, 20.00000000003865352, -104.2581872960390825 ) ) ;
#949 = AXIS2_PLACEMENT_3D ( 'NONE', #3038, #2483, #3 ) ;
#950 = DIRECTION ( 'NONE',  ( 0.000000000000000000, 0.000000000000000000, 1.000000000000000000 ) ) ;
#951 = EDGE_LOOP ( 'NONE', ( #661, #2869, #142, #2761 ) ) ;
#952 = CARTESIAN_POINT ( 'NONE',  ( 208.3735542387981354, 19.99999999999982236, -80.00000000007662493 ) ) ;
#953 = ORIENTED_EDGE ( 'NONE', *, *, #1899, .F. ) ;
#954 = CARTESIAN_POINT ( 'NONE',  ( 562.6633660897880418, 1000.000000000024443, 1305.927838031775991 ) ) ;
#956 = EDGE_CURVE ( 'NONE', #209, #1351, #2249, .T. ) ;
#955 = SHAPE_REPRESENTATION ( 'Triceps', ( #3086 ), #2967 ) ;
#957 = DIRECTION ( 'NONE',  ( 0.000000000000000000, 1.000000000000000000, 0.000000000000000000 ) ) ;
#958 = EDGE_CURVE ( 'NONE', #1819, #2924, #431, .T. ) ;
#959 = CARTESIAN_POINT ( 'NONE',  ( 0.000000000000000000, 2.500000000000000000, 7.000000000000000000 ) ) ;
#960 = DIRECTION ( 'NONE',  ( -1.000000000000000000, 0.000000000000000000, 0.000000000000000000 ) ) ;
#961 = VERTEX_POINT ( 'NONE', #415 ) ;
#962 = AXIS2_PLACEMENT_3D ( 'NONE', #2642, #105, #3495 ) ;
#963 = ADVANCED_FACE ( 'NONE', ( #3227 ), #2068, .F. ) ;
#964 = AXIS2_PLACEMENT_3D ( 'NONE', #2180, #164, #489 ) ;
#965 = CARTESIAN_POINT ( 'NONE',  ( -1.192387308663110712, -0.9150852990536525455, 4.801819569060372217 ) ) ;
#966 = CARTESIAN_POINT ( 'NONE',  ( -2.417876621355954381, 9.343442495586151253, 4.376674006154572361 ) ) ;
#967 = LINE ( 'NONE', #341, #1253 ) ;
#968 = DIRECTION ( 'NONE',  ( 0.000000000000000000, 0.000000000000000000, -1.000000000000000000 ) ) ;
#969 = AXIS2_PLACEMENT_3D ( 'NONE', #2032, #797, #2474 ) ;
#970 = ADVANCED_FACE ( 'NONE', ( #1511 ), #1244, .F. ) ;
#971 = ORIENTED_EDGE ( 'NONE', *, *, #1359, .T. ) ;
#972 = CARTESIAN_POINT ( 'NONE',  ( 204.2824199899609425, 26.73055435768089083, -20.00000000007673151 ) ) ;
#973 = EDGE_LOOP ( 'NONE', ( #835, #3233, #1530, #939 ) ) ;
#974 =( LENGTH_UNIT ( ) NAMED_UNIT ( * ) SI_UNIT ( .MILLI., .METRE. ) );
#975 = ORIENTED_EDGE ( 'NONE', *, *, #2091, .T. ) ;
#976 = DIRECTION ( 'NONE',  ( -0.000000000000000000, 1.000000000000000000, 0.000000000000000000 ) ) ;
#977 = SURFACE_STYLE_FILL_AREA ( #1250 ) ;
#978 = PLANE ( 'NONE',  #1317 ) ;
#979 = ORIENTED_EDGE ( 'NONE', *, *, #251, .T. ) ;
#980 = EDGE_CURVE ( 'NONE', #2449, #220, #2611, .T. ) ;
#981 = VECTOR ( 'NONE', #241, 1000.000000000000000 ) ;
#982 = DIRECTION ( 'NONE',  ( -2.569960705150825398E-16, -0.000000000000000000, 1.000000000000000000 ) ) ;
#983 = DIRECTION ( 'NONE',  ( -0.000000000000000000, 1.000000000000000000, -1.445602896647339656E-16 ) ) ;
#984 = CYLINDRICAL_SURFACE ( 'NONE', #3310, 32.00000000000000000 ) ;
#985 = CIRCLE ( 'NONE', #2786, 2.000000000000000000 ) ;
#986 = VERTEX_POINT ( 'NONE', #1495 ) ;
#987 = CARTESIAN_POINT ( 'NONE',  ( 193.6014379436465163, 35.00000000010875567, -20.10561019845858866 ) ) ;
#988 = ORIENTED_EDGE ( 'NONE', *, *, #1871, .T. ) ;
#989 = DIRECTION ( 'NONE',  ( 0.000000000000000000, 0.000000000000000000, 1.000000000000000000 ) ) ;
#990 = VECTOR ( 'NONE', #1903, 1000.000000000000000 ) ;
#991 = ORIENTED_EDGE ( 'NONE', *, *, #2213, .T. ) ;
#992 = CARTESIAN_POINT ( 'NONE',  ( 0.000000000000000000, -2.500000000000000000, 9.500000000000001776 ) ) ;
#993 = AXIS2_PLACEMENT_3D ( 'NONE', #3344, #2511, #2838 ) ;
#994 = DIRECTION ( 'NONE',  ( 0.000000000000000000, 0.000000000000000000, 1.000000000000000000 ) ) ;
#995 = EDGE_CURVE ( 'NONE', #220, #1229, #3481, .T. ) ;
#996 = PRODUCT_DEFINITION_FORMATION_WITH_SPECIFIED_SOURCE ( 'ANY', '', #1629, .NOT_KNOWN. ) ;
#997 = CARTESIAN_POINT ( 'NONE',  ( -4.000000000000000000, 0.000000000000000000, -15.35640646055102110 ) ) ;
#998 = DIRECTION ( 'NONE',  ( 0.000000000000000000, 1.000000000000000000, 1.445602896647339656E-16 ) ) ;
#999 = VERTEX_POINT ( 'NONE', #1788 ) ;
#1000 = CARTESIAN_POINT ( 'NONE',  ( 192.3342179807374066, 32.16699209837872075, -20.00000000007673151 ) ) ;
#1001 = DIRECTION ( 'NONE',  ( 0.000000000000000000, 0.000000000000000000, 1.000000000000000000 ) ) ;
#1002 = CARTESIAN_POINT ( 'NONE',  ( -2.029279522197668939E-11, -7.081411840863474200E-31, 5.400686655260642565E-17 ) ) ;
#1003 = FACE_OUTER_BOUND ( 'NONE', #2598, .T. ) ;
#1004 = ORIENTED_EDGE ( 'NONE', *, *, #1635, .T. ) ;
#1005 = CARTESIAN_POINT ( 'NONE',  ( 0.000000000000000000, 2.000000000000000000, 0.000000000000000000 ) ) ;
#1006 = ORIENTED_EDGE ( 'NONE', *, *, #6, .T. ) ;
#1007 = ORIENTED_EDGE ( 'NONE', *, *, #2363, .F. ) ;
#1008 = ORIENTED_EDGE ( 'NONE', *, *, #2744, .F. ) ;
#1009 = CARTESIAN_POINT ( 'NONE',  ( 0.000000000000000000, 2.000000000000000000, -6.000000000000000000 ) ) ;
#1010 = CARTESIAN_POINT ( 'NONE',  ( 0.000000000000000000, 10.00000000000000000, 40.00000000000000000 ) ) ;
#1011 = EDGE_CURVE ( 'NONE', #816, #3318, #1685, .T. ) ;
#1012 = CARTESIAN_POINT ( 'NONE',  ( 0.000000000000000000, 10.00000000000000000, 0.000000000000000000 ) ) ;
#1013 = ORIENTED_EDGE ( 'NONE', *, *, #2185, .T. ) ;
#1014 = CARTESIAN_POINT ( 'NONE',  ( 196.2038937436009576, 34.20033717047859056, -20.00000000007677059 ) ) ;
#1015 = CARTESIAN_POINT ( 'NONE',  ( 193.6014379435031856, 20.00000000000110845, -80.00000000007673862 ) ) ;
#1016 = VECTOR ( 'NONE', #1296, 1000.000000000000000 ) ;
#1017 = CARTESIAN_POINT ( 'NONE',  ( -399924.9999999997672, 10.00000000000000000, 0.000000000000000000 ) ) ;
#1018 = CARTESIAN_POINT ( 'NONE',  ( -32.00000000000000000, 0.000000000000000000, 0.000000000000000000 ) ) ;
#1019 = ORIENTED_EDGE ( 'NONE', *, *, #658, .T. ) ;
#1020 = LINE ( 'NONE', #2153, #2344 ) ;
#1021 = CIRCLE ( 'NONE', #2461, 1.500000000000000666 ) ;
#1022 = ORIENTED_EDGE ( 'NONE', *, *, #3280, .F. ) ;
#1023 = VECTOR ( 'NONE', #1517, 1000.000000000000000 ) ;
#1024 = PRODUCT_DEFINITION_SHAPE ( 'NONE', 'NONE',  #34 ) ;
#1025 = VERTEX_POINT ( 'NONE', #938 ) ;
#1026 = ADVANCED_FACE ( 'NONE', ( #2085 ), #666, .F. ) ;
#1027 = ORIENTED_EDGE ( 'NONE', *, *, #3213, .T. ) ;
#1028 = DIRECTION ( 'NONE',  ( 0.000000000000000000, 1.000000000000000000, 0.000000000000000000 ) ) ;
#1029 = CARTESIAN_POINT ( 'NONE',  ( 201.9558101638769756, 27.49988036620676723, -96.12859836664556212 ) ) ;
#1030 = CARTESIAN_POINT ( 'NONE',  ( 24.99999999997970690, 24.00000000000000000, -100.0000000001534772 ) ) ;
#1031 = ORIENTED_EDGE ( 'NONE', *, *, #2138, .F. ) ;
#1032 = LINE ( 'NONE', #474, #1776 ) ;
#1033 = CARTESIAN_POINT ( 'NONE',  ( 2.999999999999997335, 20.00000000000000000, -4.000000000000000888 ) ) ;
#1034 = CARTESIAN_POINT ( 'NONE',  ( 12.49999999997970157, 5.999999999999996447, -85.00000000015347723 ) ) ;
#1035 = VECTOR ( 'NONE', #2410, 1000.000000000000000 ) ;
#1036 = DIRECTION ( 'NONE',  ( -2.312964634635742957E-16, 0.000000000000000000, -1.000000000000000000 ) ) ;
#1037 = LINE ( 'NONE', #3058, #759 ) ;
#1038 = ORIENTED_EDGE ( 'NONE', *, *, #1992, .F. ) ;
#1039 = ADVANCED_FACE ( 'NONE', ( #1606 ), #3390, .F. ) ;
#1040 = CARTESIAN_POINT ( 'NONE',  ( 10.00000000000007816, 0.000000000000000000, -17.32050807568872841 ) ) ;
#1041 = AXIS2_PLACEMENT_3D ( 'NONE', #438, #1672, #3381 ) ;
#1042 = ORIENTED_EDGE ( 'NONE', *, *, #1464, .T. ) ;
#1043 = EDGE_CURVE ( 'NONE', #2449, #3421, #1020, .T. ) ;
#1044 = DIRECTION ( 'NONE',  ( 0.9985235905970791803, -9.950772281284919565E-18, -0.05431978480366481815 ) ) ;
#1045 = ADVANCED_FACE ( 'NONE', ( #2208 ), #3335, .T. ) ;
#1046 = VERTEX_POINT ( 'NONE', #465 ) ;
#1047 = DIRECTION ( 'NONE',  ( 2.569960705150825398E-16, 2.569960705150825398E-16, -1.000000000000000000 ) ) ;
#1048 = CARTESIAN_POINT ( 'NONE',  ( 12.49999999997970157, 5.999999999999996447, -85.00000000015347723 ) ) ;
#1049 = AXIS2_PLACEMENT_3D ( 'NONE', #2258, #3644, #3407 ) ;
#1050 = APPLICATION_CONTEXT ( 'automotive_design' ) ;
#1051 = AXIS2_PLACEMENT_3D ( 'NONE', #1716, #1936, #1979 ) ;
#1052 = CARTESIAN_POINT ( 'NONE',  ( 212.7671076803642336, 29.10397530766827856, -80.00000000007671019 ) ) ;
#1053 = VERTEX_POINT ( 'NONE', #2775 ) ;
#1054 = CARTESIAN_POINT ( 'NONE',  ( 191.2008390787392216, 31.24654708175694395, -20.00000000007673151 ) ) ;
#1055 = PRODUCT_DEFINITION ( 'UNKNOWN', '', #1478, #2309 ) ;
#1056 = PRODUCT_DEFINITION_FORMATION_WITH_SPECIFIED_SOURCE ( 'ANY', '', #2769, .NOT_KNOWN. ) ;
#1057 = CARTESIAN_POINT ( 'NONE',  ( 186.4052049648193758, 22.44679791200953645, -98.87058962958485608 ) ) ;
#1058 = DIRECTION ( 'NONE',  ( 0.000000000000000000, 0.000000000000000000, 1.000000000000000000 ) ) ;
#1059 = ITEM_DEFINED_TRANSFORMATION ( 'NONE', 'NONE', #128,  #3086 ) ;
#1060 = PRODUCT_DEFINITION_SHAPE ( 'NONE', 'NONE',  #3657 ) ;
#1061 = CARTESIAN_POINT ( 'NONE',  ( 12.49999999997970157, 20.99999999999999645, -80.00000000015347723 ) ) ;
#1062 = PLANE ( 'NONE',  #2027 ) ;
#1063 = CARTESIAN_POINT ( 'NONE',  ( 215.7596123864777837, -291563.0763512535486, -6.305384267193403502 ) ) ;
#1064 = ORIENTED_EDGE ( 'NONE', *, *, #378, .T. ) ;
#1065 = DIRECTION ( 'NONE',  ( 0.000000000000000000, 0.000000000000000000, 1.000000000000000000 ) ) ;
#1066 = ORIENTED_EDGE ( 'NONE', *, *, #1312, .T. ) ;
#1067 = DIRECTION ( 'NONE',  ( -0.9423486725867682434, -4.506899730769179666E-17, 0.3346326034234506364 ) ) ;
#1068 = EDGE_LOOP ( 'NONE', ( #988, #684, #449, #2163 ) ) ;
#1069 = LINE ( 'NONE', #3362, #2647 ) ;
#1070 = CARTESIAN_POINT ( 'NONE',  ( 40.00000000000000000, 10.50000000000000000, -1.734723475976806306E-15 ) ) ;
#1071 = EDGE_CURVE ( 'NONE', #165, #913, #157, .T. ) ;
#1072 = EDGE_CURVE ( 'NONE', #625, #1804, #3616, .T. ) ;
#1073 = FACE_BOUND ( 'NONE', #2176, .T. ) ;
#1074 = VERTEX_POINT ( 'NONE', #1040 ) ;
#1075 = CARTESIAN_POINT ( 'NONE',  ( 1.120846245543392072, 7.759288299593873006, 4.875204307872174958 ) ) ;
#1076 = CARTESIAN_POINT ( 'NONE',  ( 12.49999999997970157, 5.999999999999996447, -15.00000000000000000 ) ) ;
#1077 = CONTEXT_DEPENDENT_SHAPE_REPRESENTATION ( #1172, #2405 ) ;
#1078 = DIRECTION ( 'NONE',  ( 2.699885895008390934E-32, -1.000000000000000000, 1.156482317317871725E-16 ) ) ;
#1079 = CARTESIAN_POINT ( 'NONE',  ( 1.306313367120979452, -0.7626452487515705814, 4.866499181430731014 ) ) ;
#1080 =( BOUNDED_SURFACE ( )  B_SPLINE_SURFACE ( 3, 1, ( 
 ( #1217, #437 ),
 ( #2669, #3267 ),
 ( #129, #1233 ),
 ( #3547, #456 ) ),
 .UNSPECIFIED., .F., .F., .T. ) 
 B_SPLINE_SURFACE_WITH_KNOTS ( ( 4, 4 ),
 ( 2, 2 ),
 ( 0.000000000000000000, 1.000000000000000000 ),
 ( 0.000000000000000000, 1.000000000000000000 ),
 .UNSPECIFIED. ) 
 GEOMETRIC_REPRESENTATION_ITEM ( )  RATIONAL_B_SPLINE_SURFACE ( (
 ( 1.000000000000000000, 1.000000000000000000),
 ( 0.3333333333337885618, 0.3333333333337885618),
 ( 0.3333333333337885618, 0.3333333333337885618),
 ( 1.000000000000000000, 1.000000000000000000) ) ) 
 REPRESENTATION_ITEM ( '' )  SURFACE ( )  );
#1081 = ADVANCED_FACE ( 'NONE', ( #2137 ), #752, .T. ) ;
#1082 = VERTEX_POINT ( 'NONE', #520 ) ;
#1083 = CARTESIAN_POINT ( 'NONE',  ( 193.6014379435076194, 4.999999999891750591, -77.27403880148798976 ) ) ;
#1084 = AXIS2_PLACEMENT_3D ( 'NONE', #736, #3262, #3006 ) ;
#1085 = CARTESIAN_POINT ( 'NONE',  ( 575.1633660897678055, 1026.000000000024102, 1290.927838031776218 ) ) ;
#1086 = EDGE_LOOP ( 'NONE', ( #3620, #2291, #542, #1920, #1262, #1583, #1502 ) ) ;
#1087 = CIRCLE ( 'NONE', #855, 2.500000000000001332 ) ;
#1088 = VERTEX_POINT ( 'NONE', #1888 ) ;
#1089 = DIRECTION ( 'NONE',  ( 1.000000000000000000, 0.000000000000000000, -0.000000000000000000 ) ) ;
#1090 = DIRECTION ( 'NONE',  ( -0.000000000000000000, 1.000000000000000000, 0.000000000000000000 ) ) ;
#1091 = AXIS2_PLACEMENT_3D ( 'NONE', #3199, #656, #1792 ) ;
#1092 = CARTESIAN_POINT ( 'NONE',  ( 186.9804715666866173, 24.78966419018271949, -80.00000000007679546 ) ) ;
#1093 = ORIENTED_EDGE ( 'NONE', *, *, #3173, .F. ) ;
#1094 = LINE ( 'NONE', #257, #3311 ) ;
#1095 = CARTESIAN_POINT ( 'NONE',  ( 24.99999999997970335, 23.99999999999999645, -70.00000000015346302 ) ) ;
#1096 = ITEM_DEFINED_TRANSFORMATION ( 'NONE', 'NONE', #306,  #3086 ) ;
#1097 = EDGE_CURVE ( 'NONE', #2237, #158, #2106, .T. ) ;
#1098 = LINE ( 'NONE', #2829, #1198 ) ;
#1099 = DIRECTION ( 'NONE',  ( 0.000000000000000000, 1.000000000000000000, 0.000000000000000000 ) ) ;
#1100 = CARTESIAN_POINT ( 'NONE',  ( 208.3735542389442799, 19.99999999999982947, -20.00000000007662493 ) ) ;
#1101 = UNCERTAINTY_MEASURE_WITH_UNIT (LENGTH_MEASURE( 1.000000000000000082E-05 ), #1383, 'distance_accuracy_value', 'NONE');
#1102 = EDGE_LOOP ( 'NONE', ( #3081, #156, #3368, #1998 ) ) ;
#1103 = FACE_OUTER_BOUND ( 'NONE', #2548, .T. ) ;
#1104 = AXIS2_PLACEMENT_3D ( 'NONE', #1222, #460, #2148 ) ;
#1105 = DIRECTION ( 'NONE',  ( -0.05431978480366480427, 4.162904661495085509E-19, -0.9985235905970792913 ) ) ;
#1106 = VERTEX_POINT ( 'NONE', #448 ) ;
#1107 = CIRCLE ( 'NONE', #1579, 4.000000000000000000 ) ;
#1108 = CARTESIAN_POINT ( 'NONE',  ( 195.0984622116766900, 15.44692428889140778, -80.00000000007679546 ) ) ;
#1109 = VERTEX_POINT ( 'NONE', #1567 ) ;
#1110 = DIRECTION ( 'NONE',  ( 0.000000000000000000, 0.000000000000000000, 1.000000000000000000 ) ) ;
#1111 = CARTESIAN_POINT ( 'NONE',  ( 212.1539547433518749, 29.86891729018050867, -80.00000000007675283 ) ) ;
#1112 = CARTESIAN_POINT ( 'NONE',  ( 2.369101981968380954, 9.185364920728535054, 4.403671262993348101 ) ) ;
#1113 = CARTESIAN_POINT ( 'NONE',  ( 12.49999999997970157, 5.999999999999996447, -85.00000000015347723 ) ) ;
#1114 = DIRECTION ( 'NONE',  ( -0.9848077530122071321, 0.000000000000000000, -0.1736481776669355770 ) ) ;
#1115 = CARTESIAN_POINT ( 'NONE',  ( 36.00000000000000711, 10.50000000000000000, -4.000000000000000888 ) ) ;
#1116 = PRODUCT_DEFINITION_FORMATION_WITH_SPECIFIED_SOURCE ( 'ANY', '', #1358, .NOT_KNOWN. ) ;
#1117 = VERTEX_POINT ( 'NONE', #2719 ) ;
#1118 = CARTESIAN_POINT ( 'NONE',  ( -1.196717582843324301, 0.9243254221854453334, 4.799978644992899390 ) ) ;
#1119 = DIRECTION ( 'NONE',  ( 1.000000000000000000, 0.000000000000000000, 0.000000000000000000 ) ) ;
#1120 = PRODUCT_DEFINITION_SHAPE ( 'NONE', 'NONE',  #3646 ) ;
#1121 = VERTEX_POINT ( 'NONE', #173 ) ;
#1122 = DIRECTION ( 'NONE',  ( 2.758904216193558028E-12, -1.000000000000000000, -0.000000000000000000 ) ) ;
#1123 = ORIENTED_EDGE ( 'NONE', *, *, #602, .T. ) ;
#1124 =( REPRESENTATION_RELATIONSHIP ('NONE','NONE', #1973, #2372 ) REPRESENTATION_RELATIONSHIP_WITH_TRANSFORMATION ( #1644 )SHAPE_REPRESENTATION_RELATIONSHIP( ) );
#1125 = CARTESIAN_POINT ( 'NONE',  ( 4.000000000000000888, 2.000000000000000000, -13.85640646055101932 ) ) ;
#1126 = CARTESIAN_POINT ( 'NONE',  ( 0.000000000000000000, 25.00000000000000000, 0.000000000000000000 ) ) ;
#1127 = CARTESIAN_POINT ( 'NONE',  ( 203.4136264097945741, 34.80456620619378327, -80.00000000007675283 ) ) ;
#1128 = CARTESIAN_POINT ( 'NONE',  ( 2.500000000000001776, 10.00000000000000000, 4.330127018922191873 ) ) ;
#1129 = ADVANCED_FACE ( 'NONE', ( #1584 ), #1280, .T. ) ;
#1130 = CARTESIAN_POINT ( 'NONE',  ( 215.3863219881772864, 23.38593079847344214, -93.76043676729730691 ) ) ;
#1131 = DIRECTION ( 'NONE',  ( 0.000000000000000000, 0.000000000000000000, -1.000000000000000000 ) ) ;
#1132 = VERTEX_POINT ( 'NONE', #3023 ) ;
#1133 = CARTESIAN_POINT ( 'NONE',  ( 12.49999999997970157, 5.999999999999996447, -85.00000000015347723 ) ) ;
#1134 = CARTESIAN_POINT ( 'NONE',  ( 2.500000000000001776, 10.00000000000000000, 4.330127018922191873 ) ) ;
#1135 = ADVANCED_FACE ( 'NONE', ( #2434 ), #772, .F. ) ;
#1136 = DIRECTION ( 'NONE',  ( 0.000000000000000000, 0.000000000000000000, -1.000000000000000000 ) ) ;
#1137 = CARTESIAN_POINT ( 'NONE',  ( 5.684341886080801487E-11, 0.000000000000000000, -100.0000000000227374 ) ) ;
#1138 = SHAPE_DEFINITION_REPRESENTATION ( #159, #1973 ) ;
#1139 = ORIENTED_EDGE ( 'NONE', *, *, #1871, .F. ) ;
#1140 = DIRECTION ( 'NONE',  ( -0.000000000000000000, -0.000000000000000000, -1.000000000000000000 ) ) ;
#1141 = ORIENTED_EDGE ( 'NONE', *, *, #3450, .F. ) ;
#1142 = AXIS2_PLACEMENT_3D ( 'NONE', #2905, #2884, #2656 ) ;
#1143 = DIRECTION ( 'NONE',  ( 0.000000000000000000, -1.156482317317871725E-16, 1.000000000000000000 ) ) ;
#1144 = CIRCLE ( 'NONE', #102, 5.000000000000004441 ) ;
#1145 = DIRECTION ( 'NONE',  ( 1.000000000000000000, -0.000000000000000000, 2.334567381254908161E-16 ) ) ;
#1146 = DIRECTION ( 'NONE',  ( -0.000000000000000000, 1.000000000000000000, 2.168404344971008868E-16 ) ) ;
#1147 = CARTESIAN_POINT ( 'NONE',  ( 208.3735542387616988, 19.01603526306128344, -94.99697693096153728 ) ) ;
#1148 = CARTESIAN_POINT ( 'NONE',  ( -0.8153798621788100887, 12.36899079074686014, 4.935481307755256175 ) ) ;
#1149 = VERTEX_POINT ( 'NONE', #2173 ) ;
#1150 = CARTESIAN_POINT ( 'NONE',  ( -2.029973411588059662E-11, 23.99999999999999645, -70.00000000015346302 ) ) ;
#1151 = LINE ( 'NONE', #2635, #3604 ) ;
#1152 = CARTESIAN_POINT ( 'NONE',  ( 12.49999999997970157, 20.99999999999999645, -85.00000000015347723 ) ) ;
#1153 = CARTESIAN_POINT ( 'NONE',  ( 193.6014379434600130, 20.00000000000110845, -97.72293812955200565 ) ) ;
#1154 = DIRECTION ( 'NONE',  ( 0.000000000000000000, 0.000000000000000000, 1.000000000000000000 ) ) ;
#1155 = UNCERTAINTY_MEASURE_WITH_UNIT (LENGTH_MEASURE( 1.000000000000000082E-05 ), #390, 'distance_accuracy_value', 'NONE');
#1156 = PRODUCT_CONTEXT ( 'NONE', #494, 'mechanical' ) ;
#1157 = ADVANCED_FACE ( 'NONE', ( #3297 ), #2753, .F. ) ;
#1158 = ORIENTED_EDGE ( 'NONE', *, *, #1755, .F. ) ;
#1159 = LINE ( 'NONE', #2870, #2479 ) ;
#1160 = VERTEX_POINT ( 'NONE', #3042 ) ;
#1161 = B_SPLINE_CURVE_WITH_KNOTS ( 'NONE', 3,
 ( #1472, #82, #914, #1189, #2371, #2338, #1503, #2062, #3189, #2634, #3489, #1814, #2948, #2918, #645, #1779, #1797, #373, #96, #1204, #2357, #3220, #2933, #407, #2653, #678, #1524, #2673, #2113, #131, #1254, #1578, #3608, #1014, #150, #2691, #2747, #1000, #459, #1054, #441, #221, #2201, #3270, #3569, #765, #1598, #2408, #1559, #2128, #491, #1540 ),
 .UNSPECIFIED., .F., .F.,
 ( 4, 2, 2, 2, 2, 2, 2, 2, 2, 2, 2, 2, 2, 2, 2, 2, 2, 2, 2, 2, 2, 2, 2, 2, 2, 4 ),
 ( 6.995647474901440755E-16, 0.001459694457715478462, 0.002919388915430257397, 0.004379083373145037199, 0.005838777830859815700, 0.008758166746289373569, 0.01167755566171893057, 0.01313725011943373683, 0.01459694457714854482, 0.01605663903486335628, 0.01751633349257816774, 0.01897602795029297573, 0.02043572240800778719, 0.02189541686572259518, 0.02335511132343740665, 0.02627450023886694630, 0.02773419469658167796, 0.02919388915429640616, 0.03211327806972579663, 0.03357297252744048666, 0.03503266698515517669, 0.04087144481601388130, 0.04233113927372855051, 0.04379083373144322666, 0.04525052818915790281, 0.04671022264687257897 ),
 .UNSPECIFIED. ) ;
#1162 = EDGE_CURVE ( 'NONE', #3480, #560, #499, .T. ) ;
#1163 = DIRECTION ( 'NONE',  ( 0.000000000000000000, 1.000000000000000000, 0.000000000000000000 ) ) ;
#1164 = CARTESIAN_POINT ( 'NONE',  ( 193.7909063065372948, 18.05045813548078826, -20.00000000007673151 ) ) ;
#1165 = LINE ( 'NONE', #90, #1995 ) ;
#1166 = DIRECTION ( 'NONE',  ( -1.000000000000000000, 0.000000000000000000, 0.000000000000000000 ) ) ;
#1167 = CARTESIAN_POINT ( 'NONE',  ( 202.9022172545225260, 12.73978549428869300, -95.96172126183100204 ) ) ;
#1168 = PRODUCT_DEFINITION ( 'UNKNOWN', '', #886, #885 ) ;
#1169 =( NAMED_UNIT ( * ) PLANE_ANGLE_UNIT ( ) SI_UNIT ( $, .RADIAN. ) );
#1170 = ORIENTED_EDGE ( 'NONE', *, *, #1594, .F. ) ;
#1171 =( GEOMETRIC_REPRESENTATION_CONTEXT ( 3 ) GLOBAL_UNCERTAINTY_ASSIGNED_CONTEXT ( ( #2226 ) ) GLOBAL_UNIT_ASSIGNED_CONTEXT ( ( #487, #725, #1327 ) ) REPRESENTATION_CONTEXT ( 'NONE', 'WORKASPACE' ) );
#1172 =( REPRESENTATION_RELATIONSHIP ('NONE','NONE', #1973, #1850 ) REPRESENTATION_RELATIONSHIP_WITH_TRANSFORMATION ( #2503 )SHAPE_REPRESENTATION_RELATIONSHIP( ) );
#1173 = LINE ( 'NONE', #1884, #981 ) ;
#1174 = CARTESIAN_POINT ( 'NONE',  ( -4.000000000000000000, 0.000000000000000000, -12.35640646055101755 ) ) ;
#1175 = AXIS2_PLACEMENT_3D ( 'NONE', #1956, #1677, #2818 ) ;
#1176 = DIRECTION ( 'NONE',  ( 0.000000000000000000, 0.000000000000000000, 1.000000000000000000 ) ) ;
#1177 = SHAPE_DEFINITION_REPRESENTATION ( #573, #955 ) ;
#1178 = ORIENTED_EDGE ( 'NONE', *, *, #2151, .F. ) ;
#1179 = ORIENTED_EDGE ( 'NONE', *, *, #3371, .F. ) ;
#1180 = CARTESIAN_POINT ( 'NONE',  ( 208.3735542389442799, 19.99999999999982947, -20.00000000007662493 ) ) ;
#1181 = EDGE_LOOP ( 'NONE', ( #3326, #2382 ) ) ;
#1182 = CARTESIAN_POINT ( 'NONE',  ( -4.000000000000000000, 0.000000000000000000, -13.85640646055101932 ) ) ;
#1183 = DIRECTION ( 'NONE',  ( 0.000000000000000000, -1.000000000000000000, -2.168404344971008868E-16 ) ) ;
#1184 = FACE_OUTER_BOUND ( 'NONE', #2227, .T. ) ;
#1185 = ADVANCED_FACE ( 'NONE', ( #1671 ), #3156, .T. ) ;
#1186 = CARTESIAN_POINT ( 'NONE',  ( 214.2761628179356705, 26.62448524770853808, -93.95618778189178499 ) ) ;
#1187 = PLANE ( 'NONE',  #2828 ) ;
#1188 = VERTEX_POINT ( 'NONE', #594 ) ;
#1189 = CARTESIAN_POINT ( 'NONE',  ( 215.6429625130134013, 21.94327166626637293, -20.00000000007673151 ) ) ;
#1190 = CARTESIAN_POINT ( 'NONE',  ( 24.99999999997970690, 13.00000000000000178, -100.0000000001534772 ) ) ;
#1191 = CARTESIAN_POINT ( 'NONE',  ( 186.2153797959384463, 49.99999999994088284, -74.64587363251190766 ) ) ;
#1192 = CARTESIAN_POINT ( 'NONE',  ( 6.123233995736765296E-16, 20.00000000000000000, 4.999999999999999112 ) ) ;
#1193 = VERTEX_POINT ( 'NONE', #1438 ) ;
#1194 = CARTESIAN_POINT ( 'NONE',  ( -399924.9999999997672, 10.00000000000000000, -100.0000000000227374 ) ) ;
#1195 = EDGE_LOOP ( 'NONE', ( #2878, #905 ) ) ;
#1196 = CARTESIAN_POINT ( 'NONE',  ( 1.500000000000000222, 1.836970198721030181E-16, 20.00000000000000000 ) ) ;
#1197 = CARTESIAN_POINT ( 'NONE',  ( 1.500000000000000222, 1.836970198721030181E-16, 20.00000000000000000 ) ) ;
#1198 = VECTOR ( 'NONE', #2863, 1000.000000000000000 ) ;
#1199 = EDGE_CURVE ( 'NONE', #846, #531, #3261, .T. ) ;
#1200 = CARTESIAN_POINT ( 'NONE',  ( 215.2704241850992162, 23.85954343133694877, -93.78087267698475671 ) ) ;
#1201 = VECTOR ( 'NONE', #1825, 1000.000000000000000 ) ;
#1202 = CARTESIAN_POINT ( 'NONE',  ( 0.000000000000000000, 10.00000000000000000, 40.00000000000000000 ) ) ;
#1203 = ORIENTED_EDGE ( 'NONE', *, *, #1343, .F. ) ;
#1204 = CARTESIAN_POINT ( 'NONE',  ( 207.5661958245940752, 33.43940352971893759, -20.00000000007672085 ) ) ;
#1205 = CYLINDRICAL_SURFACE ( 'NONE', #2302, 1.500000000000000222 ) ;
#1206 = DIRECTION ( 'NONE',  ( -0.000000000000000000, -0.000000000000000000, -1.000000000000000000 ) ) ;
#1207 = PLANE ( 'NONE',  #3154 ) ;
#1208 = EDGE_LOOP ( 'NONE', ( #2442, #3617, #1064, #2720 ) ) ;
#1209 = CARTESIAN_POINT ( 'NONE',  ( 198.5921379047145479, 27.11180587954825327, -20.00000000007673506 ) ) ;
#1210 = VERTEX_POINT ( 'NONE', #613 ) ;
#1211 =( LENGTH_UNIT ( ) NAMED_UNIT ( * ) SI_UNIT ( .MILLI., .METRE. ) );
#1212 = B_SPLINE_CURVE_WITH_KNOTS ( 'NONE', 3,
 ( #3409, #1147, #370, #876, #1485, #2631, #587, #92, #1167, #2576, #3430, #2024, #3149, #2876, #332, #1450, #843, #571, #404, #2963, #2073, #3502, #3531, #1290, #726, #944 ),
 .UNSPECIFIED., .F., .F.,
 ( 4, 2, 2, 2, 2, 2, 2, 2, 2, 2, 2, 2, 4 ),
 ( 6.591949208711866959E-17, 0.002949362038849861773, 0.005898724077699657627, 0.008848086116549452179, 0.01032276713597435336, 0.01179744815539925454, 0.01327212917482415225, 0.01474681019424905516, 0.01769617223309892518, 0.01917085325252385758, 0.02064553427194879345, 0.02212021529137372586, 0.02359489631079866173 ),
 .UNSPECIFIED. ) ;
#1213 = SHAPE_REPRESENTATION ( 'Drive_Shaft', ( #3086 ), #1724 ) ;
#1214 = DIRECTION ( 'NONE',  ( 0.000000000000000000, 1.000000000000000000, 0.000000000000000000 ) ) ;
#1215 = CARTESIAN_POINT ( 'NONE',  ( 199.0597525333041631, 27.25687757694747049, -80.00000000007672440 ) ) ;
#1216 = PRESENTATION_LAYER_ASSIGNMENT (  '', '', ( #642 ) ) ;
#1217 = CARTESIAN_POINT ( 'NONE',  ( 215.7596123864732931, 20.00000000003865352, -25.32286969646213137 ) ) ;
#1218 = AXIS2_PLACEMENT_3D ( 'NONE', #3338, #919, #717 ) ;
#1219 = PRESENTATION_STYLE_ASSIGNMENT (( #93 ) ) ;
#1220 = ORIENTED_EDGE ( 'NONE', *, *, #2768, .T. ) ;
#1221 =( NAMED_UNIT ( * ) SI_UNIT ( $, .STERADIAN. ) SOLID_ANGLE_UNIT ( ) );
#1222 = CARTESIAN_POINT ( 'NONE',  ( -114.9999999999522515, 10.00000000000000000, 291504.9999999998836 ) ) ;
#1223 = CARTESIAN_POINT ( 'NONE',  ( 208.3735542389808018, 19.99999999999999645, -5.003022934721032655 ) ) ;
#1224 = VECTOR ( 'NONE', #2427, 1000.000000000000000 ) ;
#1225 = VERTEX_POINT ( 'NONE', #1137 ) ;
#1226 = ADVANCED_FACE ( 'NONE', ( #3437 ), #1731, .F. ) ;
#1227 = EDGE_CURVE ( 'NONE', #2135, #1887, #3118, .T. ) ;
#1228 = CARTESIAN_POINT ( 'NONE',  ( 208.3270358526606572, 19.02882007629870387, -80.00000000007672440 ) ) ;
#1229 = VERTEX_POINT ( 'NONE', #2566 ) ;
#1230 = VECTOR ( 'NONE', #2132, 1000.000000000000000 ) ;
#1231 = CARTESIAN_POINT ( 'NONE',  ( -2.029973411588059662E-11, 20.99999999999999289, -27.00000000000000000 ) ) ;
#1232 = CARTESIAN_POINT ( 'NONE',  ( 24.99999999997970690, 24.00000000000000000, -6.270099322126735068E-15 ) ) ;
#1233 = CARTESIAN_POINT ( 'NONE',  ( 186.2153797961175599, 49.99999999994087574, -1.095938937179039563 ) ) ;
#1234 = CARTESIAN_POINT ( 'NONE',  ( 1.500000000000000222, 1.836970198721030181E-16, 0.000000000000000000 ) ) ;
#1235 = VECTOR ( 'NONE', #2639, 1000.000000000000000 ) ;
#1236 = ORIENTED_EDGE ( 'NONE', *, *, #3248, .T. ) ;
#1237 = SURFACE_SIDE_STYLE ('',( #336 ) ) ;
#1238 = EDGE_CURVE ( 'NONE', #1074, #201, #2247, .T. ) ;
#1239 = CARTESIAN_POINT ( 'NONE',  ( 1.653533745081446016, 11.88192176765218555, 4.720230888861524754 ) ) ;
#1240 = CARTESIAN_POINT ( 'NONE',  ( 3.061617207092592341E-16, -1.500000000000000222, 4.499999999999999112 ) ) ;
#1241 = DIRECTION ( 'NONE',  ( 0.1736481776669348276, -0.000000000000000000, 0.9848077530122074652 ) ) ;
#1242 = CARTESIAN_POINT ( 'NONE',  ( 4.000000000000000888, 2.001000000000000334, -13.85640646055101932 ) ) ;
#1243 = EDGE_LOOP ( 'NONE', ( #928, #2112, #379, #1512 ) ) ;
#1244 = PLANE ( 'NONE',  #268 ) ;
#1245 = EDGE_LOOP ( 'NONE', ( #1300, #2061, #3642, #3252 ) ) ;
#1246 =( LENGTH_UNIT ( ) NAMED_UNIT ( * ) SI_UNIT ( .MILLI., .METRE. ) );
#1247 = EDGE_LOOP ( 'NONE', ( #2990, #2499, #2345, #743, #2660, #2516, #1260, #67 ) ) ;
#1248 = ADVANCED_FACE ( 'NONE', ( #283 ), #881, .T. ) ;
#1249 = DIRECTION ( 'NONE',  ( -0.000000000000000000, 1.000000000000000000, -0.000000000000000000 ) ) ;
#1250 = FILL_AREA_STYLE ('',( #1826 ) ) ;
#1251 = DIRECTION ( 'NONE',  ( 0.000000000000000000, 1.000000000000000000, 0.000000000000000000 ) ) ;
#1252 = ORIENTED_EDGE ( 'NONE', *, *, #2486, .F. ) ;
#1253 = VECTOR ( 'NONE', #1206, 1000.000000000000000 ) ;
#1254 = CARTESIAN_POINT ( 'NONE',  ( 199.0390344085151924, 34.90173038552239859, -20.00000000007673862 ) ) ;
#1255 = AXIS2_PLACEMENT_3D ( 'NONE', #2821, #530, #2804 ) ;
#1256 = FACE_OUTER_BOUND ( 'NONE', #1614, .T. ) ;
#1257 = PRODUCT_DEFINITION_SHAPE ( 'NONE', 'NONE',  #3654 ) ;
#1258 = CARTESIAN_POINT ( 'NONE',  ( 36.00000000000000711, 12.00000000000000000, -4.000000000000000888 ) ) ;
#1259 = CYLINDRICAL_SURFACE ( 'NONE', #840, 1.500000000000001332 ) ;
#1260 = ORIENTED_EDGE ( 'NONE', *, *, #3475, .T. ) ;
#1261 = CARTESIAN_POINT ( 'NONE',  ( 208.3735542389808018, 19.99999999999982947, -5.003022934721032655 ) ) ;
#1262 = ORIENTED_EDGE ( 'NONE', *, *, #3071, .T. ) ;
#1263 = CARTESIAN_POINT ( 'NONE',  ( 0.000000000000000000, 0.000000000000000000, 0.000000000000000000 ) ) ;
#1264 = ADVANCED_FACE ( 'NONE', ( #2833 ), #1711, .F. ) ;
#1265 = VERTEX_POINT ( 'NONE', #1688 ) ;
#1266 = DIRECTION ( 'NONE',  ( 0.000000000000000000, 1.000000000000000000, 0.000000000000000000 ) ) ;
#1267 = CARTESIAN_POINT ( 'NONE',  ( 197.2865541864658496, 26.50906222877503993, -96.95191417529750311 ) ) ;
#1268 = CARTESIAN_POINT ( 'NONE',  ( 12.49999999997970157, 5.999999999999996447, -20.00000000000000000 ) ) ;
#1269 = LINE ( 'NONE', #2745, #39 ) ;
#1270 = VERTEX_POINT ( 'NONE', #1949 ) ;
#1271 = AXIS2_PLACEMENT_3D ( 'NONE', #1782, #340, #24 ) ;
#1272 = LINE ( 'NONE', #2182, #1224 ) ;
#1273 = CARTESIAN_POINT ( 'NONE',  ( 1.880783153433914112, 11.65482872692172656, 4.634372473166643580 ) ) ;
#1274 = VECTOR ( 'NONE', #804, 1000.000000000000000 ) ;
#1275 = PRODUCT_DEFINITION ( 'UNKNOWN', '', #2858, #1362 ) ;
#1276 = CARTESIAN_POINT ( 'NONE',  ( -1.500000000000000222, 0.000000000000000000, 4.999999999999999112 ) ) ;
#1277 = FACE_BOUND ( 'NONE', #1181, .T. ) ;
#1278 = CARTESIAN_POINT ( 'NONE',  ( -2.029279522197668939E-11, 24.00000000000000000, -4.336808689894647625E-16 ) ) ;
#1279 = ORIENTED_EDGE ( 'NONE', *, *, #3147, .F. ) ;
#1280 = PLANE ( 'NONE',  #2222 ) ;
#1281 = ORIENTED_EDGE ( 'NONE', *, *, #20, .F. ) ;
#1282 = EDGE_CURVE ( 'NONE', #1727, #2485, #302, .T. ) ;
#1283 = CIRCLE ( 'NONE', #1657, 1.500000000000003997 ) ;
#1284 = EDGE_LOOP ( 'NONE', ( #418, #1844, #1066, #3009, #1236 ) ) ;
#1285 = CARTESIAN_POINT ( 'NONE',  ( 0.000000000000000000, 25.00000000000000000, 0.000000000000000000 ) ) ;
#1286 = AXIS2_PLACEMENT_3D ( 'NONE', #1444, #1163, #940 ) ;
#1287 = DIRECTION ( 'NONE',  ( 0.000000000000000000, -1.000000000000000000, -2.168404344971008868E-16 ) ) ;
#1288 = PRODUCT ( 'Chassis', 'Chassis', '', ( #2035 ) ) ;
#1289 = AXIS2_PLACEMENT_3D ( 'NONE', #2982, #680, #3221 ) ;
#1290 = CARTESIAN_POINT ( 'NONE',  ( 193.6490301802352576, 19.01843171628433637, -97.59330780057071308 ) ) ;
#1291 = DIRECTION ( 'NONE',  ( -0.000000000000000000, -1.000000000000000000, -0.000000000000000000 ) ) ;
#1292 = ORIENTED_EDGE ( 'NONE', *, *, #1962, .F. ) ;
#1293 = DIRECTION ( 'NONE',  ( 0.000000000000000000, 0.000000000000000000, 1.000000000000000000 ) ) ;
#1294 = ADVANCED_FACE ( 'NONE', ( #1103 ), #25, .T. ) ;
#1295 = CARTESIAN_POINT ( 'NONE',  ( -0.9284533547626386829, -1.193550081563477638, 4.674017444371772356 ) ) ;
#1296 = DIRECTION ( 'NONE',  ( -1.000000000000000000, 0.000000000000000000, 0.000000000000000000 ) ) ;
#1297 = PLANE ( 'NONE',  #1417 ) ;
#1298 = VECTOR ( 'NONE', #590, 1000.000000000000000 ) ;
#1299 = EDGE_CURVE ( 'NONE', #560, #1863, #2813, .T. ) ;
#1300 = ORIENTED_EDGE ( 'NONE', *, *, #1651, .T. ) ;
#1301 = CARTESIAN_POINT ( 'NONE',  ( 193.6014379436921615, 19.99999999999871392, -2.398300269698408371 ) ) ;
#1302 = ORIENTED_EDGE ( 'NONE', *, *, #1071, .F. ) ;
#1303 = ORIENTED_EDGE ( 'NONE', *, *, #3029, .F. ) ;
#1304 = LINE ( 'NONE', #1590, #1866 ) ;
#1305 = CARTESIAN_POINT ( 'NONE',  ( 206.8612912517810116, 24.57347898081901860, -95.26362969749297349 ) ) ;
#1306 = CARTESIAN_POINT ( 'NONE',  ( 214.9943929881679594, 24.79005851999504983, -80.00000000007672440 ) ) ;
#1307 = EDGE_LOOP ( 'NONE', ( #2433, #3046, #2152, #400 ) ) ;
#1308 = CARTESIAN_POINT ( 'NONE',  ( -437733.1776311434223, 10.00000000000000000, 77084.16956762371410 ) ) ;
#1309 = EDGE_CURVE ( 'NONE', #165, #2398, #443, .T. ) ;
#1310 = EDGE_CURVE ( 'NONE', #3421, #1229, #1988, .T. ) ;
#1311 = CYLINDRICAL_SURFACE ( 'NONE', #3431, 5.000000000000000888 ) ;
#1312 = EDGE_CURVE ( 'NONE', #428, #751, #967, .T. ) ;
#1313 = AXIS2_PLACEMENT_3D ( 'NONE', #1002, #2464, #1036 ) ;
#1314 = LINE ( 'NONE', #2170, #3110 ) ;
#1315 = DIRECTION ( 'NONE',  ( -0.1736481776669343280, 0.000000000000000000, 0.9848077530122073542 ) ) ;
#1316 = VECTOR ( 'NONE', #3246, 1000.000000000000000 ) ;
#1317 = AXIS2_PLACEMENT_3D ( 'NONE', #3515, #1596, #960 ) ;
#1318 = ORIENTED_EDGE ( 'NONE', *, *, #2380, .F. ) ;
#1319 = DIRECTION ( 'NONE',  ( 0.000000000000000000, 1.000000000000000000, 0.000000000000000000 ) ) ;
#1320 = VECTOR ( 'NONE', #1047, 1000.000000000000000 ) ;
#1321 = ORIENTED_EDGE ( 'NONE', *, *, #754, .F. ) ;
#1322 = DIRECTION ( 'NONE',  ( 1.000000000000000000, -5.551115123138339149E-17, -4.076040627368633325E-12 ) ) ;
#1323 = ORIENTED_EDGE ( 'NONE', *, *, #2949, .T. ) ;
#1324 = PRODUCT_DEFINITION ( 'UNKNOWN', '', #1056, #2791 ) ;
#1325 = ORIENTED_EDGE ( 'NONE', *, *, #2538, .F. ) ;
#1326 = DIRECTION ( 'NONE',  ( 0.000000000000000000, 1.000000000000000000, 0.000000000000000000 ) ) ;
#1327 =( NAMED_UNIT ( * ) SI_UNIT ( $, .STERADIAN. ) SOLID_ANGLE_UNIT ( ) );
#1328 = DIRECTION ( 'NONE',  ( 2.435297185593389810E-12, -0.000000000000000000, 1.000000000000000000 ) ) ;
#1329 = CARTESIAN_POINT ( 'NONE',  ( 204.3681443221822462, 34.61027645192213953, -80.00000000007673862 ) ) ;
#1330 = ORIENTED_EDGE ( 'NONE', *, *, #2114, .F. ) ;
#1331 = PRESENTATION_STYLE_ASSIGNMENT (( #2713 ) ) ;
#1332 = CARTESIAN_POINT ( 'NONE',  ( 186.2153797959146004, 20.49230533439722279, -98.90406092848029118 ) ) ;
#1333 = CARTESIAN_POINT ( 'NONE',  ( -0.8162268732147675010, 7.631383852194010053, 4.935306302396405442 ) ) ;
#1334 = DIRECTION ( 'NONE',  ( 0.000000000000000000, 0.000000000000000000, -1.000000000000000000 ) ) ;
#1335 = CARTESIAN_POINT ( 'NONE',  ( 2.449293598294706414E-16, 0.000000000000000000, -4.000000000000000000 ) ) ;
#1336 = CARTESIAN_POINT ( 'NONE',  ( 202.9379605944851903, 12.69917378549782150, -20.00000000007675283 ) ) ;
#1337 = VECTOR ( 'NONE', #1811, 1000.000000000000000 ) ;
#1338 = EDGE_LOOP ( 'NONE', ( #813, #3533 ) ) ;
#1339 = CARTESIAN_POINT ( 'NONE',  ( 208.3735542389379702, 35.00000000010987833, -22.71033286348172098 ) ) ;
#1340 = AXIS2_PLACEMENT_3D ( 'NONE', #2293, #2254, #12 ) ;
#1341 = EDGE_LOOP ( 'NONE', ( #2009, #3568, #971, #3196 ) ) ;
#1342 = DIRECTION ( 'NONE',  ( 0.1249383056870190106, 1.713039432527097252E-16, 0.9921645124534825833 ) ) ;
#1343 = EDGE_CURVE ( 'NONE', #3063, #1351, #663, .T. ) ;
#1344 = ADVANCED_FACE ( 'NONE', ( #3174 ), #359, .T. ) ;
#1345 = ORIENTED_EDGE ( 'NONE', *, *, #1162, .F. ) ;
#1346 = ORIENTED_EDGE ( 'NONE', *, *, #2861, .T. ) ;
#1347 = FACE_OUTER_BOUND ( 'NONE', #2699, .T. ) ;
#1348 = CARTESIAN_POINT ( 'NONE',  ( 0.000000000000000000, -2.500000000000000000, 7.000000000000000000 ) ) ;
#1349 = VECTOR ( 'NONE', #2728, 1000.000000000000000 ) ;
#1350 = CARTESIAN_POINT ( 'NONE',  ( 207.5661958244347716, 33.43940352972551722, -80.00000000007668177 ) ) ;
#1351 = VERTEX_POINT ( 'NONE', #116 ) ;
#1352 = ADVANCED_FACE ( 'NONE', ( #917 ), #2116, .F. ) ;
#1353 = CARTESIAN_POINT ( 'NONE',  ( 215.7596123864777837, 20.00000000003865352, -20.00000000007674217 ) ) ;
#1354 = AXIS2_PLACEMENT_3D ( 'NONE', #2778, #284, #1628 ) ;
#1355 = DIRECTION ( 'NONE',  ( 1.000000000000000000, 0.000000000000000000, 0.000000000000000000 ) ) ;
#1356 = DIRECTION ( 'NONE',  ( -0.000000000000000000, -1.000000000000000000, 0.000000000000000000 ) ) ;
#1357 = CONTEXT_DEPENDENT_SHAPE_REPRESENTATION ( #3488, #1257 ) ;
#1358 = PRODUCT ( 'Rod', 'Rod', '', ( #884 ) ) ;
#1359 = EDGE_CURVE ( 'NONE', #1117, #3359, #2359, .T. ) ;
#1360 = CARTESIAN_POINT ( 'NONE',  ( 4.000000000000000888, 2.000000000000000000, -12.35640646055102110 ) ) ;
#1361 = DIRECTION ( 'NONE',  ( -0.1736481776669355770, 0.000000000000000000, 0.9848077530122071321 ) ) ;
#1362 = PRODUCT_DEFINITION_CONTEXT ( 'detailed design', #2513, 'design' ) ;
#1363 = ORIENTED_EDGE ( 'NONE', *, *, #931, .T. ) ;
#1364 = CARTESIAN_POINT ( 'NONE',  ( -1.450016711795401703, 0.3966715893976899276, 4.963322981940645917 ) ) ;
#1365 = VERTEX_POINT ( 'NONE', #3507 ) ;
#1366 = DIRECTION ( 'NONE',  ( -4.850195663628717539E-17, 1.000000000000000000, 3.072589014668120970E-16 ) ) ;
#1367 = ORIENTED_EDGE ( 'NONE', *, *, #2927, .T. ) ;
#1368 = CARTESIAN_POINT ( 'NONE',  ( 12.49999999997970157, 24.00000000000000000, -80.00000000015347723 ) ) ;
#1369 = LINE ( 'NONE', #1070, #186 ) ;
#1370 = EDGE_CURVE ( 'NONE', #372, #2847, #64, .T. ) ;
#1371 = FACE_OUTER_BOUND ( 'NONE', #2327, .T. ) ;
#1372 = VERTEX_POINT ( 'NONE', #2048 ) ;
#1373 = DIRECTION ( 'NONE',  ( 0.000000000000000000, 0.000000000000000000, -1.000000000000000000 ) ) ;
#1374 = DIRECTION ( 'NONE',  ( -0.000000000000000000, 1.000000000000000000, -0.000000000000000000 ) ) ;
#1375 = CONTEXT_DEPENDENT_SHAPE_REPRESENTATION ( #2204, #1932 ) ;
#1376 = CARTESIAN_POINT ( 'NONE',  ( -2.029973411588059662E-11, 13.00000000000000178, -73.00000000015346302 ) ) ;
#1377 = DIRECTION ( 'NONE',  ( -0.000000000000000000, -1.000000000000000000, -0.000000000000000000 ) ) ;
#1378 = CARTESIAN_POINT ( 'NONE',  ( 208.1418661856851600, 18.07374288049030397, -20.00000000007673506 ) ) ;
#1379 = VECTOR ( 'NONE', #411, 1000.000000000000000 ) ;
#1380 = VERTEX_POINT ( 'NONE', #2622 ) ;
#1381 = DIRECTION ( 'NONE',  ( -1.000000000000000000, 0.000000000000000000, 1.734723475976792303E-16 ) ) ;
#1382 = MECHANICAL_DESIGN_GEOMETRIC_PRESENTATION_REPRESENTATION (  '', ( #3580 ), #2526 ) ;
#1383 =( LENGTH_UNIT ( ) NAMED_UNIT ( * ) SI_UNIT ( .MILLI., .METRE. ) );
#1384 = ORIENTED_EDGE ( 'NONE', *, *, #3598, .F. ) ;
#1385 = VECTOR ( 'NONE', #3499, 1000.000000000000000 ) ;
#1386 = DIRECTION ( 'NONE',  ( 1.000000000000000000, 0.000000000000000000, 0.000000000000000000 ) ) ;
#1387 = EDGE_LOOP ( 'NONE', ( #1123, #184 ) ) ;
#1388 = CARTESIAN_POINT ( 'NONE',  ( 1.836970198721029934E-16, -2.500000000000000000, 5.500000000000000000 ) ) ;
#1389 = DIRECTION ( 'NONE',  ( 0.000000000000000000, 1.000000000000000000, 1.224646799147352714E-16 ) ) ;
#1390 = CARTESIAN_POINT ( 'NONE',  ( 206.2288151596698640, 34.03277946173894009, -80.00000000007675283 ) ) ;
#1391 = ORIENTED_EDGE ( 'NONE', *, *, #52, .T. ) ;
#1392 = CARTESIAN_POINT ( 'NONE',  ( 1.997648066307413428, 8.463015609644221726, 4.589990637419038677 ) ) ;
#1393 = LINE ( 'NONE', #2520, #1465 ) ;
#1394 = ITEM_DEFINED_TRANSFORMATION ( 'NONE', 'NONE', #1895,  #3086 ) ;
#1395 = DIRECTION ( 'NONE',  ( 1.000000000000000000, -0.000000000000000000, 2.334567381254908161E-16 ) ) ;
#1396 = CARTESIAN_POINT ( 'NONE',  ( 0.1018082033057155639, -1.500000000000000444, 4.499999999999999112 ) ) ;
#1397 = PRESENTATION_LAYER_ASSIGNMENT (  '', '', ( #1514 ) ) ;
#1398 = ORIENTED_EDGE ( 'NONE', *, *, #1072, .F. ) ;
#1399 = CARTESIAN_POINT ( 'NONE',  ( -1.420123618304745428, 0.4927254689793968412, 4.942010708403777208 ) ) ;
#1400 = AXIS2_PLACEMENT_3D ( 'NONE', #1113, #1615, #1964 ) ;
#1401 = DIRECTION ( 'NONE',  ( -0.0002067008844870263547, -1.030673846358897924E-20, -0.9999999786373721111 ) ) ;
#1402 = VERTEX_POINT ( 'NONE', #1174 ) ;
#1403 = AXIS2_PLACEMENT_3D ( 'NONE', #2518, #507, #2366 ) ;
#1404 = LINE ( 'NONE', #850, #1521 ) ;
#1405 = EDGE_LOOP ( 'NONE', ( #3577, #2607, #267, #347 ) ) ;
#1406 = EDGE_CURVE ( 'NONE', #1778, #3559, #2393, .T. ) ;
#1407 = DIRECTION ( 'NONE',  ( -0.000000000000000000, -0.000000000000000000, -1.000000000000000000 ) ) ;
#1408 = CARTESIAN_POINT ( 'NONE',  ( 191.9465283030010596, 31.87269493113292640, -80.00000000007673862 ) ) ;
#1409 = AXIS2_PLACEMENT_3D ( 'NONE', #2142, #2420, #3583 ) ;
#1410 = CARTESIAN_POINT ( 'NONE',  ( 12.49999999997970157, 5.999999999999996447, -80.00000000015347723 ) ) ;
#1411 = ADVANCED_FACE ( 'NONE', ( #899 ), #847, .T. ) ;
#1412 =( GEOMETRIC_REPRESENTATION_CONTEXT ( 3 ) GLOBAL_UNCERTAINTY_ASSIGNED_CONTEXT ( ( #261 ) ) GLOBAL_UNIT_ASSIGNED_CONTEXT ( ( #1753, #32, #2872 ) ) REPRESENTATION_CONTEXT ( 'NONE', 'WORKASPACE' ) );
#1413 = CARTESIAN_POINT ( 'NONE',  ( 202.9367497805708922, 34.90119230008926365, -95.95563224577662709 ) ) ;
#1414 = CONTEXT_DEPENDENT_SHAPE_REPRESENTATION ( #2278, #3585 ) ;
#1415 = LINE ( 'NONE', #3078, #1756 ) ;
#1416 = CARTESIAN_POINT ( 'NONE',  ( 1.500000000000000222, -5.870762885248758057E-14, 4.999999999995193178 ) ) ;
#1417 = AXIS2_PLACEMENT_3D ( 'NONE', #1646, #479, #3314 ) ;
#1418 = FACE_BOUND ( 'NONE', #1566, .T. ) ;
#1419 = CIRCLE ( 'NONE', #1898, 2.000000000000000000 ) ;
#1420 = DIRECTION ( 'NONE',  ( 0.000000000000000000, -1.000000000000000000, 0.000000000000000000 ) ) ;
#1421 = EDGE_CURVE ( 'NONE', #3219, #1632, #3171, .T. ) ;
#1422 = ORIENTED_EDGE ( 'NONE', *, *, #611, .F. ) ;
#1423 = CARTESIAN_POINT ( 'NONE',  ( -2.029279522197668939E-11, 24.00000000000000000, -100.0000000001534772 ) ) ;
#1424 = ORIENTED_EDGE ( 'NONE', *, *, #3352, .F. ) ;
#1425 =( NAMED_UNIT ( * ) SI_UNIT ( $, .STERADIAN. ) SOLID_ANGLE_UNIT ( ) );
#1426 = LINE ( 'NONE', #2573, #3179 ) ;
#1427 = DIRECTION ( 'NONE',  ( 0.000000000000000000, 0.000000000000000000, 1.000000000000000000 ) ) ;
#1428 = CARTESIAN_POINT ( 'NONE',  ( 189.8799365637215431, 29.90089551626996922, -98.25790069797812976 ) ) ;
#1429 = LINE ( 'NONE', #1706, #927 ) ;
#1430 = CARTESIAN_POINT ( 'NONE',  ( -1.883786463311287518, 11.65147873071896001, 4.633162530913929267 ) ) ;
#1431 = VERTEX_POINT ( 'NONE', #648 ) ;
#1432 = CARTESIAN_POINT ( 'NONE',  ( 1.489729164705539288, -0.2016277089369448994, 4.992187147606689024 ) ) ;
#1433 = EDGE_CURVE ( 'NONE', #999, #1210, #2098, .T. ) ;
#1434 = PRESENTATION_LAYER_ASSIGNMENT (  '', '', ( #670 ) ) ;
#1435 = EDGE_CURVE ( 'NONE', #2662, #3242, #2638, .T. ) ;
#1436 = CARTESIAN_POINT ( 'NONE',  ( 0.000000000000000000, 0.000000000000000000, 5.000000000000000000 ) ) ;
#1437 = EDGE_CURVE ( 'NONE', #307, #1902, #930, .T. ) ;
#1438 = CARTESIAN_POINT ( 'NONE',  ( 24.99999999997726263, 10.00000000000000000, -100.0000000000227374 ) ) ;
#1439 = APPLICATION_PROTOCOL_DEFINITION ( 'draft international standard', 'automotive_design', 1998, #124 ) ;
#1440 = ORIENTED_EDGE ( 'NONE', *, *, #1437, .F. ) ;
#1441 = DIRECTION ( 'NONE',  ( 0.000000000000000000, 0.000000000000000000, 1.000000000000000000 ) ) ;
#1442 = ORIENTED_EDGE ( 'NONE', *, *, #2022, .F. ) ;
#1443 = VECTOR ( 'NONE', #1420, 1000.000000000000000 ) ;
#1444 = CARTESIAN_POINT ( 'NONE',  ( 0.000000000000000000, 0.000000000000000000, 0.000000000000000000 ) ) ;
#1445 = DIRECTION ( 'NONE',  ( 0.000000000000000000, 0.000000000000000000, 1.000000000000000000 ) ) ;
#1446 = CIRCLE ( 'NONE', #909, 4.000000000000000000 ) ;
#1447 = PRODUCT_RELATED_PRODUCT_CATEGORY ( 'part', '', ( #2769 ) ) ;
#1448 = CARTESIAN_POINT ( 'NONE',  ( 0.000000000000000000, 20.00000000000000000, -4.999999999999999112 ) ) ;
#1449 = DIRECTION ( 'NONE',  ( 1.000000000000000000, 0.000000000000000000, 0.000000000000000000 ) ) ;
#1450 = CARTESIAN_POINT ( 'NONE',  ( 197.2679017851535832, 13.44661032583969096, -96.95520309690381566 ) ) ;
#1451 =( NAMED_UNIT ( * ) SI_UNIT ( $, .STERADIAN. ) SOLID_ANGLE_UNIT ( ) );
#1452 = VERTEX_POINT ( 'NONE', #394 ) ;
#1453 = DIRECTION ( 'NONE',  ( -0.000000000000000000, 1.000000000000000000, -0.000000000000000000 ) ) ;
#1454 = CARTESIAN_POINT ( 'NONE',  ( 36.00000000000000000, 11.99999999999999822, 2.458838160671444354E-15 ) ) ;
#1455 = DIRECTION ( 'NONE',  ( -0.5000000000000043299, 0.000000000000000000, -0.8660254037844361541 ) ) ;
#1456 = CARTESIAN_POINT ( 'NONE',  ( 0.7660891194670176318, 1.304567084819081790, 4.612971554249543082 ) ) ;
#1457 = CARTESIAN_POINT ( 'NONE',  ( 215.7596123862701063, 10.00000000001404388, -138.2565235342606229 ) ) ;
#1458 = UNCERTAINTY_MEASURE_WITH_UNIT (LENGTH_MEASURE( 1.000000000000000082E-05 ), #371, 'distance_accuracy_value', 'NONE');
#1459 = SHAPE_DEFINITION_REPRESENTATION ( #1897, #1850 ) ;
#1460 = ORIENTED_EDGE ( 'NONE', *, *, #1011, .F. ) ;
#1461 = CARTESIAN_POINT ( 'NONE',  ( 6.123233995736765296E-16, 20.00000000000000000, 4.999999999999999112 ) ) ;
#1462 = CLOSED_SHELL ( 'NONE', ( #2780, #58, #1045, #2681, #2652, #1555, #430, #2606, #1226 ) ) ;
#1463 = ORIENTED_EDGE ( 'NONE', *, *, #1962, .T. ) ;
#1464 = EDGE_CURVE ( 'NONE', #1870, #1188, #2952, .T. ) ;
#1465 = VECTOR ( 'NONE', #2221, 1000.000000000000000 ) ;
#1466 = CARTESIAN_POINT ( 'NONE',  ( -2.029973411588059662E-11, 9.999999999999996447, -30.00000000000000000 ) ) ;
#1467 = CIRCLE ( 'NONE', #2423, 2.500000000000001776 ) ;
#1468 = DIRECTION ( 'NONE',  ( -1.000000000000000000, 0.000000000000000000, -2.334567381254908161E-16 ) ) ;
#1469 = CARTESIAN_POINT ( 'NONE',  ( 198.5924341046979293, 34.80967148580664627, -96.72165231214771097 ) ) ;
#1470 = ADVANCED_FACE ( 'NONE', ( #426, #3292, #1277, #3536 ), #2131, .F. ) ;
#1471 = ORIENTED_EDGE ( 'NONE', *, *, #429, .T. ) ;
#1472 = CARTESIAN_POINT ( 'NONE',  ( 215.7596123864777837, 20.00000000003865352, -20.00000000007674217 ) ) ;
#1473 = CARTESIAN_POINT ( 'NONE',  ( 264.9999999999863576, 10.00000000000000000, 291505.0000000000000 ) ) ;
#1474 = MECHANICAL_DESIGN_GEOMETRIC_PRESENTATION_REPRESENTATION (  '', ( #3380 ), #1171 ) ;
#1475 = DIRECTION ( 'NONE',  ( 1.000000000000000000, 0.000000000000000000, -2.334567381254908161E-16 ) ) ;
#1476 = DIRECTION ( 'NONE',  ( -0.000000000000000000, 1.000000000000000000, -1.224646799147352714E-16 ) ) ;
#1477 =( GEOMETRIC_REPRESENTATION_CONTEXT ( 3 ) GLOBAL_UNCERTAINTY_ASSIGNED_CONTEXT ( ( #808 ) ) GLOBAL_UNIT_ASSIGNED_CONTEXT ( ( #3197, #2664, #143 ) ) REPRESENTATION_CONTEXT ( 'NONE', 'WORKASPACE' ) );
#1478 = PRODUCT_DEFINITION_FORMATION_WITH_SPECIFIED_SOURCE ( 'ANY', '', #1288, .NOT_KNOWN. ) ;
#1479 = ORIENTED_EDGE ( 'NONE', *, *, #321, .F. ) ;
#1480 = CARTESIAN_POINT ( 'NONE',  ( 206.8784550418027948, 15.44945954064368188, -80.00000000007675283 ) ) ;
#1481 = ORIENTED_EDGE ( 'NONE', *, *, #2023, .T. ) ;
#1482 = CARTESIAN_POINT ( 'NONE',  ( 1.836970198721030674E-16, 0.000000000000000000, 1.500000000000000666 ) ) ;
#1483 = CARTESIAN_POINT ( 'NONE',  ( 208.0015736957458898, 22.40022759181372436, -80.00000000007675283 ) ) ;
#1484 = VECTOR ( 'NONE', #427, 1000.000000000000000 ) ;
#1485 = CARTESIAN_POINT ( 'NONE',  ( 206.8931329016669167, 15.38994520949453637, -95.25801515550772081 ) ) ;
#1486 = CARTESIAN_POINT ( 'NONE',  ( 0.000000000000000000, 0.000000000000000000, 0.000000000000000000 ) ) ;
#1487 = ORIENTED_EDGE ( 'NONE', *, *, #2380, .T. ) ;
#1488 = SURFACE_STYLE_FILL_AREA ( #1832 ) ;
#1489 = FACE_OUTER_BOUND ( 'NONE', #2103, .T. ) ;
#1490 = ADVANCED_BREP_SHAPE_REPRESENTATION ( '', ( #1794, #3086 ), #2674 ) ;
#1491 = CARTESIAN_POINT ( 'NONE',  ( -2.029973411588059662E-11, 13.00000000000000178, -73.00000000015346302 ) ) ;
#1492 = DIRECTION ( 'NONE',  ( 0.000000000000000000, -1.000000000000000000, -2.168404344971008868E-16 ) ) ;
#1493 = CARTESIAN_POINT ( 'NONE',  ( 36.00000000000000000, 20.00000000000000000, 4.193561636648251448E-15 ) ) ;
#1494 = ORIENTED_EDGE ( 'NONE', *, *, #1635, .F. ) ;
#1495 = CARTESIAN_POINT ( 'NONE',  ( 24.99999999997970335, 23.99999999999999645, -30.00000000000000711 ) ) ;
#1496 = VERTEX_POINT ( 'NONE', #732 ) ;
#1497 = AXIS2_PLACEMENT_3D ( 'NONE', #539, #3136, #555 ) ;
#1498 = PLANE ( 'NONE',  #628 ) ;
#1499 = CARTESIAN_POINT ( 'NONE',  ( 202.9168028468084799, 27.25646778614157739, -80.00000000007675283 ) ) ;
#1500 = VECTOR ( 'NONE', #1291, 1000.000000000000000 ) ;
#1501 = FACE_OUTER_BOUND ( 'NONE', #239, .T. ) ;
#1502 = ORIENTED_EDGE ( 'NONE', *, *, #327, .F. ) ;
#1503 = CARTESIAN_POINT ( 'NONE',  ( 215.2711589592767893, 23.85633977692654639, -20.00000000007675283 ) ) ;
#1504 = CARTESIAN_POINT ( 'NONE',  ( 2.417437249938119148, 10.65826271370970879, 4.376918282631310220 ) ) ;
#1505 = DIRECTION ( 'NONE',  ( 0.000000000000000000, 0.000000000000000000, 1.000000000000000000 ) ) ;
#1506 = EDGE_CURVE ( 'NONE', #3600, #3359, #1752, .T. ) ;
#1507 = CARTESIAN_POINT ( 'NONE',  ( -1.489692853393794092, -0.2015623101448645593, 4.992162943886842896 ) ) ;
#1508 = CARTESIAN_POINT ( 'NONE',  ( 208.3735542386594375, 19.99999999999999645, -136.9541622017740679 ) ) ;
#1509 = CARTESIAN_POINT ( 'NONE',  ( 193.6014379436921615, 19.99999999999999645, -2.398300269698408371 ) ) ;
#1510 = ORIENTED_EDGE ( 'NONE', *, *, #3599, .F. ) ;
#1511 = FACE_OUTER_BOUND ( 'NONE', #3595, .T. ) ;
#1512 = ORIENTED_EDGE ( 'NONE', *, *, #2114, .T. ) ;
#1513 = DIRECTION ( 'NONE',  ( 0.000000000000000000, 0.000000000000000000, 1.000000000000000000 ) ) ;
#1514 = STYLED_ITEM ( 'NONE', ( #3474 ), #3004 ) ;
#1515 = AXIS2_PLACEMENT_3D ( 'NONE', #1798, #3416, #2012 ) ;
#1516 = EDGE_CURVE ( 'NONE', #1270, #1193, #2969, .T. ) ;
#1517 = DIRECTION ( 'NONE',  ( -0.000000000000000000, 1.000000000000000000, -0.000000000000000000 ) ) ;
#1518 = CARTESIAN_POINT ( 'NONE',  ( 264.9999999999863576, 10.00000000000000000, 291505.0000000000000 ) ) ;
#1519 = AXIS2_PLACEMENT_3D ( 'NONE', #3391, #2825, #492 ) ;
#1520 = LINE ( 'NONE', #110, #114 ) ;
#1521 = VECTOR ( 'NONE', #1953, 1000.000000000000000 ) ;
#1522 = EDGE_LOOP ( 'NONE', ( #3298, #193 ) ) ;
#1523 = EDGE_CURVE ( 'NONE', #2910, #2135, #1314, .T. ) ;
#1524 = CARTESIAN_POINT ( 'NONE',  ( 202.9325268671343281, 34.87763817251475729, -20.00000000007674927 ) ) ;
#1525 = CARTESIAN_POINT ( 'NONE',  ( 0.000000000000000000, 2.500000000000000000, 7.000000000000000000 ) ) ;
#1526 = CARTESIAN_POINT ( 'NONE',  ( -2.500000000000001776, 10.00000000000000000, 4.330127018922191873 ) ) ;
#1527 = CARTESIAN_POINT ( 'NONE',  ( 215.7596123862643083, 49.99999999999771205, -79.85531896251285389 ) ) ;
#1528 = FACE_OUTER_BOUND ( 'NONE', #1994, .T. ) ;
#1529 = PRESENTATION_LAYER_ASSIGNMENT (  '', '', ( #1585 ) ) ;
#1530 = ORIENTED_EDGE ( 'NONE', *, *, #2538, .T. ) ;
#1531 = CARTESIAN_POINT ( 'NONE',  ( 186.2153797959427663, -291563.0763512535486, -98.90406092847534580 ) ) ;
#1532 = ORIENTED_EDGE ( 'NONE', *, *, #1433, .F. ) ;
#1533 = AXIS2_PLACEMENT_3D ( 'NONE', #2470, #1951, #7 ) ;
#1534 = ORIENTED_EDGE ( 'NONE', *, *, #2107, .F. ) ;
#1535 = DIRECTION ( 'NONE',  ( -1.000000000000000000, 0.000000000000000000, 1.734723475976792303E-16 ) ) ;
#1536 = CARTESIAN_POINT ( 'NONE',  ( 202.9223571113439561, 27.30438401091765499, -95.95817006168574892 ) ) ;
#1537 = CARTESIAN_POINT ( 'NONE',  ( -2.029279522197668939E-11, 21.00000000000000000, 4.737017291214845304E-27 ) ) ;
#1538 = VECTOR ( 'NONE', #3508, 1000.000000000000000 ) ;
#1539 = ORIENTED_EDGE ( 'NONE', *, *, #1631, .F. ) ;
#1540 = CARTESIAN_POINT ( 'NONE',  ( 186.2153797961533712, 19.99999999999984013, -20.00000000007674217 ) ) ;
#1541 = CARTESIAN_POINT ( 'NONE',  ( 7.835092088627419592E-15, 7.499999999999900524, 5.000000000000047962 ) ) ;
#1542 = EDGE_CURVE ( 'NONE', #877, #2230, #389, .T. ) ;
#1543 = FACE_OUTER_BOUND ( 'NONE', #3239, .T. ) ;
#1544 = CARTESIAN_POINT ( 'NONE',  ( -4.000000000000000000, 2.001000000000000334, -13.85640646055101932 ) ) ;
#1545 = CARTESIAN_POINT ( 'NONE',  ( 24.99999999997970335, 9.999999999999996447, -30.00000000000000711 ) ) ;
#1546 = EDGE_CURVE ( 'NONE', #877, #2025, #444, .T. ) ;
#1547 = VERTEX_POINT ( 'NONE', #3590 ) ;
#1548 = CARTESIAN_POINT ( 'NONE',  ( 206.9110156174970712, 24.58617428746405764, -20.00000000007671375 ) ) ;
#1549 = ORIENTED_EDGE ( 'NONE', *, *, #1370, .F. ) ;
#1550 = VERTEX_POINT ( 'NONE', #1061 ) ;
#1551 =( GEOMETRIC_REPRESENTATION_CONTEXT ( 3 ) GLOBAL_UNCERTAINTY_ASSIGNED_CONTEXT ( ( #2886 ) ) GLOBAL_UNIT_ASSIGNED_CONTEXT ( ( #693, #3455, #1221 ) ) REPRESENTATION_CONTEXT ( 'NONE', 'WORKASPACE' ) );
#1552 = APPLICATION_CONTEXT ( 'automotive_design' ) ;
#1553 = LINE ( 'NONE', #419, #731 ) ;
#1554 = CARTESIAN_POINT ( 'NONE',  ( 193.6014379435033277, 20.97515132463916387, -80.00000000007672440 ) ) ;
#1555 = ADVANCED_FACE ( 'NONE', ( #715, #2984 ), #495, .T. ) ;
#1556 = CARTESIAN_POINT ( 'NONE',  ( 180.0000000000636646, 0.000000000000000000, -99.99999999998721023 ) ) ;
#1557 = ORIENTED_EDGE ( 'NONE', *, *, #980, .T. ) ;
#1558 = VECTOR ( 'NONE', #1492, 1000.000000000000000 ) ;
#1559 = CARTESIAN_POINT ( 'NONE',  ( 186.3319969867697239, 21.94298872631428665, -20.00000000007675638 ) ) ;
#1560 = CIRCLE ( 'NONE', #450, 1.500000000000000444 ) ;
#1561 = CARTESIAN_POINT ( 'NONE',  ( 0.000000000000000000, -2.500000000000000000, 7.000000000000000000 ) ) ;
#1562 = PRODUCT_DEFINITION_SHAPE ( 'NONE', 'NONE',  #3650 ) ;
#1563 = CARTESIAN_POINT ( 'NONE',  ( 0.000000000000000000, 2.500000000000000000, 7.000000000000000000 ) ) ;
#1564 = DIRECTION ( 'NONE',  ( 0.000000000000000000, 1.000000000000000000, 0.000000000000000000 ) ) ;
#1565 = AXIS2_PLACEMENT_3D ( 'NONE', #638, #2912, #368 ) ;
#1566 = EDGE_LOOP ( 'NONE', ( #3089, #482 ) ) ;
#1567 = CARTESIAN_POINT ( 'NONE',  ( 36.00000000000000711, 10.49999999999999822, 3.999999999999998224 ) ) ;
#1568 = ORIENTED_EDGE ( 'NONE', *, *, #2375, .F. ) ;
#1569 = VERTEX_POINT ( 'NONE', #1258 ) ;
#1570 = ADVANCED_FACE ( 'NONE', ( #225 ), #697, .F. ) ;
#1571 = CARTESIAN_POINT ( 'NONE',  ( 0.000000000000000000, 0.000000000000000000, 0.000000000000000000 ) ) ;
#1572 = COLOUR_RGB ( '',0.7921568627450980005, 0.8196078431372548767, 0.9333333333333333481 ) ;
#1573 = CARTESIAN_POINT ( 'NONE',  ( 196.1074697963643416, 25.65122390743002967, -97.15981856580457077 ) ) ;
#1574 = CARTESIAN_POINT ( 'NONE',  ( 3.339980119220326434E-16, 1.500000000000000666, 4.499999999999999112 ) ) ;
#1575 = FACE_OUTER_BOUND ( 'NONE', #1247, .T. ) ;
#1576 = ORIENTED_EDGE ( 'NONE', *, *, #1071, .T. ) ;
#1577 = VECTOR ( 'NONE', #98, 1000.000000000000000 ) ;
#1578 = CARTESIAN_POINT ( 'NONE',  ( 197.6080241648234903, 34.61054788297386864, -20.00000000007673506 ) ) ;
#1579 = AXIS2_PLACEMENT_3D ( 'NONE', #2901, #1780, #2563 ) ;
#1580 = CARTESIAN_POINT ( 'NONE',  ( -10.00000000000009059, 0.000000000000000000, -17.32050807568872486 ) ) ;
#1581 = LINE ( 'NONE', #2149, #1806 ) ;
#1582 = CYLINDRICAL_SURFACE ( 'NONE', #3442, 1.500000000000000444 ) ;
#1583 = ORIENTED_EDGE ( 'NONE', *, *, #2343, .T. ) ;
#1584 = FACE_OUTER_BOUND ( 'NONE', #1387, .T. ) ;
#1585 = STYLED_ITEM ( 'NONE', ( #1331 ), #3016 ) ;
#1586 = ORIENTED_EDGE ( 'NONE', *, *, #1620, .T. ) ;
#1587 = CIRCLE ( 'NONE', #2255, 5.000000000000000888 ) ;
#1588 = ORIENTED_EDGE ( 'NONE', *, *, #1097, .T. ) ;
#1589 = EDGE_CURVE ( 'NONE', #946, #1265, #2445, .T. ) ;
#1590 = CARTESIAN_POINT ( 'NONE',  ( 186.2153797959164478, 10.00000000001404210, -133.0470782042506244 ) ) ;
#1591 = CARTESIAN_POINT ( 'NONE',  ( 193.6014379435031003, 19.02470810644427246, -80.00000000007675283 ) ) ;
#1592 = ADVANCED_FACE ( 'NONE', ( #1543 ), #3272, .F. ) ;
#1593 = CARTESIAN_POINT ( 'NONE',  ( 208.3735542389808018, 19.99999999999999645, -5.003022934721034432 ) ) ;
#1594 = EDGE_CURVE ( 'NONE', #704, #209, #1581, .T. ) ;
#1595 = PRODUCT_DEFINITION_SHAPE ( 'NONE', 'NONE',  #3649 ) ;
#1596 = DIRECTION ( 'NONE',  ( -0.000000000000000000, 0.000000000000000000, -1.000000000000000000 ) ) ;
#1597 = ORIENTED_EDGE ( 'NONE', *, *, #1687, .F. ) ;
#1598 = CARTESIAN_POINT ( 'NONE',  ( 186.5880699244573577, 23.38347198603896970, -20.00000000007670664 ) ) ;
#1599 = LINE ( 'NONE', #767, #2014 ) ;
#1600 = CARTESIAN_POINT ( 'NONE',  ( 32.00000000000000000, 3.918869757271530263E-15, 30.00000000000000000 ) ) ;
#1601 = CARTESIAN_POINT ( 'NONE',  ( -337992.9660725302529, 10.00000000000000000, -59729.01806479683000 ) ) ;
#1602 = VECTOR ( 'NONE', #260, 1000.000000000000000 ) ;
#1603 = AXIS2_PLACEMENT_3D ( 'NONE', #1766, #2342, #950 ) ;
#1604 = EDGE_CURVE ( 'NONE', #1547, #946, #2731, .T. ) ;
#1605 = ORIENTED_EDGE ( 'NONE', *, *, #1299, .T. ) ;
#1606 = FACE_OUTER_BOUND ( 'NONE', #2458, .T. ) ;
#1607 = EDGE_LOOP ( 'NONE', ( #2438, #405 ) ) ;
#1608 = CARTESIAN_POINT ( 'NONE',  ( 539.3089076852492099, 1014.000000000023988, 1287.693983904169272 ) ) ;
#1609 = EDGE_LOOP ( 'NONE', ( #1605, #70, #870, #423, #3561, #51, #1796, #3282 ) ) ;
#1610 = VERTEX_POINT ( 'NONE', #768 ) ;
#1611 = CARTESIAN_POINT ( 'NONE',  ( 40.00000000000000000, 10.49999999999999822, -1.734723475976807094E-15 ) ) ;
#1612 = PRESENTATION_STYLE_ASSIGNMENT (( #3247 ) ) ;
#1613 = DIRECTION ( 'NONE',  ( -0.000000000000000000, -1.000000000000000000, -0.000000000000000000 ) ) ;
#1614 = EDGE_LOOP ( 'NONE', ( #1669, #365 ) ) ;
#1615 = DIRECTION ( 'NONE',  ( -0.000000000000000000, 1.000000000000000000, -0.000000000000000000 ) ) ;
#1616 = CARTESIAN_POINT ( 'NONE',  ( -1.259284006377626719, 7.834221643250422140, 4.840859579833912463 ) ) ;
#1617 = AXIS2_PLACEMENT_3D ( 'NONE', #1005, #2448, #2735 ) ;
#1618 = DIRECTION ( 'NONE',  ( 0.000000000000000000, 1.000000000000000000, 0.000000000000000000 ) ) ;
#1619 = FACE_OUTER_BOUND ( 'NONE', #3361, .T. ) ;
#1620 = EDGE_CURVE ( 'NONE', #3301, #1074, #188, .T. ) ;
#1621 = EDGE_CURVE ( 'NONE', #3480, #214, #3573, .T. ) ;
#1622 = VECTOR ( 'NONE', #1613, 1000.000000000000000 ) ;
#1623 = ORIENTED_EDGE ( 'NONE', *, *, #780, .T. ) ;
#1624 = CARTESIAN_POINT ( 'NONE',  ( 180.0000000002341949, 10.00000000000000000, 0.000000000000000000 ) ) ;
#1625 = CARTESIAN_POINT ( 'NONE',  ( -2.500000000000001776, 9.831612824901082348, 4.330127018922190985 ) ) ;
#1626 = VERTEX_POINT ( 'NONE', #1852 ) ;
#1627 = APPLICATION_CONTEXT ( 'automotive_design' ) ;
#1628 = DIRECTION ( 'NONE',  ( 0.9921495079986671906, -0.005499606559402245645, -0.1249364162512058007 ) ) ;
#1629 = PRODUCT ( 'Wheels', 'Wheels', '', ( #322 ) ) ;
#1630 = ORIENTED_EDGE ( 'NONE', *, *, #63, .T. ) ;
#1631 = EDGE_CURVE ( 'NONE', #1365, #751, #2001, .T. ) ;
#1632 = VERTEX_POINT ( 'NONE', #1986 ) ;
#1633 = DIRECTION ( 'NONE',  ( -0.1736481776669329125, 0.000000000000000000, -0.9848077530122076872 ) ) ;
#1634 = FACE_OUTER_BOUND ( 'NONE', #1762, .T. ) ;
#1635 = EDGE_CURVE ( 'NONE', #3559, #1074, #2280, .T. ) ;
#1636 = SURFACE_SIDE_STYLE ('',( #2497 ) ) ;
#1637 = CARTESIAN_POINT ( 'NONE',  ( 197.1340851370118514, 34.48908003546536349, -80.00000000007678125 ) ) ;
#1638 = ORIENTED_EDGE ( 'NONE', *, *, #1620, .F. ) ;
#1639 = CARTESIAN_POINT ( 'NONE',  ( 1.836970198721030674E-16, 25.00000000000000000, 1.500000000000000666 ) ) ;
#1640 = MECHANICAL_DESIGN_GEOMETRIC_PRESENTATION_REPRESENTATION (  '', ( #1514 ), #1551 ) ;
#1641 = CARTESIAN_POINT ( 'NONE',  ( 188.9763559383052893, 28.74572861841581073, -98.41722634148443660 ) ) ;
#1642 = CARTESIAN_POINT ( 'NONE',  ( -0.6557238592494984974, 7.581853560857984675, 4.959498321622188399 ) ) ;
#1643 = CIRCLE ( 'NONE', #692, 5.000000000000004441 ) ;
#1644 = ITEM_DEFINED_TRANSFORMATION ( 'NONE', 'NONE', #766,  #3086 ) ;
#1645 = CARTESIAN_POINT ( 'NONE',  ( -2.482721767081387920, 10.33669089482033954, 4.340221116104050481 ) ) ;
#1646 = CARTESIAN_POINT ( 'NONE',  ( 40.00000000000000000, 11.99999999999999822, 3.999999999999999112 ) ) ;
#1647 = ORIENTED_EDGE ( 'NONE', *, *, #3173, .T. ) ;
#1648 = DIRECTION ( 'NONE',  ( 0.000000000000000000, -1.000000000000000000, 0.000000000000000000 ) ) ;
#1649 = CIRCLE ( 'NONE', #1041, 4.999999999999999112 ) ;
#1650 = ORIENTED_EDGE ( 'NONE', *, *, #20, .T. ) ;
#1651 = EDGE_CURVE ( 'NONE', #372, #1372, #1924, .T. ) ;
#1652 = CARTESIAN_POINT ( 'NONE',  ( 581.7860662101010121, 1023.593170441073653, 1396.791387982865672 ) ) ;
#1653 = VERTEX_POINT ( 'NONE', #1683 ) ;
#1654 = ORIENTED_EDGE ( 'NONE', *, *, #3323, .F. ) ;
#1655 = DIRECTION ( 'NONE',  ( 0.000000000000000000, -1.000000000000000000, 0.000000000000000000 ) ) ;
#1656 = LINE ( 'NONE', #2496, #366 ) ;
#1657 = AXIS2_PLACEMENT_3D ( 'NONE', #3429, #1146, #1373 ) ;
#1658 = AXIS2_PLACEMENT_3D ( 'NONE', #205, #3003, #2717 ) ;
#1659 = AXIS2_PLACEMENT_3D ( 'NONE', #954, #687, #2417 ) ;
#1660 = CARTESIAN_POINT ( 'NONE',  ( -2.029973411588059662E-11, 23.99999999999999645, -70.00000000015346302 ) ) ;
#1661 = EDGE_LOOP ( 'NONE', ( #2478, #2624, #2337, #1845 ) ) ;
#1662 = CARTESIAN_POINT ( 'NONE',  ( 12.49999999997970157, 5.999999999999996447, -85.00000000015347723 ) ) ;
#1663 = AXIS2_PLACEMENT_3D ( 'NONE', #794, #2508, #3618 ) ;
#1664 = CARTESIAN_POINT ( 'NONE',  ( 0.000000000000000000, 0.000000000000000000, 0.000000000000000000 ) ) ;
#1665 = DIRECTION ( 'NONE',  ( -0.000000000000000000, -1.000000000000000000, -0.000000000000000000 ) ) ;
#1666 = LINE ( 'NONE', #2810, #1602 ) ;
#1667 = AXIS2_PLACEMENT_3D ( 'NONE', #42, #2879, #3355 ) ;
#1668 = UNCERTAINTY_MEASURE_WITH_UNIT (LENGTH_MEASURE( 1.000000000000000082E-05 ), #1211, 'distance_accuracy_value', 'NONE');
#1669 = ORIENTED_EDGE ( 'NONE', *, *, #1011, .T. ) ;
#1670 = EDGE_CURVE ( 'NONE', #2018, #2452, #1560, .T. ) ;
#1671 = FACE_OUTER_BOUND ( 'NONE', #3636, .T. ) ;
#1672 = DIRECTION ( 'NONE',  ( -0.000000000000000000, 1.000000000000000000, 2.168404344971008868E-16 ) ) ;
#1673 = ORIENTED_EDGE ( 'NONE', *, *, #1997, .T. ) ;
#1674 = DIRECTION ( 'NONE',  ( 0.000000000000000000, 0.000000000000000000, 1.000000000000000000 ) ) ;
#1675 = ORIENTED_EDGE ( 'NONE', *, *, #3031, .F. ) ;
#1676 = CARTESIAN_POINT ( 'NONE',  ( -2.029973411588059662E-11, 20.99999999999999289, -73.00000000015346302 ) ) ;
#1677 = DIRECTION ( 'NONE',  ( 0.000000000000000000, 0.000000000000000000, 1.000000000000000000 ) ) ;
#1678 = CARTESIAN_POINT ( 'NONE',  ( 186.2153797959611836, 19.99999999998181366, -80.00000000007673862 ) ) ;
#1679 = ORIENTED_EDGE ( 'NONE', *, *, #2046, .T. ) ;
#1680 = CARTESIAN_POINT ( 'NONE',  ( 36.00000000000000000, 11.99999999999999822, 1.500000000000006439 ) ) ;
#1681 = CARTESIAN_POINT ( 'NONE',  ( 2.999999999999999556, 11.99999999999999822, 3.999999999999999112 ) ) ;
#1682 = CONTEXT_DEPENDENT_SHAPE_REPRESENTATION ( #1124, #508 ) ;
#1683 = CARTESIAN_POINT ( 'NONE',  ( 2.999999999999997335, 10.50000000000000000, -4.000000000000000888 ) ) ;
#1684 = CARTESIAN_POINT ( 'NONE',  ( 24.99999999997970690, -7.081411840863474200E-31, -5.782411586584664311E-15 ) ) ;
#1685 = CIRCLE ( 'NONE', #962, 1.500000000000000222 ) ;
#1686 = ORIENTED_EDGE ( 'NONE', *, *, #3296, .T. ) ;
#1687 = EDGE_CURVE ( 'NONE', #1626, #2800, #588, .T. ) ;
#1688 = CARTESIAN_POINT ( 'NONE',  ( 24.99999999997970690, 24.00000000000000000, -100.0000000001534772 ) ) ;
#1689 = AXIS2_PLACEMENT_3D ( 'NONE', #3629, #1078, #805 ) ;
#1690 = ORIENTED_EDGE ( 'NONE', *, *, #1072, .T. ) ;
#1691 = AXIS2_PLACEMENT_3D ( 'NONE', #1571, #434, #177 ) ;
#1692 = CARTESIAN_POINT ( 'NONE',  ( 0.000000000000000000, 2.000000000000000000, -6.000000000000000000 ) ) ;
#1693 = EDGE_LOOP ( 'NONE', ( #2864, #416, #1346, #176 ) ) ;
#1694 = LINE ( 'NONE', #289, #1784 ) ;
#1695 = PRODUCT_DEFINITION_SHAPE ( 'NONE', 'NONE',  #1168 ) ;
#1696 = CARTESIAN_POINT ( 'NONE',  ( 199.0390344083523928, 34.90173038552017459, -80.00000000007671019 ) ) ;
#1697 = DIRECTION ( 'NONE',  ( -2.312964634635742957E-16, -1.156482317317871478E-16, -1.000000000000000000 ) ) ;
#1698 = CARTESIAN_POINT ( 'NONE',  ( 205.7547399782592947, 34.20591363966065046, -95.45874454255215369 ) ) ;
#1699 = CONTEXT_DEPENDENT_SHAPE_REPRESENTATION ( #171, #477 ) ;
#1700 = EDGE_CURVE ( 'NONE', #1749, #2756, #1446, .T. ) ;
#1701 = FILL_AREA_STYLE_COLOUR ( '', #3643 ) ;
#1702 = DIRECTION ( 'NONE',  ( -2.435297185593389810E-12, 0.000000000000000000, -1.000000000000000000 ) ) ;
#1703 = B_SPLINE_CURVE_WITH_KNOTS ( 'NONE', 3,
 ( #1240, #3256, #187, #3517, #3535, #393, #1295, #3572, #965, #2115, #2694, #2714, #2130, #1507, #2935, #1276 ),
 .UNSPECIFIED., .F., .F.,
 ( 4, 2, 2, 2, 2, 2, 2, 4 ),
 ( 0.007212126382676888568, 0.007512113309299874725, 0.007812100235922860882, 0.008412074089168834062, 0.008712061015791821086, 0.009012047942414808110, 0.009312034869037795135, 0.009612021795660782159 ),
 .UNSPECIFIED. ) ;
#1704 = AXIS2_PLACEMENT_3D ( 'NONE', #1491, #3190, #3436 ) ;
#1705 = EDGE_LOOP ( 'NONE', ( #3094, #792, #2697, #3625 ) ) ;
#1706 = CARTESIAN_POINT ( 'NONE',  ( 24.99999999997970690, 21.00000000000000000, -5.836418453132533294E-15 ) ) ;
#1707 = CARTESIAN_POINT ( 'NONE',  ( -0.3963203964370937693, 1.450131360000730618, 4.529650833370766350 ) ) ;
#1708 = LINE ( 'NONE', #2849, #413 ) ;
#1709 = MECHANICAL_DESIGN_GEOMETRIC_PRESENTATION_REPRESENTATION (  '', ( #642 ), #2307 ) ;
#1710 = APPLICATION_PROTOCOL_DEFINITION ( 'draft international standard', 'automotive_design', 1998, #1050 ) ;
#1711 =( BOUNDED_SURFACE ( )  B_SPLINE_SURFACE ( 3, 1, ( 
 ( #1153, #2529 ),
 ( #2549, #1083 ),
 ( #3101, #2013 ),
 ( #5, #3357 ) ),
 .UNSPECIFIED., .F., .F., .T. ) 
 B_SPLINE_SURFACE_WITH_KNOTS ( ( 4, 4 ),
 ( 2, 2 ),
 ( 0.000000000000000000, 1.000000000000000000 ),
 ( 0.000000000000000000, 1.000000000000000000 ),
 .UNSPECIFIED. ) 
 GEOMETRIC_REPRESENTATION_ITEM ( )  RATIONAL_B_SPLINE_SURFACE ( (
 ( 1.000000000000000000, 1.000000000000000000),
 ( 0.3333333333332840764, 0.3333333333332840764),
 ( 0.3333333333332840764, 0.3333333333332840764),
 ( 1.000000000000000000, 1.000000000000000000) ) ) 
 REPRESENTATION_ITEM ( '' )  SURFACE ( )  );
#1712 = EDGE_LOOP ( 'NONE', ( #335, #1281 ) ) ;
#1713 = VECTOR ( 'NONE', #1750, 1000.000000000000000 ) ;
#1714 = CARTESIAN_POINT ( 'NONE',  ( -1.500000000000000222, 0.000000000000000000, 4.999999999999999112 ) ) ;
#1715 = EDGE_LOOP ( 'NONE', ( #252, #229 ) ) ;
#1716 = CARTESIAN_POINT ( 'NONE',  ( 36.00000000000000711, 4.513898307157586133E-30, -7.806255641895633503E-15 ) ) ;
#1717 = CARTESIAN_POINT ( 'NONE',  ( 193.6014379436493869, 19.02470810644198806, -20.00000000007674217 ) ) ;
#1718 = ADVANCED_FACE ( 'NONE', ( #2263 ), #515, .F. ) ;
#1719 = EDGE_CURVE ( 'NONE', #1380, #81, #2788, .T. ) ;
#1720 = CARTESIAN_POINT ( 'NONE',  ( 190.8421383457303477, 30.91385720851645047, -80.00000000007672440 ) ) ;
#1721 = VECTOR ( 'NONE', #908, 1000.000000000000000 ) ;
#1722 = CARTESIAN_POINT ( 'NONE',  ( 36.00000000000000711, 11.99999999999999822, 3.999999999999999112 ) ) ;
#1723 = EDGE_CURVE ( 'NONE', #372, #466, #1098, .T. ) ;
#1724 =( GEOMETRIC_REPRESENTATION_CONTEXT ( 3 ) GLOBAL_UNCERTAINTY_ASSIGNED_CONTEXT ( ( #3377 ) ) GLOBAL_UNIT_ASSIGNED_CONTEXT ( ( #3182, #3497, #1425 ) ) REPRESENTATION_CONTEXT ( 'NONE', 'WORKASPACE' ) );
#1725 = CARTESIAN_POINT ( 'NONE',  ( 215.7596123863042976, 20.98461066886948245, -93.69461559846808996 ) ) ;
#1726 = CARTESIAN_POINT ( 'NONE',  ( -2.164733944603285831, 11.26086707412980736, 4.508175298354531790 ) ) ;
#1727 = VERTEX_POINT ( 'NONE', #1360 ) ;
#1728 = PLANE ( 'NONE',  #79 ) ;
#1729 = LINE ( 'NONE', #318, #1942 ) ;
#1730 = AXIS2_PLACEMENT_3D ( 'NONE', #527, #1655, #2801 ) ;
#1731 = CYLINDRICAL_SURFACE ( 'NONE', #3473, 1.500000000000000444 ) ;
#1732 = APPLICATION_PROTOCOL_DEFINITION ( 'draft international standard', 'automotive_design', 1998, #3597 ) ;
#1733 = PRODUCT_DEFINITION ( 'UNKNOWN', '', #2081, #2569 ) ;
#1734 = ORIENTED_EDGE ( 'NONE', *, *, #572, .T. ) ;
#1735 = LINE ( 'NONE', #1461, #2311 ) ;
#1736 = ORIENTED_EDGE ( 'NONE', *, *, #1282, .T. ) ;
#1737 = CYLINDRICAL_SURFACE ( 'NONE', #820, 5.000000000000004441 ) ;
#1738 = LINE ( 'NONE', #1466, #1812 ) ;
#1739 = DIRECTION ( 'NONE',  ( -0.000000000000000000, -1.000000000000000000, -0.000000000000000000 ) ) ;
#1740 = CARTESIAN_POINT ( 'NONE',  ( 212.7263248831510225, 29.11902996387648912, -94.22946602551988349 ) ) ;
#1741 = FILL_AREA_STYLE_COLOUR ( '', #3476 ) ;
#1742 = ORIENTED_EDGE ( 'NONE', *, *, #3001, .T. ) ;
#1743 = CARTESIAN_POINT ( 'NONE',  ( 186.2153797958967516, 10.00000000001404210, -98.90406092846149022 ) ) ;
#1744 = CARTESIAN_POINT ( 'NONE',  ( 200.9874960913364816, 19.99999999999999645, -3.700661602209720513 ) ) ;
#1745 = EDGE_CURVE ( 'NONE', #3187, #3208, #1864, .T. ) ;
#1746 = CARTESIAN_POINT ( 'NONE',  ( 0.000000000000000000, -2.500000000000000000, 7.000000000000000000 ) ) ;
#1747 = EDGE_CURVE ( 'NONE', #2779, #1053, #2522, .T. ) ;
#1748 = DIRECTION ( 'NONE',  ( 2.312964634635742957E-16, 1.156482317317871478E-16, -1.000000000000000000 ) ) ;
#1749 = VERTEX_POINT ( 'NONE', #280 ) ;
#1750 = DIRECTION ( 'NONE',  ( -0.000000000000000000, -1.000000000000000000, -0.000000000000000000 ) ) ;
#1751 = ORIENTED_EDGE ( 'NONE', *, *, #453, .T. ) ;
#1752 = CIRCLE ( 'NONE', #2640, 15.00000000000002132 ) ;
#1753 =( LENGTH_UNIT ( ) NAMED_UNIT ( * ) SI_UNIT ( .MILLI., .METRE. ) );
#1754 = CARTESIAN_POINT ( 'NONE',  ( 194.5657307952388066, 16.26258886868253839, -20.00000000007672796 ) ) ;
#1755 = EDGE_CURVE ( 'NONE', #1053, #1402, #1415, .T. ) ;
#1756 = VECTOR ( 'NONE', #2560, 1000.000000000000000 ) ;
#1757 = CARTESIAN_POINT ( 'NONE',  ( -32.00000000000000000, 0.000000000000000000, 30.00000000000000000 ) ) ;
#1758 = FACE_OUTER_BOUND ( 'NONE', #782, .T. ) ;
#1759 = ADVANCED_FACE ( 'NONE', ( #535, #2809 ), #844, .T. ) ;
#1760 = CARTESIAN_POINT ( 'NONE',  ( 193.5931293918376355, 33.02269542920345202, -97.60316461780804786 ) ) ;
#1761 = DIRECTION ( 'NONE',  ( -0.000000000000000000, -0.000000000000000000, -1.000000000000000000 ) ) ;
#1762 = EDGE_LOOP ( 'NONE', ( #3024, #480, #2397 ) ) ;
#1763 = PLANE ( 'NONE',  #2908 ) ;
#1764 = DIRECTION ( 'NONE',  ( 0.9848077530122072432, 0.000000000000000000, -0.1736481776669347443 ) ) ;
#1765 = CARTESIAN_POINT ( 'NONE',  ( 200.9874960913364816, 19.99999999999999645, -3.700661602209720513 ) ) ;
#1766 = CARTESIAN_POINT ( 'NONE',  ( 0.000000000000000000, -2.500000000000000000, 7.000000000000000000 ) ) ;
#1767 = ORIENTED_EDGE ( 'NONE', *, *, #1546, .F. ) ;
#1768 = CARTESIAN_POINT ( 'NONE',  ( 199.0597525334490001, 27.25687757694710811, -20.00000000007674927 ) ) ;
#1769 = EDGE_CURVE ( 'NONE', #2018, #10, #3373, .T. ) ;
#1770 = ORIENTED_EDGE ( 'NONE', *, *, #1747, .F. ) ;
#1771 = DIRECTION ( 'NONE',  ( -1.000000000000000000, -0.000000000000000000, -0.000000000000000000 ) ) ;
#1772 = AXIS2_PLACEMENT_3D ( 'NONE', #2059, #1775, #313 ) ;
#1773 = LINE ( 'NONE', #942, #339 ) ;
#1774 = CARTESIAN_POINT ( 'NONE',  ( 24.99999999997970335, 20.99999999999999289, -27.00000000000000711 ) ) ;
#1775 = DIRECTION ( 'NONE',  ( -0.000000000000000000, -0.000000000000000000, -1.000000000000000000 ) ) ;
#1776 = VECTOR ( 'NONE', #3035, 1000.000000000000000 ) ;
#1777 = DIRECTION ( 'NONE',  ( 2.435297185593389810E-12, 0.000000000000000000, 1.000000000000000000 ) ) ;
#1778 = VERTEX_POINT ( 'NONE', #2544 ) ;
#1779 = CARTESIAN_POINT ( 'NONE',  ( 210.0288601679078795, 31.87238996673609392, -20.00000000007674927 ) ) ;
#1780 = DIRECTION ( 'NONE',  ( 0.000000000000000000, -1.000000000000000000, -2.168404344971008868E-16 ) ) ;
#1781 = COLOUR_RGB ( '',0.7921568627450980005, 0.8196078431372548767, 0.9333333333333333481 ) ;
#1782 = CARTESIAN_POINT ( 'NONE',  ( 0.000000000000000000, 0.000000000000000000, 0.000000000000000000 ) ) ;
#1783 = CARTESIAN_POINT ( 'NONE',  ( -2.029279522197668939E-11, 13.00000000000000178, -3.673940397394689264E-16 ) ) ;
#1784 = VECTOR ( 'NONE', #1407, 1000.000000000000000 ) ;
#1785 = CARTESIAN_POINT ( 'NONE',  ( 193.6014379436490458, 4.999999999892857261, -20.10561019845903630 ) ) ;
#1786 = PRODUCT_DEFINITION_FORMATION_WITH_SPECIFIED_SOURCE ( 'ANY', '', #451, .NOT_KNOWN. ) ;
#1787 = ORIENTED_EDGE ( 'NONE', *, *, #2265, .F. ) ;
#1788 = CARTESIAN_POINT ( 'NONE',  ( 36.00000000000000000, 11.99999999999999822, -1.500000000000001554 ) ) ;
#1789 = ORIENTED_EDGE ( 'NONE', *, *, #3225, .F. ) ;
#1790 = MANIFOLD_SOLID_BREP ( 'Cut-Extrude1', #3070 ) ;
#1791 = CIRCLE ( 'NONE', #3095, 5.000000000000000888 ) ;
#1792 = DIRECTION ( 'NONE',  ( -2.435297185593389810E-12, 0.000000000000000000, -1.000000000000000000 ) ) ;
#1793 = DIRECTION ( 'NONE',  ( 2.334567381254908161E-16, 0.000000000000000000, -1.000000000000000000 ) ) ;
#1794 = MANIFOLD_SOLID_BREP ( 'Cut-Extrude1', #1462 ) ;
#1795 = DIRECTION ( 'NONE',  ( -1.000000000000000000, 0.000000000000000000, 0.000000000000000000 ) ) ;
#1796 = ORIENTED_EDGE ( 'NONE', *, *, #2077, .F. ) ;
#1797 = CARTESIAN_POINT ( 'NONE',  ( 209.6412798032358467, 32.16660376157778956, -20.00000000007677059 ) ) ;
#1798 = CARTESIAN_POINT ( 'NONE',  ( 0.000000000000000000, 2.001000000000000334, -6.000000000000000000 ) ) ;
#1799 = DIRECTION ( 'NONE',  ( 0.8660254037844361541, 0.000000000000000000, -0.5000000000000043299 ) ) ;
#1800 = LINE ( 'NONE', #2938, #1889 ) ;
#1801 = ADVANCED_FACE ( 'NONE', ( #912 ), #3150, .T. ) ;
#1802 = EDGE_LOOP ( 'NONE', ( #3007, #2701, #1220, #464 ) ) ;
#1803 = CARTESIAN_POINT ( 'NONE',  ( 205.8905336590278239, 25.63056828564714706, -20.00000000007671019 ) ) ;
#1804 = VERTEX_POINT ( 'NONE', #643 ) ;
#1805 = EDGE_CURVE ( 'NONE', #2756, #1569, #3112, .T. ) ;
#1806 = VECTOR ( 'NONE', #1868, 1000.000000000000000 ) ;
#1807 = DIRECTION ( 'NONE',  ( 0.000000000000000000, 1.000000000000000000, 0.000000000000000000 ) ) ;
#1808 = LINE ( 'NONE', #1774, #2613 ) ;
#1809 = AXIS2_PLACEMENT_3D ( 'NONE', #163, #1266, #2141 ) ;
#1810 = AXIS2_PLACEMENT_3D ( 'NONE', #1012, #2980, #2424 ) ;
#1811 = DIRECTION ( 'NONE',  ( -0.000000000000000000, -1.000000000000000000, -0.000000000000000000 ) ) ;
#1812 = VECTOR ( 'NONE', #384, 1000.000000000000000 ) ;
#1813 = ORIENTED_EDGE ( 'NONE', *, *, #516, .F. ) ;
#1814 = CARTESIAN_POINT ( 'NONE',  ( 212.7671076805181087, 29.10397530765783713, -20.00000000007674927 ) ) ;
#1815 = ADVANCED_FACE ( 'NONE', ( #896 ), #334, .F. ) ;
#1816 = DIRECTION ( 'NONE',  ( 1.000000000000000000, -0.000000000000000000, 2.334567381254908161E-16 ) ) ;
#1817 = CARTESIAN_POINT ( 'NONE',  ( 186.2153797961809687, -291563.0763512535486, -1.095938937197615815 ) ) ;
#1818 = FACE_OUTER_BOUND ( 'NONE', #256, .T. ) ;
#1819 = VERTEX_POINT ( 'NONE', #3503 ) ;
#1820 = CARTESIAN_POINT ( 'NONE',  ( 208.3266996011666663, 20.97424484681010881, -20.00000000007675283 ) ) ;
#1821 = ORIENTED_EDGE ( 'NONE', *, *, #2409, .F. ) ;
#1822 = DIRECTION ( 'NONE',  ( -0.05431978480366479040, 6.123233995738019585E-17, -0.9985235905970791803 ) ) ;
#1823 = ORIENTED_EDGE ( 'NONE', *, *, #3280, .T. ) ;
#1824 =( REPRESENTATION_RELATIONSHIP ('NONE','NONE', #1973, #2372 ) REPRESENTATION_RELATIONSHIP_WITH_TRANSFORMATION ( #1984 )SHAPE_REPRESENTATION_RELATIONSHIP( ) );
#1825 = DIRECTION ( 'NONE',  ( -2.569960705150825398E-16, -0.000000000000000000, -1.000000000000000000 ) ) ;
#1826 = FILL_AREA_STYLE_COLOUR ( '', #1781 ) ;
#1827 = CIRCLE ( 'NONE', #750, 2.500000000000001332 ) ;
#1828 = ADVANCED_FACE ( 'NONE', ( #2319, #3453 ), #3203, .F. ) ;
#1829 = VECTOR ( 'NONE', #43, 1000.000000000000000 ) ;
#1830 = DIRECTION ( 'NONE',  ( 0.000000000000000000, 0.000000000000000000, 1.000000000000000000 ) ) ;
#1831 = ORIENTED_EDGE ( 'NONE', *, *, #2400, .F. ) ;
#1832 = FILL_AREA_STYLE ('',( #316 ) ) ;
#1833 = ADVANCED_FACE ( 'NONE', ( #80 ), #1187, .F. ) ;
#1834 = CARTESIAN_POINT ( 'NONE',  ( 193.6014379436492732, 19.99999999999871036, -20.00000000007675283 ) ) ;
#1835 = CARTESIAN_POINT ( 'NONE',  ( -2.179086395304370871, 8.731858378388643871, 4.502426019400068924 ) ) ;
#1836 = DIRECTION ( 'NONE',  ( 1.000000000000000000, -0.000000000000000000, 2.334567381254908161E-16 ) ) ;
#1837 = CARTESIAN_POINT ( 'NONE',  ( 215.7596123867051574, 10.00000000000000000, -20.00000000007674217 ) ) ;
#1838 = B_SPLINE_CURVE_WITH_KNOTS ( 'NONE', 3,
 ( #2058, #639, #2914, #2353, #1483, #2316, #926, #2930, #2072, #385, #3215, #2648, #1499, #875, #2021, #3449, #109, #1215, #2369, #2946, #893, #2042, #3165, #3284, #1554, #708 ),
 .UNSPECIFIED., .F., .F.,
 ( 4, 2, 2, 2, 2, 2, 2, 2, 2, 2, 2, 2, 4 ),
 ( 1.756787618319455772E-16, 0.001459639833374110594, 0.002919279666748045548, 0.005838559333495874255, 0.007298199166869760203, 0.008757839000243643549, 0.01021747883361752950, 0.01167711866699141544, 0.01313675850036530139, 0.01459639833373918734, 0.01751567800048688117, 0.02043495766723457327, 0.02335423733398226884 ),
 .UNSPECIFIED. ) ;
#1839 = ORIENTED_EDGE ( 'NONE', *, *, #1855, .T. ) ;
#1840 = CARTESIAN_POINT ( 'NONE',  ( 205.5157447120418794, 25.94558622902486533, -20.00000000007673506 ) ) ;
#1841 = ORIENTED_EDGE ( 'NONE', *, *, #941, .F. ) ;
#1842 = PRODUCT_RELATED_PRODUCT_CATEGORY ( 'part', '', ( #451 ) ) ;
#1843 = PRODUCT_DEFINITION_SHAPE ( 'NONE', 'NONE',  #3652 ) ;
#1844 = ORIENTED_EDGE ( 'NONE', *, *, #934, .F. ) ;
#1845 = ORIENTED_EDGE ( 'NONE', *, *, #3405, .T. ) ;
#1846 = FACE_OUTER_BOUND ( 'NONE', #1715, .T. ) ;
#1847 = CARTESIAN_POINT ( 'NONE',  ( -2.029973411286510000E-11, 10.00000000000000000, -30.00000000000000000 ) ) ;
#1848 = DIRECTION ( 'NONE',  ( -0.000000000000000000, 1.000000000000000000, -1.445602896647339656E-16 ) ) ;
#1849 = VERTEX_POINT ( 'NONE', #945 ) ;
#1850 = SHAPE_REPRESENTATION ( 'Wheels', ( #3086 ), #1412 ) ;
#1851 = CARTESIAN_POINT ( 'NONE',  ( 12.49999999997970157, 13.00000000000000178, -20.00000000000000000 ) ) ;
#1852 = CARTESIAN_POINT ( 'NONE',  ( -2.029973411588059662E-11, 13.00000000000000178, -73.00000000015346302 ) ) ;
#1853 = CARTESIAN_POINT ( 'NONE',  ( 36.00000000000000000, 20.00000000000000000, 1.500000000000007994 ) ) ;
#1854 = ORIENTED_EDGE ( 'NONE', *, *, #958, .F. ) ;
#1855 = EDGE_CURVE ( 'NONE', #1452, #1082, #3229, .T. ) ;
#1856 = DIRECTION ( 'NONE',  ( 0.000000000000000000, 0.000000000000000000, -1.000000000000000000 ) ) ;
#1857 = ORIENTED_EDGE ( 'NONE', *, *, #321, .T. ) ;
#1858 = VERTEX_POINT ( 'NONE', #1234 ) ;
#1859 = LINE ( 'NONE', #817, #3170 ) ;
#1860 = VECTOR ( 'NONE', #2031, 1000.000000000000000 ) ;
#1861 = DIRECTION ( 'NONE',  ( 2.312964634635742957E-16, 1.156482317317871478E-16, 1.000000000000000000 ) ) ;
#1862 = CARTESIAN_POINT ( 'NONE',  ( 215.7361926872710285, 20.97453449760426381, -80.00000000007673862 ) ) ;
#1863 = VERTEX_POINT ( 'NONE', #2965 ) ;
#1864 = CIRCLE ( 'NONE', #1689, 5.000000000000000888 ) ;
#1865 = LINE ( 'NONE', #2998, #1349 ) ;
#1866 = VECTOR ( 'NONE', #3266, 1000.000000000000000 ) ;
#1867 = PLANE ( 'NONE',  #1289 ) ;
#1868 = DIRECTION ( 'NONE',  ( 2.435297185593389810E-12, -0.000000000000000000, 1.000000000000000000 ) ) ;
#1869 = DIRECTION ( 'NONE',  ( -1.000000000000000000, 0.000000000000000000, 0.000000000000000000 ) ) ;
#1870 = VERTEX_POINT ( 'NONE', #1537 ) ;
#1871 = EDGE_CURVE ( 'NONE', #986, #686, #2996, .T. ) ;
#1872 = CARTESIAN_POINT ( 'NONE',  ( 193.6014379436490458, 19.99999999999871392, -20.10561019845903630 ) ) ;
#1873 = EDGE_LOOP ( 'NONE', ( #1908, #3471, #2101, #362, #2471 ) ) ;
#1874 = ORIENTED_EDGE ( 'NONE', *, *, #2275, .T. ) ;
#1875 = ORIENTED_EDGE ( 'NONE', *, *, #1370, .T. ) ;
#1876 = CARTESIAN_POINT ( 'NONE',  ( 0.000000000000000000, 20.00000000000000000, 0.000000000000000000 ) ) ;
#1877 = DIRECTION ( 'NONE',  ( -1.000000000000000000, 0.000000000000000000, 0.000000000000000000 ) ) ;
#1878 = CLOSED_SHELL ( 'NONE', ( #3192, #718, #296, #705, #1264, #2702, #1974, #1081, #2934, #1815, #525, #2266, #1039, #162, #2490, #2492, #671, #2880, #970, #1913, #1833, #1411, #2995, #107, #1945, #3324, #139, #1026, #1828, #2806, #2501, #138, #1570, #2972, #585, #1157, #1129, #1294, #596, #1185, #1759, #3275, #22, #2617, #2883, #3570, #406, #627 ) ) ;
#1879 = CARTESIAN_POINT ( 'NONE',  ( 12.49999999997970157, 5.999999999999996447, -90.00000000015349144 ) ) ;
#1880 = ORIENTED_EDGE ( 'NONE', *, *, #780, .F. ) ;
#1881 = DIRECTION ( 'NONE',  ( 0.000000000000000000, 0.000000000000000000, 1.000000000000000000 ) ) ;
#1882 = PRODUCT_RELATED_PRODUCT_CATEGORY ( 'part', '', ( #3556 ) ) ;
#1883 = AXIS2_PLACEMENT_3D ( 'NONE', #337, #1453, #21 ) ;
#1884 = CARTESIAN_POINT ( 'NONE',  ( -115.0000000000203215, 10.00000000000000000, -79.72239721857476979 ) ) ;
#1885 = CARTESIAN_POINT ( 'NONE',  ( 0.000000000000000000, 0.000000000000000000, 0.000000000000000000 ) ) ;
#1886 = PLANE ( 'NONE',  #3212 ) ;
#1887 = VERTEX_POINT ( 'NONE', #3268 ) ;
#1888 = CARTESIAN_POINT ( 'NONE',  ( 215.7596123864777837, 20.00000000003865352, -80.00000000007673862 ) ) ;
#1889 = VECTOR ( 'NONE', #360, 1000.000000000000000 ) ;
#1890 = COLOUR_RGB ( '',0.7921568627450980005, 0.8196078431372548767, 0.9333333333333333481 ) ;
#1891 = ORIENTED_EDGE ( 'NONE', *, *, #3130, .T. ) ;
#1892 = ADVANCED_BREP_SHAPE_REPRESENTATION ( '', ( #3016, #3086 ), #1477 ) ;
#1893 = ORIENTED_EDGE ( 'NONE', *, *, #2292, .T. ) ;
#1894 = PLANE ( 'NONE',  #2525 ) ;
#1895 = AXIS2_PLACEMENT_3D ( 'NONE', #502, #3635, #1401 ) ;
#1896 = CARTESIAN_POINT ( 'NONE',  ( 208.3263215820701078, 20.97895708203238740, -95.00530532270678918 ) ) ;
#1897 = PRODUCT_DEFINITION_SHAPE ( 'NONE', 'NONE',  #902 ) ;
#1898 = AXIS2_PLACEMENT_3D ( 'NONE', #2953, #2066, #2906 ) ;
#1899 = EDGE_CURVE ( 'NONE', #214, #2069, #422, .T. ) ;
#1900 = EDGE_CURVE ( 'NONE', #1632, #851, #148, .T. ) ;
#1901 = CARTESIAN_POINT ( 'NONE',  ( 0.000000000000000000, 0.000000000000000000, -4.999999999999999112 ) ) ;
#1902 = VERTEX_POINT ( 'NONE', #3306 ) ;
#1903 = DIRECTION ( 'NONE',  ( 0.9848077530122072432, 0.000000000000000000, -0.1736481776669347443 ) ) ;
#1904 = CARTESIAN_POINT ( 'NONE',  ( 0.000000000000000000, 20.00000000000000000, -4.999999999999999112 ) ) ;
#1905 = CARTESIAN_POINT ( 'NONE',  ( -1.654531499027267261, 8.118979286450995758, 4.719874665594108620 ) ) ;
#1906 = DIRECTION ( 'NONE',  ( -0.000000000000000000, -1.000000000000000000, -0.000000000000000000 ) ) ;
#1907 = CYLINDRICAL_SURFACE ( 'NONE', #421, 1.500000000000000222 ) ;
#1908 = ORIENTED_EDGE ( 'NONE', *, *, #3296, .F. ) ;
#1909 = CIRCLE ( 'NONE', #317, 5.000000000000004441 ) ;
#1910 = DIRECTION ( 'NONE',  ( -0.000000000000000000, 1.000000000000000000, -0.000000000000000000 ) ) ;
#1911 = VERTEX_POINT ( 'NONE', #2389 ) ;
#1912 = APPLICATION_PROTOCOL_DEFINITION ( 'draft international standard', 'automotive_design', 1998, #2134 ) ;
#1913 = ADVANCED_FACE ( 'NONE', ( #1575 ), #710, .F. ) ;
#1914 = VERTEX_POINT ( 'NONE', #1901 ) ;
#1915 = EDGE_LOOP ( 'NONE', ( #644, #3516, #1303, #632, #3138, #2641, #975, #191, #558, #3539, #1821, #3022, #89, #703, #3454, #1391, #3400, #1928, #2489, #2746, #130, #2084 ) ) ;
#1916 = DIRECTION ( 'NONE',  ( 1.000000000000000000, 0.000000000000000000, -0.000000000000000000 ) ) ;
#1917 = LINE ( 'NONE', #2782, #2373 ) ;
#1918 = FILL_AREA_STYLE ('',( #271 ) ) ;
#1919 = CARTESIAN_POINT ( 'NONE',  ( 0.000000000000000000, 0.000000000000000000, 0.000000000000000000 ) ) ;
#1920 = ORIENTED_EDGE ( 'NONE', *, *, #3248, .F. ) ;
#1921 = DIRECTION ( 'NONE',  ( -0.000000000000000000, -0.000000000000000000, -1.000000000000000000 ) ) ;
#1922 = CARTESIAN_POINT ( 'NONE',  ( 187.1562612533556376, 25.29054987557258372, -98.73815814188509421 ) ) ;
#1923 = AXIS2_PLACEMENT_3D ( 'NONE', #1765, #1241, #681 ) ;
#1924 = LINE ( 'NONE', #3131, #213 ) ;
#1925 = CARTESIAN_POINT ( 'NONE',  ( 40.00000000000000000, 12.00000000000000000, -8.673617379884035472E-16 ) ) ;
#1926 = DIRECTION ( 'NONE',  ( 0.000000000000000000, -1.000000000000000000, 0.000000000000000000 ) ) ;
#1927 = CIRCLE ( 'NONE', #333, 32.00000000000000000 ) ;
#1928 = ORIENTED_EDGE ( 'NONE', *, *, #3001, .F. ) ;
#1929 = CARTESIAN_POINT ( 'NONE',  ( -437733.1776311434223, 10.00000000000000000, 77084.16956762371410 ) ) ;
#1930 = ORIENTED_EDGE ( 'NONE', *, *, #3122, .T. ) ;
#1931 = DIRECTION ( 'NONE',  ( 0.000000000000000000, 0.000000000000000000, 1.000000000000000000 ) ) ;
#1932 = PRODUCT_DEFINITION_SHAPE ( 'NONE', 'NONE',  #3660 ) ;
#1933 = ORIENTED_EDGE ( 'NONE', *, *, #3528, .T. ) ;
#1934 = ORIENTED_EDGE ( 'NONE', *, *, #789, .F. ) ;
#1935 = CYLINDRICAL_SURFACE ( 'NONE', #1730, 2.000000000000000000 ) ;
#1936 = DIRECTION ( 'NONE',  ( -0.000000000000000000, 1.000000000000000000, 5.782411586589358625E-16 ) ) ;
#1937 = CARTESIAN_POINT ( 'NONE',  ( 200.0146587672211069, 35.00002705119445068, -80.00000000007675283 ) ) ;
#1938 = ORIENTED_EDGE ( 'NONE', *, *, #2928, .F. ) ;
#1939 = DIRECTION ( 'NONE',  ( 0.000000000000000000, 1.000000000000000000, 0.000000000000000000 ) ) ;
#1940 = EDGE_CURVE ( 'NONE', #1149, #1132, #1087, .T. ) ;
#1941 = DIRECTION ( 'NONE',  ( -2.312964634635742957E-16, -1.156482317317871478E-16, 1.000000000000000000 ) ) ;
#1942 = VECTOR ( 'NONE', #2582, 1000.000000000000227 ) ;
#1943 = APPLICATION_CONTEXT ( 'automotive_design' ) ;
#1944 = DIRECTION ( 'NONE',  ( 0.000000000000000000, 0.000000000000000000, 1.000000000000000000 ) ) ;
#1945 = ADVANCED_FACE ( 'NONE', ( #3532, #2726 ), #978, .T. ) ;
#1946 = CARTESIAN_POINT ( 'NONE',  ( 12.49999999997970157, 20.99999999999999645, -15.00000000000000000 ) ) ;
#1947 = AXIS2_PLACEMENT_3D ( 'NONE', #1525, #3555, #1001 ) ;
#1948 = ORIENTED_EDGE ( 'NONE', *, *, #3528, .F. ) ;
#1949 = CARTESIAN_POINT ( 'NONE',  ( 180.0000000000636646, 10.00000000000000000, -99.99999999998721023 ) ) ;
#1950 = VECTOR ( 'NONE', #1356, 1000.000000000000000 ) ;
#1951 = DIRECTION ( 'NONE',  ( -0.1419776012200307524, -4.312799938766969582E-16, 0.9898698706152270210 ) ) ;
#1952 = ORIENTED_EDGE ( 'NONE', *, *, #2387, .T. ) ;
#1953 = DIRECTION ( 'NONE',  ( 1.000000000000000000, -0.000000000000000000, 2.334567381254908161E-16 ) ) ;
#1954 = ORIENTED_EDGE ( 'NONE', *, *, #3117, .F. ) ;
#1955 = DIRECTION ( 'NONE',  ( 0.000000000000000000, -0.000000000000000000, 1.000000000000000000 ) ) ;
#1956 = CARTESIAN_POINT ( 'NONE',  ( 0.000000000000000000, 0.000000000000000000, 30.00000000000000000 ) ) ;
#1957 = AXIS2_PLACEMENT_3D ( 'NONE', #402, #2090, #1449 ) ;
#1958 = VECTOR ( 'NONE', #2555, 1000.000000000000000 ) ;
#1959 = CARTESIAN_POINT ( 'NONE',  ( 202.9325268669725801, 34.87763817251688181, -80.00000000007673862 ) ) ;
#1960 = ORIENTED_EDGE ( 'NONE', *, *, #3130, .F. ) ;
#1961 = LINE ( 'NONE', #2558, #2852 ) ;
#1962 = EDGE_CURVE ( 'NONE', #3263, #700, #200, .T. ) ;
#1963 = CARTESIAN_POINT ( 'NONE',  ( -0.2008047674042333086, 1.489841690676347419, 4.506133061471495616 ) ) ;
#1964 = DIRECTION ( 'NONE',  ( 0.000000000000000000, 0.000000000000000000, 1.000000000000000000 ) ) ;
#1965 = PRODUCT_DEFINITION_SHAPE ( 'NONE', 'NONE',  #3658 ) ;
#1966 = CARTESIAN_POINT ( 'NONE',  ( -2.500000000000001776, 10.16792976895501610, 4.330127018922190985 ) ) ;
#1967 = PLANE ( 'NONE',  #1971 ) ;
#1968 = UNCERTAINTY_MEASURE_WITH_UNIT (LENGTH_MEASURE( 1.000000000000000082E-05 ), #974, 'distance_accuracy_value', 'NONE');
#1969 = ORIENTED_EDGE ( 'NONE', *, *, #3599, .T. ) ;
#1970 = DIRECTION ( 'NONE',  ( 0.000000000000000000, -0.000000000000000000, 1.000000000000000000 ) ) ;
#1971 = AXIS2_PLACEMENT_3D ( 'NONE', #1684, #2830, #861 ) ;
#1972 = CARTESIAN_POINT ( 'NONE',  ( 575.1633660897678055, 1006.000000000024443, 1220.927838031622741 ) ) ;
#1974 = ADVANCED_FACE ( 'NONE', ( #2111 ), #3232, .T. ) ;
#1973 = SHAPE_REPRESENTATION ( 'Demo', ( #2798, #1659, #2136, #537, #2615, #367, #1663, #2321, #655, #1895, #306, #128, #2029, #2196, #766, #1533, #1354, #189, #2802 ), #3202 ) ;
#1975 = VECTOR ( 'NONE', #2171, 1000.000000000000000 ) ;
#1976 = VERTEX_POINT ( 'NONE', #1556 ) ;
#1977 = CARTESIAN_POINT ( 'NONE',  ( 4.000000000000000888, 2.001000000000000334, -13.85640646055101932 ) ) ;
#1978 = ORIENTED_EDGE ( 'NONE', *, *, #702, .F. ) ;
#1979 = DIRECTION ( 'NONE',  ( 0.000000000000000000, -5.782411586589358625E-16, 1.000000000000000000 ) ) ;
#1980 = EDGE_CURVE ( 'NONE', #1849, #519, #690, .T. ) ;
#1981 = LINE ( 'NONE', #3641, #624 ) ;
#1982 = CARTESIAN_POINT ( 'NONE',  ( 0.000000000000000000, 0.000000000000000000, 0.000000000000000000 ) ) ;
#1983 = CARTESIAN_POINT ( 'NONE',  ( 200.5184919458406227, 35.00046346280375076, -96.38203634834923150 ) ) ;
#1984 = ITEM_DEFINED_TRANSFORMATION ( 'NONE', 'NONE', #2196,  #3086 ) ;
#1985 = FACE_OUTER_BOUND ( 'NONE', #3496, .T. ) ;
#1986 = CARTESIAN_POINT ( 'NONE',  ( 0.000000000000000000, 25.00000000000000000, -1.500000000000000666 ) ) ;
#1987 = FACE_OUTER_BOUND ( 'NONE', #172, .T. ) ;
#1988 = CIRCLE ( 'NONE', #1923, 7.500000000053574034 ) ;
#1989 = EDGE_LOOP ( 'NONE', ( #2509, #711, #473, #1093, #2364 ) ) ;
#1990 = DIRECTION ( 'NONE',  ( -1.000000000000000000, 0.000000000000000000, -2.334567381254908161E-16 ) ) ;
#1991 = ITEM_DEFINED_TRANSFORMATION ( 'NONE', 'NONE', #1659,  #3086 ) ;
#1992 = EDGE_CURVE ( 'NONE', #2469, #3279, #2162, .T. ) ;
#1993 = EDGE_CURVE ( 'NONE', #816, #2267, #1269, .T. ) ;
#1994 = EDGE_LOOP ( 'NONE', ( #388, #3025, #2680, #3065, #3593, #3413, #667, #3194 ) ) ;
#1995 = VECTOR ( 'NONE', #2929, 1000.000000000000000 ) ;
#1996 = CARTESIAN_POINT ( 'NONE',  ( 194.3389313368919034, 16.69693865294461688, -80.00000000007666756 ) ) ;
#1997 = EDGE_CURVE ( 'NONE', #2506, #700, #2109, .T. ) ;
#1998 = ORIENTED_EDGE ( 'NONE', *, *, #319, .T. ) ;
#1999 = LINE ( 'NONE', #2215, #761 ) ;
#2000 = SHAPE_REPRESENTATION ( 'Bolts_tricept', ( #3086 ), #1477 ) ;
#2001 = B_SPLINE_CURVE_WITH_KNOTS ( 'NONE', 3,
 ( #2770, #2411, #153, #2008, #1148, #2577, #2223, #1430, #786, #1726, #259, #3394, #3331, #1645, #1966, #40 ),
 .UNSPECIFIED., .F., .F.,
 ( 4, 2, 2, 2, 2, 2, 2, 4 ),
 ( 0.01192236024948131572, 0.01241818132785784887, 0.01291400240623438375, 0.01390564456298744832, 0.01440146564136398147, 0.01489728671974051288, 0.01539310779811704603, 0.01588892887649357918 ),
 .UNSPECIFIED. ) ;
#2002 = SURFACE_STYLE_USAGE ( .BOTH. , #1636 ) ;
#2003 = CARTESIAN_POINT ( 'NONE',  ( 187.1419142885831661, 25.25145964278062038, -80.00000000007675283 ) ) ;
#2004 = DIRECTION ( 'NONE',  ( -2.569960705150825398E-16, -0.000000000000000000, -1.000000000000000000 ) ) ;
#2005 = CARTESIAN_POINT ( 'NONE',  ( 214.9914764325962153, 24.79916371253625229, -93.83005869195903870 ) ) ;
#2006 = CONTEXT_DEPENDENT_SHAPE_REPRESENTATION ( #3032, #1562 ) ;
#2007 = EDGE_CURVE ( 'NONE', #1804, #1265, #3549, .T. ) ;
#2008 = CARTESIAN_POINT ( 'NONE',  ( -0.6585099098572899656, 12.41741526371922610, 4.959140660327081562 ) ) ;
#2009 = ORIENTED_EDGE ( 'NONE', *, *, #436, .T. ) ;
#2010 = CARTESIAN_POINT ( 'NONE',  ( 215.7596123867051574, 10.00000000000000000, -80.00000000007673862 ) ) ;
#2011 = AXIS2_PLACEMENT_3D ( 'NONE', #2358, #2866, #2079 ) ;
#2012 = DIRECTION ( 'NONE',  ( 0.000000000000000000, 0.000000000000000000, -1.000000000000000000 ) ) ;
#2013 = CARTESIAN_POINT ( 'NONE',  ( 208.3735542387984481, 4.999999999890640368, -79.87876146651099418 ) ) ;
#2014 = VECTOR ( 'NONE', #1374, 1000.000000000000000 ) ;
#2015 = PRODUCT_CONTEXT ( 'NONE', #2970, 'mechanical' ) ;
#2016 = EDGE_LOOP ( 'NONE', ( #523, #2871, #1252, #548 ) ) ;
#2017 = CARTESIAN_POINT ( 'NONE',  ( 197.6957659321493566, 13.26792569022324031, -80.00000000007673862 ) ) ;
#2018 = VERTEX_POINT ( 'NONE', #3288 ) ;
#2019 = DIRECTION ( 'NONE',  ( 1.000000000000000000, -0.000000000000000000, -2.334567381254908161E-16 ) ) ;
#2020 = AXIS2_PLACEMENT_3D ( 'NONE', #185, #1293, #2443 ) ;
#2021 = CARTESIAN_POINT ( 'NONE',  ( 201.4747382611870705, 27.49995720677416600, -80.00000000007672440 ) ) ;
#2022 = EDGE_CURVE ( 'NONE', #1088, #676, #603, .T. ) ;
#2023 = EDGE_CURVE ( 'NONE', #2822, #2025, #1927, .T. ) ;
#2024 = CARTESIAN_POINT ( 'NONE',  ( 200.5029722776486949, 12.50002251343496518, -96.38477288458314263 ) ) ;
#2025 = VERTEX_POINT ( 'NONE', #3624 ) ;
#2026 = CARTESIAN_POINT ( 'NONE',  ( 0.7595060953455303743, -1.297074058416561204, 4.616659372085498703 ) ) ;
#2027 = AXIS2_PLACEMENT_3D ( 'NONE', #1278, #2206, #3021 ) ;
#2028 = CYLINDRICAL_SURFACE ( 'NONE', #1883, 5.000000000000000888 ) ;
#2029 = AXIS2_PLACEMENT_3D ( 'NONE', #3340, #2796, #3358 ) ;
#2030 = FACE_OUTER_BOUND ( 'NONE', #3141, .T. ) ;
#2031 = DIRECTION ( 'NONE',  ( -0.000000000000000000, -1.000000000000000000, -0.000000000000000000 ) ) ;
#2032 = CARTESIAN_POINT ( 'NONE',  ( 4.000000000000000888, 0.000000000000000000, -13.85640646055101932 ) ) ;
#2033 = UNCERTAINTY_MEASURE_WITH_UNIT (LENGTH_MEASURE( 1.000000000000000082E-05 ), #2671, 'distance_accuracy_value', 'NONE');
#2034 = ADVANCED_FACE ( 'NONE', ( #1073, #1371 ), #2218, .F. ) ;
#2035 = PRODUCT_CONTEXT ( 'NONE', #3286, 'mechanical' ) ;
#2036 = ORIENTED_EDGE ( 'NONE', *, *, #2927, .F. ) ;
#2037 = CARTESIAN_POINT ( 'NONE',  ( 0.000000000000000000, 20.00000000000000000, 0.000000000000000000 ) ) ;
#2038 = ORIENTED_EDGE ( 'NONE', *, *, #3396, .F. ) ;
#2039 = EDGE_CURVE ( 'NONE', #946, #2910, #2236, .T. ) ;
#2040 = CARTESIAN_POINT ( 'NONE',  ( 195.0984622118238860, 15.44692428888988012, -20.00000000007673151 ) ) ;
#2041 = CARTESIAN_POINT ( 'NONE',  ( -10.00000000000009059, 2.000000000000000000, -17.32050807568872486 ) ) ;
#2042 = CARTESIAN_POINT ( 'NONE',  ( 195.0643810679354999, 24.58680411868695614, -80.00000000007673862 ) ) ;
#2043 = CYLINDRICAL_SURFACE ( 'NONE', #1772, 1.500000000000000222 ) ;
#2044 = ORIENTED_EDGE ( 'NONE', *, *, #1282, .F. ) ;
#2045 = SURFACE_STYLE_USAGE ( .BOTH. , #1237 ) ;
#2046 = EDGE_CURVE ( 'NONE', #1193, #81, #1981, .T. ) ;
#2047 = FACE_OUTER_BOUND ( 'NONE', #1068, .T. ) ;
#2048 = CARTESIAN_POINT ( 'NONE',  ( -115.0000000000203073, 10.00000000000000000, -20.27760278144796757 ) ) ;
#2049 = DIRECTION ( 'NONE',  ( 0.000000000000000000, -0.000000000000000000, 1.000000000000000000 ) ) ;
#2050 = VECTOR ( 'NONE', #2102, 1000.000000000000000 ) ;
#2051 = EDGE_LOOP ( 'NONE', ( #1178, #2271, #1494 ) ) ;
#2052 = CARTESIAN_POINT ( 'NONE',  ( 202.9379605943381932, 12.69917378549755149, -80.00000000007673862 ) ) ;
#2053 = ORIENTED_EDGE ( 'NONE', *, *, #2403, .F. ) ;
#2054 = VECTOR ( 'NONE', #653, 1000.000000000000000 ) ;
#2055 = AXIS2_PLACEMENT_3D ( 'NONE', #298, #574, #1944 ) ;
#2056 = DIRECTION ( 'NONE',  ( 0.000000000000000000, -0.000000000000000000, 1.000000000000000000 ) ) ;
#2057 = VECTOR ( 'NONE', #2159, 1000.000000000000000 ) ;
#2058 = CARTESIAN_POINT ( 'NONE',  ( 208.3735542387981354, 19.99999999999982236, -80.00000000007662493 ) ) ;
#2059 = CARTESIAN_POINT ( 'NONE',  ( 0.000000000000000000, 0.000000000000000000, 5.000000000000000000 ) ) ;
#2060 = DIRECTION ( 'NONE',  ( -1.000000000000000000, 0.000000000000000000, 2.435297185593389810E-12 ) ) ;
#2061 = ORIENTED_EDGE ( 'NONE', *, *, #512, .T. ) ;
#2062 = CARTESIAN_POINT ( 'NONE',  ( 214.9943929883178271, 24.79005851998375931, -20.00000000007674927 ) ) ;
#2063 = CARTESIAN_POINT ( 'NONE',  ( -2.029279522197668939E-11, 21.00000000000000000, 4.737017291214845304E-27 ) ) ;
#2064 = CARTESIAN_POINT ( 'NONE',  ( 186.2153797959742292, 19.99999999998182076, -74.64587363251820307 ) ) ;
#2065 = CARTESIAN_POINT ( 'NONE',  ( 0.9285755557734806098, 1.193372686948436012, 4.674090376087731258 ) ) ;
#2066 = DIRECTION ( 'NONE',  ( 0.000000000000000000, 1.000000000000000000, 0.000000000000000000 ) ) ;
#2067 = ORIENTED_EDGE ( 'NONE', *, *, #2797, .T. ) ;
#2068 = PLANE ( 'NONE',  #2519 ) ;
#2069 = VERTEX_POINT ( 'NONE', #3093 ) ;
#2070 = CARTESIAN_POINT ( 'NONE',  ( 197.6957659322968652, 13.26792569022254042, -20.00000000007674927 ) ) ;
#2071 = PLANE ( 'NONE',  #1091 ) ;
#2072 = CARTESIAN_POINT ( 'NONE',  ( 205.5157447118962466, 25.94558622902442480, -80.00000000007675283 ) ) ;
#2073 = CARTESIAN_POINT ( 'NONE',  ( 194.3489517103766957, 16.67564252745346209, -97.46989275042803058 ) ) ;
#2074 = CIRCLE ( 'NONE', #824, 1.499999999999997780 ) ;
#2075 = EDGE_LOOP ( 'NONE', ( #2361, #538 ) ) ;
#2076 = SURFACE_STYLE_USAGE ( .BOTH. , #3234 ) ;
#2077 = EDGE_CURVE ( 'NONE', #3480, #1117, #3108, .T. ) ;
#2078 = CIRCLE ( 'NONE', #2915, 5.000000000000004441 ) ;
#2079 = DIRECTION ( 'NONE',  ( 0.000000000000000000, 0.000000000000000000, 1.000000000000000000 ) ) ;
#2080 = CARTESIAN_POINT ( 'NONE',  ( 4.000000000000000888, 2.001000000000000334, -15.35640646055101755 ) ) ;
#2081 = PRODUCT_DEFINITION_FORMATION_WITH_SPECIFIED_SOURCE ( 'ANY', '', #2198, .NOT_KNOWN. ) ;
#2082 = DIRECTION ( 'NONE',  ( -2.312964634635742957E-16, 0.000000000000000000, 1.000000000000000000 ) ) ;
#2083 = EDGE_CURVE ( 'NONE', #2188, #1778, #892, .T. ) ;
#2084 = ORIENTED_EDGE ( 'NONE', *, *, #2426, .F. ) ;
#2085 = FACE_OUTER_BOUND ( 'NONE', #2320, .T. ) ;
#2086 = ORIENTED_EDGE ( 'NONE', *, *, #1755, .T. ) ;
#2087 = CARTESIAN_POINT ( 'NONE',  ( 24.99999999997970335, 23.99999999999999645, -30.00000000000000711 ) ) ;
#2088 =( REPRESENTATION_RELATIONSHIP ('NONE','NONE', #1973, #104 ) REPRESENTATION_RELATIONSHIP_WITH_TRANSFORMATION ( #1991 )SHAPE_REPRESENTATION_RELATIONSHIP( ) );
#2089 = CARTESIAN_POINT ( 'NONE',  ( -10.00000000000009059, 0.000000000000000000, -17.32050807568872486 ) ) ;
#2090 = DIRECTION ( 'NONE',  ( 0.000000000000000000, 0.000000000000000000, 1.000000000000000000 ) ) ;
#2091 = EDGE_CURVE ( 'NONE', #519, #686, #1738, .T. ) ;
#2092 = CYLINDRICAL_SURFACE ( 'NONE', #2956, 32.00000000000000000 ) ;
#2093 = FILL_AREA_STYLE ('',( #1701 ) ) ;
#2094 = ORIENTED_EDGE ( 'NONE', *, *, #2950, .F. ) ;
#2095 =( NAMED_UNIT ( * ) SI_UNIT ( $, .STERADIAN. ) SOLID_ANGLE_UNIT ( ) );
#2096 = DIRECTION ( 'NONE',  ( -1.000000000000000000, 0.000000000000000000, 0.000000000000000000 ) ) ;
#2097 = PLANE ( 'NONE',  #2723 ) ;
#2098 = LINE ( 'NONE', #376, #1558 ) ;
#2099 = CARTESIAN_POINT ( 'NONE',  ( 1.197722202682172998, 0.9229585353290372662, 4.800552417858087395 ) ) ;
#2100 = CARTESIAN_POINT ( 'NONE',  ( 186.2153797961809687, 10.00000000000000000, -20.00000000007674217 ) ) ;
#2101 = ORIENTED_EDGE ( 'NONE', *, *, #586, .T. ) ;
#2102 = DIRECTION ( 'NONE',  ( 0.000000000000000000, -1.000000000000000000, 0.000000000000000000 ) ) ;
#2103 = EDGE_LOOP ( 'NONE', ( #3424, #2094, #3606, #2140 ) ) ;
#2104 = ADVANCED_FACE ( 'NONE', ( #2646, #3466 ), #2896, .F. ) ;
#2105 = EDGE_CURVE ( 'NONE', #1849, #986, #1773, .T. ) ;
#2106 = CIRCLE ( 'NONE', #95, 5.000000000000000888 ) ;
#2107 = EDGE_CURVE ( 'NONE', #458, #158, #907, .T. ) ;
#2108 = LINE ( 'NONE', #2686, #3115 ) ;
#2109 = CIRCLE ( 'NONE', #964, 5.000000000000004441 ) ;
#2110 = DIRECTION ( 'NONE',  ( 0.000000000000000000, 1.000000000000000000, 0.000000000000000000 ) ) ;
#2111 = FACE_OUTER_BOUND ( 'NONE', #1915, .T. ) ;
#2112 = ORIENTED_EDGE ( 'NONE', *, *, #1589, .F. ) ;
#2113 = CARTESIAN_POINT ( 'NONE',  ( 201.4745214077349260, 34.99998646596952057, -20.00000000007675283 ) ) ;
#2114 = EDGE_CURVE ( 'NONE', #2910, #2792, #3448, .T. ) ;
#2115 = CARTESIAN_POINT ( 'NONE',  ( -1.299064116204389219, -0.7560430016838183276, 4.863129128183715011 ) ) ;
#2116 = PLANE ( 'NONE',  #37 ) ;
#2117 = CARTESIAN_POINT ( 'NONE',  ( 0.000000000000000000, -2.500000000000000000, 7.000000000000000000 ) ) ;
#2118 = ORIENTED_EDGE ( 'NONE', *, *, #3015, .T. ) ;
#2119 = CARTESIAN_POINT ( 'NONE',  ( 208.0031655480743495, 17.60431193742593337, -80.00000000007671019 ) ) ;
#2120 = ORIENTED_EDGE ( 'NONE', *, *, #408, .T. ) ;
#2121 = ORIENTED_EDGE ( 'NONE', *, *, #2023, .F. ) ;
#2122 = LINE ( 'NONE', #454, #1316 ) ;
#2123 = SURFACE_SIDE_STYLE ('',( #977 ) ) ;
#2124 = CIRCLE ( 'NONE', #3369, 1.499999999999997780 ) ;
#2125 = AXIS2_PLACEMENT_3D ( 'NONE', #1977, #836, #9 ) ;
#2126 = CARTESIAN_POINT ( 'NONE',  ( -2.029973411588059662E-11, 9.999999999999996447, -30.00000000000000000 ) ) ;
#2127 = VERTEX_POINT ( 'NONE', #2352 ) ;
#2128 = CARTESIAN_POINT ( 'NONE',  ( 186.2387996287764622, 20.97447920505179297, -20.00000000007675283 ) ) ;
#2129 = ADVANCED_FACE ( 'NONE', ( #2874 ), #1498, .T. ) ;
#2130 = CARTESIAN_POINT ( 'NONE',  ( -1.450250503481770092, -0.3957090338548656105, 4.963491242713508278 ) ) ;
#2131 = PLANE ( 'NONE',  #561 ) ;
#2132 = DIRECTION ( 'NONE',  ( 0.000000000000000000, -1.000000000000000000, -2.168404344971008868E-16 ) ) ;
#2133 = VECTOR ( 'NONE', #1739, 1000.000000000000000 ) ;
#2134 = APPLICATION_CONTEXT ( 'automotive_design' ) ;
#2135 = VERTEX_POINT ( 'NONE', #3214 ) ;
#2136 = AXIS2_PLACEMENT_3D ( 'NONE', #3542, #1822, #2436 ) ;
#2137 = FACE_OUTER_BOUND ( 'NONE', #8, .T. ) ;
#2138 = EDGE_CURVE ( 'NONE', #2188, #201, #2315, .T. ) ;
#2139 = ORIENTED_EDGE ( 'NONE', *, *, #776, .F. ) ;
#2140 = ORIENTED_EDGE ( 'NONE', *, *, #1745, .F. ) ;
#2141 = DIRECTION ( 'NONE',  ( 0.000000000000000000, -0.000000000000000000, 1.000000000000000000 ) ) ;
#2142 = CARTESIAN_POINT ( 'NONE',  ( 12.49999999997970157, 5.999999999999996447, -85.00000000015347723 ) ) ;
#2143 = CARTESIAN_POINT ( 'NONE',  ( 0.1655869666764226700, 12.50000000000000533, 5.000000000000000000 ) ) ;
#2144 = CARTESIAN_POINT ( 'NONE',  ( 215.7596123864777837, 20.00000000003865352, -80.00000000007673862 ) ) ;
#2145 = ORIENTED_EDGE ( 'NONE', *, *, #1043, .F. ) ;
#2146 = CARTESIAN_POINT ( 'NONE',  ( 2.449293598294706414E-16, 2.001000000000000334, -4.000000000000000000 ) ) ;
#2147 = FACE_OUTER_BOUND ( 'NONE', #2986, .T. ) ;
#2148 = DIRECTION ( 'NONE',  ( 2.334567381254908161E-16, 0.000000000000000000, 1.000000000000000000 ) ) ;
#2149 = CARTESIAN_POINT ( 'NONE',  ( 193.6014379433708257, 19.99999999999999645, -134.3494395367514187 ) ) ;
#2150 = FACE_OUTER_BOUND ( 'NONE', #1208, .T. ) ;
#2151 = EDGE_CURVE ( 'NONE', #201, #3559, #2594, .T. ) ;
#2152 = ORIENTED_EDGE ( 'NONE', *, *, #3122, .F. ) ;
#2153 = CARTESIAN_POINT ( 'NONE',  ( 208.3735542386594375, 19.99999999999999645, -136.9541622017740679 ) ) ;
#2154 = EDGE_LOOP ( 'NONE', ( #3523, #1345, #576, #245, #2966, #1549, #616 ) ) ;
#2155 = DIRECTION ( 'NONE',  ( 1.000000000000000000, 0.000000000000000000, 0.000000000000000000 ) ) ;
#2156 = ORIENTED_EDGE ( 'NONE', *, *, #3553, .T. ) ;
#2157 = B_SPLINE_CURVE_WITH_KNOTS ( 'NONE', 3,
 ( #1134, #2599, #167, #1504, #113, #424, #2693, #132, #1273, #1239, #151, #3552, #529, #488, #3603, #2216, #2143, #871 ),
 .UNSPECIFIED., .F., .F.,
 ( 4, 2, 2, 2, 2, 2, 2, 2, 4 ),
 ( 0.007951492273476391814, 0.008447850770477008386, 0.008944209267477623224, 0.009440567764478238061, 0.009936926261478854633, 0.01043328475847946947, 0.01092964325548008431, 0.01142600175248070088, 0.01192236024948131572 ),
 .UNSPECIFIED. ) ;
#2158 = ORIENTED_EDGE ( 'NONE', *, *, #403, .F. ) ;
#2159 = DIRECTION ( 'NONE',  ( 0.000000000000000000, 1.000000000000000000, 0.000000000000000000 ) ) ;
#2160 = CIRCLE ( 'NONE', #2164, 1.500000000000001332 ) ;
#2161 = AXIS2_PLACEMENT_3D ( 'NONE', #2936, #3191, #3206 ) ;
#2162 = LINE ( 'NONE', #3251, #2888 ) ;
#2163 = ORIENTED_EDGE ( 'NONE', *, *, #2105, .T. ) ;
#2164 = AXIS2_PLACEMENT_3D ( 'NONE', #145, #3283, #2401 ) ;
#2165 = STYLED_ITEM ( 'NONE', ( #2355 ), #1794 ) ;
#2166 = CARTESIAN_POINT ( 'NONE',  ( 208.3735542387616135, 20.00000000000006395, -94.99697693096138096 ) ) ;
#2167 = AXIS2_PLACEMENT_3D ( 'NONE', #125, #2439, #401 ) ;
#2168 = LINE ( 'NONE', #3271, #709 ) ;
#2169 = PRODUCT_DEFINITION_SHAPE ( 'NONE', 'NONE',  #3648 ) ;
#2170 = CARTESIAN_POINT ( 'NONE',  ( -2.029973411588059662E-11, 9.999999999999996447, -70.00000000015346302 ) ) ;
#2171 = DIRECTION ( 'NONE',  ( -2.569960705150825398E-16, -0.000000000000000000, 1.000000000000000000 ) ) ;
#2172 = VERTEX_POINT ( 'NONE', #3164 ) ;
#2173 = CARTESIAN_POINT ( 'NONE',  ( 0.000000000000000000, 2.500000000000000000, 9.500000000000001776 ) ) ;
#2174 = VERTEX_POINT ( 'NONE', #1448 ) ;
#2175 =( NAMED_UNIT ( * ) PLANE_ANGLE_UNIT ( ) SI_UNIT ( $, .RADIAN. ) );
#2176 = EDGE_LOOP ( 'NONE', ( #3269, #2835 ) ) ;
#2177 = ORIENTED_EDGE ( 'NONE', *, *, #2298, .T. ) ;
#2178 = CARTESIAN_POINT ( 'NONE',  ( -2.029973411588059662E-11, 20.99999999999999289, -73.00000000015346302 ) ) ;
#2179 = CARTESIAN_POINT ( 'NONE',  ( 204.7089151506592373, 26.55244748434771296, -95.64315167675286489 ) ) ;
#2180 = CARTESIAN_POINT ( 'NONE',  ( 12.49999999997970157, 24.00000000000000000, -85.00000000015347723 ) ) ;
#2181 = ORIENTED_EDGE ( 'NONE', *, *, #217, .F. ) ;
#2182 = CARTESIAN_POINT ( 'NONE',  ( -2.029279522197668939E-11, 21.00000000000000000, -100.0000000001534772 ) ) ;
#2183 = CIRCLE ( 'NONE', #2846, 1.500000000000000222 ) ;
#2184 = DIRECTION ( 'NONE',  ( 0.000000000000000000, 0.000000000000000000, 1.000000000000000000 ) ) ;
#2185 = EDGE_CURVE ( 'NONE', #1270, #1976, #75, .T. ) ;
#2186 = CARTESIAN_POINT ( 'NONE',  ( -2.029279522197668939E-11, 24.00000000000000000, -100.0000000001534772 ) ) ;
#2187 = CARTESIAN_POINT ( 'NONE',  ( -337992.9660725302529, 10.00000000000000000, -59729.01806479683000 ) ) ;
#2188 = VERTEX_POINT ( 'NONE', #672 ) ;
#2189 = DIRECTION ( 'NONE',  ( 0.000000000000000000, -0.000000000000000000, 1.000000000000000000 ) ) ;
#2190 = VECTOR ( 'NONE', #2860, 1000.000000000000000 ) ;
#2191 = ORIENTED_EDGE ( 'NONE', *, *, #319, .F. ) ;
#2192 = EDGE_CURVE ( 'NONE', #2847, #2069, #1426, .T. ) ;
#2193 = VERTEX_POINT ( 'NONE', #3183 ) ;
#2194 = ORIENTED_EDGE ( 'NONE', *, *, #1523, .T. ) ;
#2195 = DIRECTION ( 'NONE',  ( 0.000000000000000000, 0.000000000000000000, -1.000000000000000000 ) ) ;
#2196 = AXIS2_PLACEMENT_3D ( 'NONE', #556, #1105, #264 ) ;
#2197 = FACE_BOUND ( 'NONE', #2551, .T. ) ;
#2198 = PRODUCT ( 'Bolts_tricept', 'Bolts_tricept', '', ( #2868 ) ) ;
#2199 = CARTESIAN_POINT ( 'NONE',  ( 209.6412798030783904, 32.16660376158611001, -80.00000000007672440 ) ) ;
#2200 = ORIENTED_EDGE ( 'NONE', *, *, #3059, .T. ) ;
#2201 = CARTESIAN_POINT ( 'NONE',  ( 188.0554953341900841, 27.50827528600181537, -20.00000000007673151 ) ) ;
#2202 = CARTESIAN_POINT ( 'NONE',  ( 186.5941325715122332, 23.41047265335390648, -98.83727659512423713 ) ) ;
#2203 = LINE ( 'NONE', #3329, #1950 ) ;
#2204 =( REPRESENTATION_RELATIONSHIP ('NONE','NONE', #1973, #1213 ) REPRESENTATION_RELATIONSHIP_WITH_TRANSFORMATION ( #2543 )SHAPE_REPRESENTATION_RELATIONSHIP( ) );
#2205 = CARTESIAN_POINT ( 'NONE',  ( 10.00000000000007816, 2.000000000000000000, -17.32050807568872841 ) ) ;
#2206 = DIRECTION ( 'NONE',  ( -2.334567381254908161E-16, -1.445602896647339656E-16, -1.000000000000000000 ) ) ;
#2207 = ORIENTED_EDGE ( 'NONE', *, *, #1343, .T. ) ;
#2208 = FACE_OUTER_BOUND ( 'NONE', #212, .T. ) ;
#2209 = ORIENTED_EDGE ( 'NONE', *, *, #52, .F. ) ;
#2210 = CARTESIAN_POINT ( 'NONE',  ( 186.2153797959611836, 19.99999999998181366, -80.00000000007673862 ) ) ;
#2211 = DIRECTION ( 'NONE',  ( 1.978188003608406167E-17, 1.000000000000000000, 1.804480935514261350E-16 ) ) ;
#2212 = ORIENTED_EDGE ( 'NONE', *, *, #2957, .F. ) ;
#2213 = EDGE_CURVE ( 'NONE', #1109, #490, #3428, .T. ) ;
#2214 = DIRECTION ( 'NONE',  ( 2.435297185593389810E-12, -0.000000000000000000, 1.000000000000000000 ) ) ;
#2215 = CARTESIAN_POINT ( 'NONE',  ( -338015.4947438252857, 0.000000000000000000, -59601.25162085858756 ) ) ;
#2216 = CARTESIAN_POINT ( 'NONE',  ( 0.3318670470564027974, 12.48348683285458449, 4.991680947004269342 ) ) ;
#2217 = EDGE_CURVE ( 'NONE', #1160, #1088, #1165, .T. ) ;
#2218 = PLANE ( 'NONE',  #1255 ) ;
#2219 = ORIENTED_EDGE ( 'NONE', *, *, #747, .T. ) ;
#2220 = CARTESIAN_POINT ( 'NONE',  ( 1.532095834638438792, 8.017848934518440274, 4.761538506183790709 ) ) ;
#2221 = DIRECTION ( 'NONE',  ( -2.334567381254908161E-16, 0.000000000000000000, -1.000000000000000000 ) ) ;
#2222 = AXIS2_PLACEMENT_3D ( 'NONE', #208, #1319, #2189 ) ;
#2223 = CARTESIAN_POINT ( 'NONE',  ( -1.541913646847663300, 11.99415045950718905, 4.762550599683265773 ) ) ;
#2224 = CARTESIAN_POINT ( 'NONE',  ( 1.420051277839518011, -0.4929249085275836384, 4.941961016575480592 ) ) ;
#2225 = AXIS2_PLACEMENT_3D ( 'NONE', #2406, #1251, #762 ) ;
#2226 = UNCERTAINTY_MEASURE_WITH_UNIT (LENGTH_MEASURE( 1.000000000000000082E-05 ), #487, 'distance_accuracy_value', 'NONE');
#2227 = EDGE_LOOP ( 'NONE', ( #285, #1363, #1742, #1027 ) ) ;
#2228 = CARTESIAN_POINT ( 'NONE',  ( -1.306362597053064567, 0.7625842125381878667, 4.866528456391441715 ) ) ;
#2229 = DIRECTION ( 'NONE',  ( -0.08982928132241498054, -1.424725565513033893E-24, 0.9959571779032966310 ) ) ;
#2230 = VERTEX_POINT ( 'NONE', #1757 ) ;
#2231 = CYLINDRICAL_SURFACE ( 'NONE', #61, 4.999999999999999112 ) ;
#2232 = ORIENTED_EDGE ( 'NONE', *, *, #206, .F. ) ;
#2233 = DIRECTION ( 'NONE',  ( 0.5000000000000038858, 0.000000000000000000, -0.8660254037844363761 ) ) ;
#2234 = DIRECTION ( 'NONE',  ( -0.9848077530122072432, 0.000000000000000000, -0.1736481776669343002 ) ) ;
#2235 = CARTESIAN_POINT ( 'NONE',  ( 180.0000000002341949, 0.000000000000000000, 0.000000000000000000 ) ) ;
#2236 = LINE ( 'NONE', #1660, #3348 ) ;
#2237 = VERTEX_POINT ( 'NONE', #2612 ) ;
#2238 = DIRECTION ( 'NONE',  ( -0.000000000000000000, 1.000000000000000000, -0.000000000000000000 ) ) ;
#2239 = FACE_OUTER_BOUND ( 'NONE', #973, .T. ) ;
#2240 = CLOSED_SHELL ( 'NONE', ( #2820, #2771, #178, #361 ) ) ;
#2241 = DIRECTION ( 'NONE',  ( 0.000000000000000000, 2.569960705150825398E-16, -1.000000000000000000 ) ) ;
#2242 = FACE_OUTER_BOUND ( 'NONE', #1245, .T. ) ;
#2243 = EDGE_CURVE ( 'NONE', #2174, #2690, #2289, .T. ) ;
#2244 = CARTESIAN_POINT ( 'NONE',  ( 12.49999999997970157, 5.999999999999996447, -80.00000000015347723 ) ) ;
#2245 = VECTOR ( 'NONE', #550, 1000.000000000000000 ) ;
#2246 = ORIENTED_EDGE ( 'NONE', *, *, #1435, .T. ) ;
#2247 = LINE ( 'NONE', #2507, #622 ) ;
#2248 = CARTESIAN_POINT ( 'NONE',  ( 828.0670449855686002, 1034.533705918717033, 1372.946817747199020 ) ) ;
#2249 = B_SPLINE_CURVE_WITH_KNOTS ( 'NONE', 3,
 ( #2533, #1591, #3104, #1996, #579, #1108, #2853, #600, #3422, #2588, #2017, #868, #50, #399, #2052, #2941, #2909, #2955, #1480, #3209, #701, #2119, #633, #1228, #2383, #952 ),
 .UNSPECIFIED., .F., .F.,
 ( 4, 2, 2, 2, 2, 2, 2, 2, 2, 2, 2, 2, 4 ),
 ( 0.02335423733398226884, 0.02627393781745456652, 0.02773378805919071016, 0.02919363830092685727, 0.03065348854266300438, 0.03211333878439915496, 0.03503303926787144917, 0.03795273975134374339, 0.04087244023481604455, 0.04233229047655221594, 0.04379214071828839427, 0.04525199096002456567, 0.04671184120176074400 ),
 .UNSPECIFIED. ) ;
#2250 = VERTEX_POINT ( 'NONE', #1482 ) ;
#2251 = CARTESIAN_POINT ( 'NONE',  ( 2.999999999999993339, 19.99999999999999645, 4.000000000000003553 ) ) ;
#2252 = ORIENTED_EDGE ( 'NONE', *, *, #3389, .T. ) ;
#2253 = PLANE ( 'NONE',  #3315 ) ;
#2254 = DIRECTION ( 'NONE',  ( 0.000000000000000000, 1.000000000000000000, 0.000000000000000000 ) ) ;
#2255 = AXIS2_PLACEMENT_3D ( 'NONE', #2536, #833, #3106 ) ;
#2256 = AXIS2_PLACEMENT_3D ( 'NONE', #3124, #3622, #1110 ) ;
#2257 = CARTESIAN_POINT ( 'NONE',  ( 192.3342179805763408, 32.16699209836778550, -80.00000000007673862 ) ) ;
#2258 = CARTESIAN_POINT ( 'NONE',  ( 12.49999999997970157, 24.00000000000000000, -15.00000000000000000 ) ) ;
#2259 = VERTEX_POINT ( 'NONE', #3426 ) ;
#2260 = CARTESIAN_POINT ( 'NONE',  ( 186.2153797959151404, 19.99999999998181366, -98.90406092848020592 ) ) ;
#2261 = CONTEXT_DEPENDENT_SHAPE_REPRESENTATION ( #935, #800 ) ;
#2262 = PRODUCT_DEFINITION_SHAPE ( 'NONE', 'NONE',  #1733 ) ;
#2263 = FACE_OUTER_BOUND ( 'NONE', #1661, .T. ) ;
#2264 = FACE_OUTER_BOUND ( 'NONE', #122, .T. ) ;
#2265 = EDGE_CURVE ( 'NONE', #3318, #1858, #2628, .T. ) ;
#2266 = ADVANCED_FACE ( 'NONE', ( #925 ), #2071, .F. ) ;
#2267 = VERTEX_POINT ( 'NONE', #2419 ) ;
#2268 = DIRECTION ( 'NONE',  ( 2.334567381254908161E-16, 1.445602896647339656E-16, -1.000000000000000000 ) ) ;
#2269 = AXIS2_PLACEMENT_3D ( 'NONE', #19, #575, #1702 ) ;
#2270 =( NAMED_UNIT ( * ) PLANE_ANGLE_UNIT ( ) SI_UNIT ( $, .RADIAN. ) );
#2271 = ORIENTED_EDGE ( 'NONE', *, *, #1238, .F. ) ;
#2272 = CARTESIAN_POINT ( 'NONE',  ( 0.000000000000000000, 0.000000000000000000, 0.000000000000000000 ) ) ;
#2273 = EDGE_LOOP ( 'NONE', ( #1588, #1969 ) ) ;
#2274 = CARTESIAN_POINT ( 'NONE',  ( -337992.9660725302529, 0.000000000000000000, -59729.01806479683000 ) ) ;
#2275 = EDGE_CURVE ( 'NONE', #3482, #3277, #568, .T. ) ;
#2276 = CARTESIAN_POINT ( 'NONE',  ( 189.1404249711760315, 29.17250210615510397, -80.00000000007675283 ) ) ;
#2277 = CARTESIAN_POINT ( 'NONE',  ( 0.6584138513982529251, 7.582614060993929428, 4.959126935340796294 ) ) ;
#2278 =( REPRESENTATION_RELATIONSHIP ('NONE','NONE', #1973, #3366 ) REPRESENTATION_RELATIONSHIP_WITH_TRANSFORMATION ( #1059 )SHAPE_REPRESENTATION_RELATIONSHIP( ) );
#2279 = LINE ( 'NONE', #3111, #57 ) ;
#2280 = LINE ( 'NONE', #3057, #2943 ) ;
#2281 = EDGE_LOOP ( 'NONE', ( #2532, #3336, #1008, #1854, #1471, #2158, #2209, #723 ) ) ;
#2282 = CARTESIAN_POINT ( 'NONE',  ( 1.196987836876111766, -0.9240704233956295033, 4.800100916897889647 ) ) ;
#2283 = VECTOR ( 'NONE', #1906, 1000.000000000000000 ) ;
#2284 = PLANE ( 'NONE',  #1704 ) ;
#2285 = CARTESIAN_POINT ( 'NONE',  ( 4.000000000000000888, 2.001000000000000334, -12.35640646055102110 ) ) ;
#2286 = DIRECTION ( 'NONE',  ( -2.334567381254908161E-16, 0.000000000000000000, -1.000000000000000000 ) ) ;
#2287 = APPLICATION_PROTOCOL_DEFINITION ( 'draft international standard', 'automotive_design', 1998, #1552 ) ;
#2288 = EDGE_LOOP ( 'NONE', ( #1004, #1638, #447, #634 ) ) ;
#2289 = CIRCLE ( 'NONE', #1565, 4.999999999999999112 ) ;
#2290 = CARTESIAN_POINT ( 'NONE',  ( 3.061617207092592341E-16, -1.500000000000000222, 4.499999999999999112 ) ) ;
#2291 = ORIENTED_EDGE ( 'NONE', *, *, #922, .T. ) ;
#2292 = EDGE_CURVE ( 'NONE', #2924, #1025, #1304, .T. ) ;
#2293 = CARTESIAN_POINT ( 'NONE',  ( 12.49999999997970157, 5.999999999999996447, -15.00000000000000000 ) ) ;
#2294 = EDGE_CURVE ( 'NONE', #2740, #867, #3565, .T. ) ;
#2295 = DIRECTION ( 'NONE',  ( -0.000000000000000000, 1.000000000000000000, -0.000000000000000000 ) ) ;
#2296 = CARTESIAN_POINT ( 'NONE',  ( -1.500000000000000222, 0.000000000000000000, 5.000000000000000000 ) ) ;
#2297 = CARTESIAN_POINT ( 'NONE',  ( 208.4433553792608507, 33.09746395557640852, -94.98466910660725659 ) ) ;
#2298 = EDGE_CURVE ( 'NONE', #2847, #2740, #706, .T. ) ;
#2299 = SURFACE_SIDE_STYLE ('',( #387 ) ) ;
#2300 = ORIENTED_EDGE ( 'NONE', *, *, #1310, .T. ) ;
#2301 = DIRECTION ( 'NONE',  ( 0.000000000000000000, 0.000000000000000000, -1.000000000000000000 ) ) ;
#2302 = AXIS2_PLACEMENT_3D ( 'NONE', #1436, #662, #46 ) ;
#2303 = DIRECTION ( 'NONE',  ( -5.999746433351979610E-32, 1.000000000000000000, 2.569960705150825398E-16 ) ) ;
#2304 = EDGE_CURVE ( 'NONE', #2452, #2127, #2724, .T. ) ;
#2305 = CARTESIAN_POINT ( 'NONE',  ( 3.339980119220326434E-16, 1.500000000000000666, 4.499999999999999112 ) ) ;
#2306 = FACE_OUTER_BOUND ( 'NONE', #1609, .T. ) ;
#2307 =( GEOMETRIC_REPRESENTATION_CONTEXT ( 3 ) GLOBAL_UNCERTAINTY_ASSIGNED_CONTEXT ( ( #3439 ) ) GLOBAL_UNIT_ASSIGNED_CONTEXT ( ( #349, #872, #3163 ) ) REPRESENTATION_CONTEXT ( 'NONE', 'WORKASPACE' ) );
#2308 = APPLICATION_PROTOCOL_DEFINITION ( 'draft international standard', 'automotive_design', 1998, #1943 ) ;
#2309 = PRODUCT_DEFINITION_CONTEXT ( 'detailed design', #1627, 'design' ) ;
#2310 = VERTEX_POINT ( 'NONE', #2992 ) ;
#2311 = VECTOR ( 'NONE', #324, 1000.000000000000000 ) ;
#2312 = CARTESIAN_POINT ( 'NONE',  ( -1.500000000000000222, 0.000000000000000000, 20.00000000000000000 ) ) ;
#2313 = EDGE_LOOP ( 'NONE', ( #344, #2067 ) ) ;
#2314 = SHAPE_REPRESENTATION_RELATIONSHIP ( 'NONE' , 'NONE' ,  #1213, #3308 ) ;
#2315 = LINE ( 'NONE', #2041, #2994 ) ;
#2316 = CARTESIAN_POINT ( 'NONE',  ( 207.4536198881291114, 23.75382685810565420, -80.00000000007672440 ) ) ;
#2317 = EDGE_CURVE ( 'NONE', #2690, #2174, #2350, .T. ) ;
#2318 = CARTESIAN_POINT ( 'NONE',  ( 210.0817114485021193, 31.98273265973501722, -94.69578272759254389 ) ) ;
#2319 = FACE_BOUND ( 'NONE', #2313, .T. ) ;
#2320 = EDGE_LOOP ( 'NONE', ( #2736, #3509, #1318, #3544 ) ) ;
#2321 = AXIS2_PLACEMENT_3D ( 'NONE', #3064, #2491, #211 ) ;
#2322 = LINE ( 'NONE', #592, #1577 ) ;
#2323 = CARTESIAN_POINT ( 'NONE',  ( 0.000000000000000000, 2.000000000000000000, 0.000000000000000000 ) ) ;
#2324 = CARTESIAN_POINT ( 'NONE',  ( 1.500000000000037081, 0.1019398092429204400, 5.000000000000023981 ) ) ;
#2325 = CARTESIAN_POINT ( 'NONE',  ( 0.000000000000000000, 0.000000000000000000, 0.000000000000000000 ) ) ;
#2326 = APPLICATION_PROTOCOL_DEFINITION ( 'draft international standard', 'automotive_design', 1998, #3286 ) ;
#2327 = EDGE_LOOP ( 'NONE', ( #234, #452, #1734, #991, #119 ) ) ;
#2328 = CARTESIAN_POINT ( 'NONE',  ( 200.0137350598782575, 27.45092724578400478, -20.00000000007675283 ) ) ;
#2329 = ORIENTED_EDGE ( 'NONE', *, *, #2105, .F. ) ;
#2330 = APPLICATION_CONTEXT ( 'automotive_design' ) ;
#2331 = SHAPE_REPRESENTATION_RELATIONSHIP ( 'NONE' , 'NONE' ,  #104, #2654 ) ;
#2332 = EDGE_CURVE ( 'NONE', #1626, #2609, #3582, .T. ) ;
#2333 = CARTESIAN_POINT ( 'NONE',  ( -10.00000000000009059, 2.000000000000000000, -17.32050807568872486 ) ) ;
#2334 = DIRECTION ( 'NONE',  ( 0.000000000000000000, 0.000000000000000000, 1.000000000000000000 ) ) ;
#2335 = CARTESIAN_POINT ( 'NONE',  ( 189.2654598957737733, 29.14129765448931764, -98.36624951355312874 ) ) ;
#2336 = CARTESIAN_POINT ( 'NONE',  ( -2.029279522197668939E-11, 21.00000000000000000, 4.737017291214845304E-27 ) ) ;
#2337 = ORIENTED_EDGE ( 'NONE', *, *, #1433, .T. ) ;
#2338 = CARTESIAN_POINT ( 'NONE',  ( 215.3868612310463391, 23.38371873943533075, -20.00000000007674927 ) ) ;
#2339 = DIRECTION ( 'NONE',  ( -0.000000000000000000, 1.000000000000000000, 2.168404344971008868E-16 ) ) ;
#2340 = B_SPLINE_CURVE_WITH_KNOTS ( 'NONE', 3,
 ( #2593, #1717, #1164, #890, #1754, #2040, #2894, #348, #3364, #819, #2070, #2944, #73, #244, #1336, #2484, #2466, #3039, #3592, #2811, #3631, #788, #1378, #2377, #497, #1100 ),
 .UNSPECIFIED., .F., .F.,
 ( 4, 2, 2, 2, 2, 2, 2, 2, 2, 2, 2, 2, 4 ),
 ( 0.02335423733398464541, 0.02627393781745660309, 0.02773378805919258713, 0.02919363830092857465, 0.03065348854266455869, 0.03211333878440054274, 0.03503303926787258715, 0.03795273975134463851, 0.04087244023481667599, 0.04233229047655268085, 0.04379214071828867877, 0.04525199096002467669, 0.04671184120176068155 ),
 .UNSPECIFIED. ) ;
#2341 = CARTESIAN_POINT ( 'NONE',  ( 186.2153797959147994, 19.99999999998182076, -99.04874196603103087 ) ) ;
#2342 = DIRECTION ( 'NONE',  ( 0.000000000000000000, 1.000000000000000000, 0.000000000000000000 ) ) ;
#2343 = EDGE_CURVE ( 'NONE', #3211, #1914, #3285, .T. ) ;
#2344 = VECTOR ( 'NONE', #3560, 1000.000000000000000 ) ;
#2345 = ORIENTED_EDGE ( 'NONE', *, *, #3571, .F. ) ;
#2346 = DIRECTION ( 'NONE',  ( 0.000000000000000000, 0.000000000000000000, 1.000000000000000000 ) ) ;
#2347 = VERTEX_POINT ( 'NONE', #198 ) ;
#2348 = AXIS2_PLACEMENT_3D ( 'NONE', #3486, #608, #2618 ) ;
#2349 = LINE ( 'NONE', #2087, #3500 ) ;
#2350 = CIRCLE ( 'NONE', #738, 4.999999999999999112 ) ;
#2351 = ADVANCED_FACE ( 'NONE', ( #2385 ), #2453, .T. ) ;
#2352 = CARTESIAN_POINT ( 'NONE',  ( 1.836970198721029934E-16, 2.500000000000000000, 5.500000000000000000 ) ) ;
#2353 = CARTESIAN_POINT ( 'NONE',  ( 208.1406901935531550, 21.93098124440434660, -80.00000000007668177 ) ) ;
#2354 = CARTESIAN_POINT ( 'NONE',  ( 195.7920764828978122, 34.05027419032204250, -97.21543091650376311 ) ) ;
#2355 = PRESENTATION_STYLE_ASSIGNMENT (( #675 ) ) ;
#2356 = ORIENTED_EDGE ( 'NONE', *, *, #807, .F. ) ;
#2357 = CARTESIAN_POINT ( 'NONE',  ( 207.1274625256477862, 33.65185495606439758, -20.00000000007673506 ) ) ;
#2358 = CARTESIAN_POINT ( 'NONE',  ( 36.00000000000000711, 10.49999999999999822, -8.673617379884035472E-16 ) ) ;
#2359 = LINE ( 'NONE', #1817, #3520 ) ;
#2360 = CARTESIAN_POINT ( 'NONE',  ( 40.00000000000000000, 10.50000000000000000, -4.000000000000000888 ) ) ;
#2361 = ORIENTED_EDGE ( 'NONE', *, *, #3425, .F. ) ;
#2362 = CARTESIAN_POINT ( 'NONE',  ( 204.7111687413579375, 26.49582303708475095, -20.00000000007673151 ) ) ;
#2363 = EDGE_CURVE ( 'NONE', #2800, #625, #2108, .T. ) ;
#2364 = ORIENTED_EDGE ( 'NONE', *, *, #1199, .T. ) ;
#2365 = DIRECTION ( 'NONE',  ( 0.000000000000000000, 0.000000000000000000, 1.000000000000000000 ) ) ;
#2366 = DIRECTION ( 'NONE',  ( 0.000000000000000000, 0.000000000000000000, 1.000000000000000000 ) ) ;
#2367 = VECTOR ( 'NONE', #1328, 1000.000000000000000 ) ;
#2368 = DIRECTION ( 'NONE',  ( -0.000000000000000000, -1.000000000000000000, -0.000000000000000000 ) ) ;
#2369 = CARTESIAN_POINT ( 'NONE',  ( 198.5921379045697961, 27.11180587954870447, -80.00000000007676704 ) ) ;
#2370 = ORIENTED_EDGE ( 'NONE', *, *, #1309, .T. ) ;
#2371 = CARTESIAN_POINT ( 'NONE',  ( 215.5728844087344953, 22.42694826749399439, -20.00000000007675283 ) ) ;
#2372 = SHAPE_REPRESENTATION ( 'Rod', ( #3086 ), #2674 ) ;
#2373 = VECTOR ( 'NONE', #3403, 1000.000000000000000 ) ;
#2374 = CARTESIAN_POINT ( 'NONE',  ( -399924.9999999997672, 0.000000000000000000, 0.000000000000000000 ) ) ;
#2375 = EDGE_CURVE ( 'NONE', #2127, #10, #2462, .T. ) ;
#2376 = DIRECTION ( 'NONE',  ( 0.000000000000000000, 0.000000000000000000, 1.000000000000000000 ) ) ;
#2377 = CARTESIAN_POINT ( 'NONE',  ( 208.3270358528068016, 19.02882007629879979, -20.00000000007673151 ) ) ;
#2378 = EDGE_CURVE ( 'NONE', #1431, #3208, #469, .T. ) ;
#2379 = DIRECTION ( 'NONE',  ( 0.000000000000000000, -1.000000000000000000, 0.000000000000000000 ) ) ;
#2380 = EDGE_CURVE ( 'NONE', #2740, #2932, #688, .T. ) ;
#2381 = VECTOR ( 'NONE', #3613, 1000.000000000000227 ) ;
#2382 = ORIENTED_EDGE ( 'NONE', *, *, #2688, .T. ) ;
#2383 = CARTESIAN_POINT ( 'NONE',  ( 208.3735542387981354, 19.51170821377584019, -80.00000000007675283 ) ) ;
#2384 = ORIENTED_EDGE ( 'NONE', *, *, #754, .T. ) ;
#2385 = FACE_OUTER_BOUND ( 'NONE', #2954, .T. ) ;
#2386 = CARTESIAN_POINT ( 'NONE',  ( -2.029973411588059662E-11, 20.99999999999999289, -73.00000000015346302 ) ) ;
#2387 = EDGE_CURVE ( 'NONE', #961, #1863, #740, .T. ) ;
#2388 = DIRECTION ( 'NONE',  ( 0.000000000000000000, 1.000000000000000000, 0.000000000000000000 ) ) ;
#2389 = CARTESIAN_POINT ( 'NONE',  ( 264.9999999999863576, 0.000000000000000000, -85.01220663976027936 ) ) ;
#2390 = ORIENTED_EDGE ( 'NONE', *, *, #53, .F. ) ;
#2391 =( NAMED_UNIT ( * ) PLANE_ANGLE_UNIT ( ) SI_UNIT ( $, .RADIAN. ) );
#2392 = DIRECTION ( 'NONE',  ( 0.000000000000000000, 0.000000000000000000, 1.000000000000000000 ) ) ;
#2393 = LINE ( 'NONE', #2323, #2703 ) ;
#2394 = FACE_OUTER_BOUND ( 'NONE', #3045, .T. ) ;
#2395 = ORIENTED_EDGE ( 'NONE', *, *, #1421, .T. ) ;
#2396 = CARTESIAN_POINT ( 'NONE',  ( 207.4536198882749716, 23.75382685810598105, -20.00000000007672440 ) ) ;
#2397 = ORIENTED_EDGE ( 'NONE', *, *, #2400, .T. ) ;
#2398 = VERTEX_POINT ( 'NONE', #992 ) ;
#2399 = VECTOR ( 'NONE', #204, 1000.000000000000000 ) ;
#2400 = EDGE_CURVE ( 'NONE', #3301, #2188, #1553, .T. ) ;
#2401 = DIRECTION ( 'NONE',  ( 0.000000000000000000, 0.000000000000000000, 1.000000000000000000 ) ) ;
#2402 = CARTESIAN_POINT ( 'NONE',  ( 193.6014379434602972, 20.98087195743716649, -97.60169959598638911 ) ) ;
#2403 = EDGE_CURVE ( 'NONE', #1053, #2779, #2160, .T. ) ;
#2404 = VECTOR ( 'NONE', #3354, 1000.000000000000000 ) ;
#2405 = PRODUCT_DEFINITION_SHAPE ( 'NONE', 'NONE',  #3651 ) ;
#2406 = CARTESIAN_POINT ( 'NONE',  ( 0.000000000000000000, 0.000000000000000000, 0.000000000000000000 ) ) ;
#2407 = ORIENTED_EDGE ( 'NONE', *, *, #206, .T. ) ;
#2408 = CARTESIAN_POINT ( 'NONE',  ( 186.4020162153586568, 22.42641017443524731, -20.00000000007671375 ) ) ;
#2409 = EDGE_CURVE ( 'NONE', #2734, #1117, #2122, .T. ) ;
#2410 = DIRECTION ( 'NONE',  ( -0.000000000000000000, 1.000000000000000000, -0.000000000000000000 ) ) ;
#2411 = CARTESIAN_POINT ( 'NONE',  ( -0.1654076819047602398, 12.50000000000000178, 5.000000000000000888 ) ) ;
#2412 = CARTESIAN_POINT ( 'NONE',  ( -2.029973411588059662E-11, 13.00000000000000178, -27.00000000000000000 ) ) ;
#2413 = ADVANCED_FACE ( 'NONE', ( #1846 ), #2978, .F. ) ;
#2414 = VERTEX_POINT ( 'NONE', #724 ) ;
#2415 = CARTESIAN_POINT ( 'NONE',  ( 0.000000000000000000, -2.500000000000000000, 7.000000000000000000 ) ) ;
#2416 = ORIENTED_EDGE ( 'NONE', *, *, #3148, .F. ) ;
#2417 = DIRECTION ( 'NONE',  ( 1.000000000000000000, 0.000000000000000000, 0.000000000000000000 ) ) ;
#2418 = ORIENTED_EDGE ( 'NONE', *, *, #3300, .F. ) ;
#2419 = CARTESIAN_POINT ( 'NONE',  ( -1.500000000000000222, 0.000000000000000000, 0.000000000000000000 ) ) ;
#2420 = DIRECTION ( 'NONE',  ( -0.000000000000000000, -1.000000000000000000, -0.000000000000000000 ) ) ;
#2421 = AXIS2_PLACEMENT_3D ( 'NONE', #3036, #2541, #3350 ) ;
#2422 = CARTESIAN_POINT ( 'NONE',  ( -115.0000000000203073, 10.00000000000000000, -20.27760278144796757 ) ) ;
#2423 = AXIS2_PLACEMENT_3D ( 'NONE', #2815, #266, #1386 ) ;
#2424 = DIRECTION ( 'NONE',  ( 0.000000000000000000, -0.000000000000000000, 1.000000000000000000 ) ) ;
#2425 = EDGE_LOOP ( 'NONE', ( #3347, #737, #2718, #325 ) ) ;
#2426 = EDGE_CURVE ( 'NONE', #2722, #1193, #1859, .T. ) ;
#2427 = DIRECTION ( 'NONE',  ( 1.000000000000000000, -0.000000000000000000, 2.334567381254908161E-16 ) ) ;
#2428 = CARTESIAN_POINT ( 'NONE',  ( 12.49999999997970157, 5.999999999999996447, -20.00000000000000000 ) ) ;
#2429 = CARTESIAN_POINT ( 'NONE',  ( 0.000000000000000000, 0.000000000000000000, 30.00000000000000000 ) ) ;
#2430 = DIRECTION ( 'NONE',  ( -0.000000000000000000, -0.000000000000000000, -1.000000000000000000 ) ) ;
#2431 = CARTESIAN_POINT ( 'NONE',  ( 3.339980119220326434E-16, 1.500000000000000666, 4.499999999999999112 ) ) ;
#2432 = AXIS2_PLACEMENT_3D ( 'NONE', #1662, #2238, #1427 ) ;
#2433 = ORIENTED_EDGE ( 'NONE', *, *, #2797, .F. ) ;
#2434 = FACE_OUTER_BOUND ( 'NONE', #2288, .T. ) ;
#2435 = EDGE_LOOP ( 'NONE', ( #654, #2356 ) ) ;
#2436 = DIRECTION ( 'NONE',  ( 0.9838687808218709030, -0.1706972686282900720, -0.05352256166259515557 ) ) ;
#2437 = DIRECTION ( 'NONE',  ( 0.9848077530122071321, 0.000000000000000000, 0.1736481776669355770 ) ) ;
#2438 = ORIENTED_EDGE ( 'NONE', *, *, #2565, .T. ) ;
#2439 = DIRECTION ( 'NONE',  ( 0.000000000000000000, 1.000000000000000000, 0.000000000000000000 ) ) ;
#2440 = CARTESIAN_POINT ( 'NONE',  ( 195.0809135312011051, 24.60903893161347966, -97.34082813256814859 ) ) ;
#2441 = CARTESIAN_POINT ( 'NONE',  ( 0.000000000000000000, 25.00000000000000000, -1.500000000000000666 ) ) ;
#2442 = ORIENTED_EDGE ( 'NONE', *, *, #3060, .F. ) ;
#2443 = DIRECTION ( 'NONE',  ( 1.000000000000000000, 0.000000000000000000, 0.000000000000000000 ) ) ;
#2444 = CARTESIAN_POINT ( 'NONE',  ( 3.061616997868385113E-16, -2.500000000000000000, 4.499999999999999112 ) ) ;
#2445 = LINE ( 'NONE', #2749, #501 ) ;
#2446 = CARTESIAN_POINT ( 'NONE',  ( -2.029973411588059662E-11, 13.00000000000000178, -73.00000000015346302 ) ) ;
#2447 = VERTEX_POINT ( 'NONE', #1611 ) ;
#2448 = DIRECTION ( 'NONE',  ( -0.8660254037844363761, 0.000000000000000000, -0.5000000000000038858 ) ) ;
#2449 = VERTEX_POINT ( 'NONE', #3047 ) ;
#2450 = SHAPE_REPRESENTATION_RELATIONSHIP ( 'NONE' , 'NONE' ,  #955, #2 ) ;
#2451 = ORIENTED_EDGE ( 'NONE', *, *, #2426, .T. ) ;
#2452 = VERTEX_POINT ( 'NONE', #1388 ) ;
#2453 = CYLINDRICAL_SURFACE ( 'NONE', #397, 1.500000000000000666 ) ;
#2454 = FACE_OUTER_BOUND ( 'NONE', #2425, .T. ) ;
#2455 = AXIS2_PLACEMENT_3D ( 'NONE', #2848, #3634, #1970 ) ;
#2456 = EDGE_CURVE ( 'NONE', #2172, #1046, #1144, .T. ) ;
#2457 = CARTESIAN_POINT ( 'NONE',  ( 215.7596123863389153, 20.48823967950847091, -80.00000000007673862 ) ) ;
#2458 = EDGE_LOOP ( 'NONE', ( #3615, #3564, #49, #2300 ) ) ;
#2459 = VECTOR ( 'NONE', #183, 1000.000000000000000 ) ;
#2460 = LINE ( 'NONE', #1308, #990 ) ;
#2461 = AXIS2_PLACEMENT_3D ( 'NONE', #2325, #1326, #1154 ) ;
#2462 = CIRCLE ( 'NONE', #2167, 1.500000000000000444 ) ;
#2463 = FACE_OUTER_BOUND ( 'NONE', #599, .T. ) ;
#2464 = DIRECTION ( 'NONE',  ( 1.000000000000000000, -2.832564736347688992E-32, -2.312964634635742957E-16 ) ) ;
#2465 = PLANE ( 'NONE',  #949 ) ;
#2466 = CARTESIAN_POINT ( 'NONE',  ( 205.5518471151570452, 14.02243602732426631, -20.00000000007670664 ) ) ;
#2467 = EDGE_LOOP ( 'NONE', ( #484, #144 ) ) ;
#2468 = CARTESIAN_POINT ( 'NONE',  ( 12.49999999997970157, 5.999999999999996447, -15.00000000000000000 ) ) ;
#2469 = VERTEX_POINT ( 'NONE', #883 ) ;
#2470 = CARTESIAN_POINT ( 'NONE',  ( 541.8291373968337439, 1019.773007534861904, 1228.858867711230914 ) ) ;
#2471 = ORIENTED_EDGE ( 'NONE', *, *, #1312, .F. ) ;
#2472 = EDGE_CURVE ( 'NONE', #1778, #3301, #2495, .T. ) ;
#2473 = ORIENTED_EDGE ( 'NONE', *, *, #3611, .F. ) ;
#2474 = DIRECTION ( 'NONE',  ( 0.000000000000000000, 0.000000000000000000, 1.000000000000000000 ) ) ;
#2475 = CARTESIAN_POINT ( 'NONE',  ( 0.000000000000000000, 2.000000000000000000, 0.000000000000000000 ) ) ;
#2476 =( GEOMETRIC_REPRESENTATION_CONTEXT ( 3 ) GLOBAL_UNCERTAINTY_ASSIGNED_CONTEXT ( ( #1155 ) ) GLOBAL_UNIT_ASSIGNED_CONTEXT ( ( #390, #2391, #2095 ) ) REPRESENTATION_CONTEXT ( 'NONE', 'WORKASPACE' ) );
#2477 = CARTESIAN_POINT ( 'NONE',  ( 211.1334031434324743, 30.91332122148853045, -80.00000000007672440 ) ) ;
#2478 = ORIENTED_EDGE ( 'NONE', *, *, #2751, .F. ) ;
#2479 = VECTOR ( 'NONE', #1140, 1000.000000000000000 ) ;
#2480 = CARTESIAN_POINT ( 'NONE',  ( 186.2391901957935261, 20.98259603764575232, -98.89986251256016203 ) ) ;
#2481 = ITEM_DEFINED_TRANSFORMATION ( 'NONE', 'NONE', #2802,  #3086 ) ;
#2482 = DIRECTION ( 'NONE',  ( -1.000000000000000000, 0.000000000000000000, 0.000000000000000000 ) ) ;
#2483 = DIRECTION ( 'NONE',  ( 1.000000000000000000, -2.832564736347688992E-32, 2.312964634635742957E-16 ) ) ;
#2484 = CARTESIAN_POINT ( 'NONE',  ( 204.7321374388231732, 13.46040172438739368, -20.00000000007674572 ) ) ;
#2485 = VERTEX_POINT ( 'NONE', #3343 ) ;
#2486 = EDGE_CURVE ( 'NONE', #2926, #1106, #215, .T. ) ;
#2487 = CARTESIAN_POINT ( 'NONE',  ( 12.49999999997970157, 13.00000000000000178, -15.00000000000000000 ) ) ;
#2488 = CIRCLE ( 'NONE', #1957, 2.500000000000001776 ) ;
#2489 = ORIENTED_EDGE ( 'NONE', *, *, #2292, .F. ) ;
#2490 = ADVANCED_FACE ( 'NONE', ( #3321 ), #614, .T. ) ;
#2491 = DIRECTION ( 'NONE',  ( 0.000000000000000000, 0.000000000000000000, 1.000000000000000000 ) ) ;
#2492 = ADVANCED_FACE ( 'NONE', ( #2306, #505 ), #1894, .F. ) ;
#2493 = ORIENTED_EDGE ( 'NONE', *, *, #1437, .T. ) ;
#2494 = EDGE_LOOP ( 'NONE', ( #578, #755, #802, #822 ) ) ;
#2495 = LINE ( 'NONE', #342, #338 ) ;
#2496 = CARTESIAN_POINT ( 'NONE',  ( -2.029279522197668939E-11, 13.00000000000000178, -100.0000000001534772 ) ) ;
#2497 = SURFACE_STYLE_FILL_AREA ( #1918 ) ;
#2498 = CARTESIAN_POINT ( 'NONE',  ( 188.0554953340341342, 27.50827528598434313, -80.00000000007675283 ) ) ;
#2499 = ORIENTED_EDGE ( 'NONE', *, *, #408, .F. ) ;
#2500 = CARTESIAN_POINT ( 'NONE',  ( 0.8174327128447578250, 7.631690689445970399, 4.935151173937369684 ) ) ;
#2501 = ADVANCED_FACE ( 'NONE', ( #3601, #486 ), #3068, .F. ) ;
#2502 = DIRECTION ( 'NONE',  ( -0.000000000000000000, -1.000000000000000000, -0.000000000000000000 ) ) ;
#2503 = ITEM_DEFINED_TRANSFORMATION ( 'NONE', 'NONE', #1663,  #3086 ) ;
#2504 = DIRECTION ( 'NONE',  ( 0.000000000000000000, 0.000000000000000000, 1.000000000000000000 ) ) ;
#2505 = LINE ( 'NONE', #2562, #3562 ) ;
#2506 = VERTEX_POINT ( 'NONE', #1368 ) ;
#2507 = CARTESIAN_POINT ( 'NONE',  ( 10.00000000000007816, 0.000000000000000000, -17.32050807568872841 ) ) ;
#2508 = DIRECTION ( 'NONE',  ( 4.076040627368633325E-12, 0.000000000000000000, 1.000000000000000000 ) ) ;
#2509 = ORIENTED_EDGE ( 'NONE', *, *, #694, .T. ) ;
#2510 = PLANE ( 'NONE',  #2919 ) ;
#2511 = DIRECTION ( 'NONE',  ( 0.000000000000000000, -1.000000000000000000, -2.168404344971008868E-16 ) ) ;
#2512 = LINE ( 'NONE', #563, #294 ) ;
#2513 = APPLICATION_CONTEXT ( 'automotive_design' ) ;
#2514 = EDGE_CURVE ( 'NONE', #2609, #1547, #65, .T. ) ;
#2515 = CARTESIAN_POINT ( 'NONE',  ( 208.8366516146949436, 32.71683250261403941, -80.00000000007675283 ) ) ;
#2516 = ORIENTED_EDGE ( 'NONE', *, *, #272, .T. ) ;
#2517 = DIRECTION ( 'NONE',  ( 0.000000000000000000, 0.000000000000000000, 1.000000000000000000 ) ) ;
#2518 = CARTESIAN_POINT ( 'NONE',  ( 12.49999999997970157, 5.999999999999996447, -15.00000000000000000 ) ) ;
#2519 = AXIS2_PLACEMENT_3D ( 'NONE', #3522, #2346, #685 ) ;
#2520 = CARTESIAN_POINT ( 'NONE',  ( -114.9999999999522515, 10.00000000000000000, 291504.9999999998836 ) ) ;
#2521 = CONTEXT_DEPENDENT_SHAPE_REPRESENTATION ( #2590, #1843 ) ;
#2522 = CIRCLE ( 'NONE', #2055, 1.500000000000001332 ) ;
#2523 = DIRECTION ( 'NONE',  ( -0.000000000000000000, 1.000000000000000000, 2.168404344971008868E-16 ) ) ;
#2524 = CARTESIAN_POINT ( 'NONE',  ( 0.6745392723323450079, -1.343402801735862351, 4.590906083046019326 ) ) ;
#2525 = AXIS2_PLACEMENT_3D ( 'NONE', #3090, #1633, #47 ) ;
#2526 =( GEOMETRIC_REPRESENTATION_CONTEXT ( 3 ) GLOBAL_UNCERTAINTY_ASSIGNED_CONTEXT ( ( #2033 ) ) GLOBAL_UNIT_ASSIGNED_CONTEXT ( ( #2671, #2899, #1451 ) ) REPRESENTATION_CONTEXT ( 'NONE', 'WORKASPACE' ) );
#2527 = UNCERTAINTY_MEASURE_WITH_UNIT (LENGTH_MEASURE( 1.000000000000000082E-05 ), #1246, 'distance_accuracy_value', 'NONE');
#2528 = ORIENTED_EDGE ( 'NONE', *, *, #3071, .F. ) ;
#2529 = CARTESIAN_POINT ( 'NONE',  ( 193.6014379435098078, 20.00000000000110845, -77.27403880148837345 ) ) ;
#2530 = VECTOR ( 'NONE', #1145, 1000.000000000000000 ) ;
#2531 = CARTESIAN_POINT ( 'NONE',  ( 537.9957421638928281, 1004.666464558565281, 1255.585354217842223 ) ) ;
#2532 = ORIENTED_EDGE ( 'NONE', *, *, #3571, .T. ) ;
#2533 = CARTESIAN_POINT ( 'NONE',  ( 193.6014379435031856, 20.00000000000110845, -80.00000000007673862 ) ) ;
#2534 = ORIENTED_EDGE ( 'NONE', *, *, #246, .F. ) ;
#2535 = DIRECTION ( 'NONE',  ( 2.435297185593389810E-12, -0.000000000000000000, 1.000000000000000000 ) ) ;
#2536 = CARTESIAN_POINT ( 'NONE',  ( 12.49999999997970157, 13.00000000000000178, -15.00000000000000000 ) ) ;
#2537 = DIRECTION ( 'NONE',  ( -2.699885895008390934E-32, 1.000000000000000000, 1.156482317317871725E-16 ) ) ;
#2538 = EDGE_CURVE ( 'NONE', #2250, #851, #1021, .T. ) ;
#2539 = CARTESIAN_POINT ( 'NONE',  ( 194.4002886141946078, 33.46236821857313970, -80.00000000007678125 ) ) ;
#2540 = CARTESIAN_POINT ( 'NONE',  ( 24.99999999997970335, 13.00000000000000178, -27.00000000000000711 ) ) ;
#2541 = DIRECTION ( 'NONE',  ( -0.000000000000000000, -1.000000000000000000, -0.000000000000000000 ) ) ;
#2542 = VECTOR ( 'NONE', #1941, 1000.000000000000000 ) ;
#2543 = ITEM_DEFINED_TRANSFORMATION ( 'NONE', 'NONE', #1533,  #3086 ) ;
#2544 = CARTESIAN_POINT ( 'NONE',  ( 0.000000000000000000, 2.000000000000000000, 0.000000000000000000 ) ) ;
#2545 = CARTESIAN_POINT ( 'NONE',  ( 0.9189423855668467089, -1.189451770309723155, 4.673477498595033808 ) ) ;
#2546 = LINE ( 'NONE', #1063, #2547 ) ;
#2547 = VECTOR ( 'NONE', #1926, 1000.000000000000000 ) ;
#2548 = EDGE_LOOP ( 'NONE', ( #3162, #1330, #2194, #510 ) ) ;
#2549 = CARTESIAN_POINT ( 'NONE',  ( 193.6014379434578245, 4.999999999891750591, -97.72293812955162196 ) ) ;
#2550 = DIRECTION ( 'NONE',  ( 0.000000000000000000, 0.000000000000000000, 1.000000000000000000 ) ) ;
#2551 = EDGE_LOOP ( 'NONE', ( #1179, #2651 ) ) ;
#2552 = CIRCLE ( 'NONE', #180, 1.500000000000000666 ) ;
#2553 = FACE_OUTER_BOUND ( 'NONE', #2619, .T. ) ;
#2554 = ORIENTED_EDGE ( 'NONE', *, *, #224, .T. ) ;
#2555 = DIRECTION ( 'NONE',  ( -0.000000000000000000, -0.000000000000000000, -1.000000000000000000 ) ) ;
#2556 = CIRCLE ( 'NONE', #74, 1.500000000000001332 ) ;
#2557 = CARTESIAN_POINT ( 'NONE',  ( 191.2008390785790084, 31.24654708174433182, -80.00000000007673862 ) ) ;
#2558 = CARTESIAN_POINT ( 'NONE',  ( -2.029973411588059662E-11, 23.99999999999999645, -30.00000000000000000 ) ) ;
#2559 = CARTESIAN_POINT ( 'NONE',  ( 211.7898325000706450, 30.24318590132468643, -94.39459489988492180 ) ) ;
#2560 = DIRECTION ( 'NONE',  ( 0.000000000000000000, -1.000000000000000000, 0.000000000000000000 ) ) ;
#2561 = ORIENTED_EDGE ( 'NONE', *, *, #2649, .F. ) ;
#2562 = CARTESIAN_POINT ( 'NONE',  ( -2.029973411588059662E-11, 20.99999999999999289, -27.00000000000000000 ) ) ;
#2563 = DIRECTION ( 'NONE',  ( 0.000000000000000000, -4.336808689942017736E-16, 1.000000000000000000 ) ) ;
#2564 = CARTESIAN_POINT ( 'NONE',  ( 208.3735542387486532, 19.99999999999999645, -100.3276607945746264 ) ) ;
#2565 = EDGE_CURVE ( 'NONE', #1902, #2485, #44, .T. ) ;
#2566 = CARTESIAN_POINT ( 'NONE',  ( 193.6014379436921615, 19.99999999999999645, -2.398300269698422582 ) ) ;
#2567 = ADVANCED_FACE ( 'NONE', ( #1347 ), #2781, .T. ) ;
#2568 = PRODUCT_CONTEXT ( 'NONE', #1552, 'mechanical' ) ;
#2569 = PRODUCT_DEFINITION_CONTEXT ( 'detailed design', #3415, 'design' ) ;
#2570 = ORIENTED_EDGE ( 'NONE', *, *, #3425, .T. ) ;
#2571 = CARTESIAN_POINT ( 'NONE',  ( 32.00000000000000000, 3.918869757271530263E-15, 30.00000000000000000 ) ) ;
#2572 = EDGE_LOOP ( 'NONE', ( #1398, #174, #809, #3005 ) ) ;
#2573 = CARTESIAN_POINT ( 'NONE',  ( -2.029279522197668939E-11, 13.00000000000000178, -3.673940397394689264E-16 ) ) ;
#2574 = CARTESIAN_POINT ( 'NONE',  ( 0.1665494872612720556, 7.499999999999989342, 5.000000000000000888 ) ) ;
#2575 = EDGE_CURVE ( 'NONE', #94, #3359, #1069, .T. ) ;
#2576 = CARTESIAN_POINT ( 'NONE',  ( 201.9541521401858688, 12.54833033740843540, -96.12889072095701692 ) ) ;
#2577 = CARTESIAN_POINT ( 'NONE',  ( -1.269654200241439490, 12.17849144064642175, 4.845952790443003977 ) ) ;
#2578 = ORIENTED_EDGE ( 'NONE', *, *, #2217, .F. ) ;
#2579 = CARTESIAN_POINT ( 'NONE',  ( 1.499999999999963585, -0.1019107323811551391, 4.999999999999969802 ) ) ;
#2580 = ADVANCED_FACE ( 'NONE', ( #3157 ), #1935, .F. ) ;
#2581 = AXIS2_PLACEMENT_3D ( 'NONE', #169, #2695, #1334 ) ;
#2582 = DIRECTION ( 'NONE',  ( -0.9848077530122072432, 0.000000000000000000, -0.1736481776669343002 ) ) ;
#2583 = CARTESIAN_POINT ( 'NONE',  ( -0.1013176063889804773, 1.500000000000005329, 4.499999999999996447 ) ) ;
#2584 = PRESENTATION_LAYER_ASSIGNMENT (  '', '', ( #2165 ) ) ;
#2585 = APPLICATION_PROTOCOL_DEFINITION ( 'draft international standard', 'automotive_design', 1998, #494 ) ;
#2586 = ORIENTED_EDGE ( 'NONE', *, *, #3607, .F. ) ;
#2587 = VECTOR ( 'NONE', #2295, 1000.000000000000000 ) ;
#2588 = CARTESIAN_POINT ( 'NONE',  ( 197.2659995846846073, 13.50288650266660007, -80.00000000007675283 ) ) ;
#2589 = ORIENTED_EDGE ( 'NONE', *, *, #2317, .T. ) ;
#2590 =( REPRESENTATION_RELATIONSHIP ('NONE','NONE', #1973, #2000 ) REPRESENTATION_RELATIONSHIP_WITH_TRANSFORMATION ( #3628 )SHAPE_REPRESENTATION_RELATIONSHIP( ) );
#2591 = CARTESIAN_POINT ( 'NONE',  ( 0.000000000000000000, 0.000000000000000000, 0.000000000000000000 ) ) ;
#2592 = CARTESIAN_POINT ( 'NONE',  ( 7.835092088627419592E-15, 7.499999999999900524, 5.000000000000047962 ) ) ;
#2593 = CARTESIAN_POINT ( 'NONE',  ( 193.6014379436492732, 19.99999999999871036, -20.00000000007675283 ) ) ;
#2594 = LINE ( 'NONE', #2089, #799 ) ;
#2595 = CARTESIAN_POINT ( 'NONE',  ( -2.029279522197668939E-11, 21.00000000000000000, 4.737017291214845304E-27 ) ) ;
#2596 = FACE_OUTER_BOUND ( 'NONE', #2837, .T. ) ;
#2597 = DIRECTION ( 'NONE',  ( -1.000000000000000000, 0.000000000000000000, 2.435297185593389810E-12 ) ) ;
#2598 = EDGE_LOOP ( 'NONE', ( #3511, #3050, #735, #1006 ) ) ;
#2599 = CARTESIAN_POINT ( 'NONE',  ( 2.500000000000002220, 10.16558506168936837, 4.330127018922191873 ) ) ;
#2600 = FACE_OUTER_BOUND ( 'NONE', #1989, .T. ) ;
#2601 = DIRECTION ( 'NONE',  ( 0.000000000000000000, 1.000000000000000000, 0.000000000000000000 ) ) ;
#2602 = CARTESIAN_POINT ( 'NONE',  ( 1.489705258374799612, 0.2018030515343416098, 4.992169249404190268 ) ) ;
#2603 = CARTESIAN_POINT ( 'NONE',  ( -2.029973411588059662E-11, 23.99999999999999645, -30.00000000000000000 ) ) ;
#2604 = AXIS2_PLACEMENT_3D ( 'NONE', #1561, #3506, #2951 ) ;
#2605 = APPLICATION_PROTOCOL_DEFINITION ( 'draft international standard', 'automotive_design', 1998, #1627 ) ;
#2606 = ADVANCED_FACE ( 'NONE', ( #253 ), #2510, .F. ) ;
#2607 = ORIENTED_EDGE ( 'NONE', *, *, #669, .F. ) ;
#2608 = DIRECTION ( 'NONE',  ( 0.000000000000000000, 1.000000000000000000, 0.000000000000000000 ) ) ;
#2609 = VERTEX_POINT ( 'NONE', #1676 ) ;
#2610 = EDGE_CURVE ( 'NONE', #2414, #1225, #2817, .T. ) ;
#2611 = B_SPLINE_CURVE_WITH_KNOTS ( 'NONE', 3,
 ( #1180, #2925, #1820, #141, #3240, #2396, #1548, #1803, #1840, #2362, #972, #2661, #2974, #364, #2698, #120, #2328, #1768, #1209, #3463, #904, #3180, #2625, #3510, #3195, #88 ),
 .UNSPECIFIED., .F., .F.,
 ( 4, 2, 2, 2, 2, 2, 2, 2, 2, 2, 2, 2, 4 ),
 ( 1.665334536937734811E-16, 0.001459639833374225737, 0.002919279666748284940, 0.005838559333496393805, 0.007298199166870415061, 0.008757839000244436317, 0.01021747883361845757, 0.01167711866699247883, 0.01313675850036650009, 0.01459639833374052308, 0.01751567800048856385, 0.02043495766723660290, 0.02335423733398464541 ),
 .UNSPECIFIED. ) ;
#2612 = CARTESIAN_POINT ( 'NONE',  ( 12.49999999997970157, 13.00000000000000178, -9.999999999999998224 ) ) ;
#2613 = VECTOR ( 'NONE', #351, 1000.000000000000000 ) ;
#2614 = LINE ( 'NONE', #2595, #3139 ) ;
#2615 = AXIS2_PLACEMENT_3D ( 'NONE', #1652, #1931, #3102 ) ;
#2616 = CARTESIAN_POINT ( 'NONE',  ( 206.2094653239909690, 34.04010584434011122, -95.37856419528768015 ) ) ;
#2617 = ADVANCED_FACE ( 'NONE', ( #1528 ), #1207, .F. ) ;
#2618 = DIRECTION ( 'NONE',  ( 0.000000000000000000, 0.000000000000000000, -1.000000000000000000 ) ) ;
#2619 = EDGE_LOOP ( 'NONE', ( #2044, #2156, #2493, #3061 ) ) ;
#2620 = FILL_AREA_STYLE ('',( #2865 ) ) ;
#2621 = FACE_BOUND ( 'NONE', #2273, .T. ) ;
#2622 = CARTESIAN_POINT ( 'NONE',  ( -2.029279522197668939E-11, 13.00000000000000178, -100.0000000001534772 ) ) ;
#2623 = CARTESIAN_POINT ( 'NONE',  ( 193.6014379436490458, 19.99999999999999645, -20.10561019845903630 ) ) ;
#2624 = ORIENTED_EDGE ( 'NONE', *, *, #3084, .T. ) ;
#2625 = CARTESIAN_POINT ( 'NONE',  ( 194.5218593661903697, 23.75477334096422055, -20.00000000007672796 ) ) ;
#2626 = ORIENTED_EDGE ( 'NONE', *, *, #2304, .T. ) ;
#2627 = AXIS2_PLACEMENT_3D ( 'NONE', #828, #1099, #3374 ) ;
#2628 = LINE ( 'NONE', #1196, #2891 ) ;
#2629 = DIRECTION ( 'NONE',  ( -0.000000000000000000, 0.000000000000000000, -1.000000000000000000 ) ) ;
#2630 = EDGE_CURVE ( 'NONE', #2907, #1653, #3237, .T. ) ;
#2631 = CARTESIAN_POINT ( 'NONE',  ( 205.5258633515886402, 14.00197123017544421, -95.49910166708765757 ) ) ;
#2632 = DIRECTION ( 'NONE',  ( 0.000000000000000000, 0.000000000000000000, 1.000000000000000000 ) ) ;
#2633 = ORIENTED_EDGE ( 'NONE', *, *, #557, .F. ) ;
#2634 = CARTESIAN_POINT ( 'NONE',  ( 214.2849376500545304, 26.60548492664468512, -20.00000000007674927 ) ) ;
#2635 = CARTESIAN_POINT ( 'NONE',  ( 215.7596123867051574, 10.00000000000000000, -20.00000000007674217 ) ) ;
#2636 = ADVANCED_FACE ( 'NONE', ( #698 ), #1259, .F. ) ;
#2637 = DIRECTION ( 'NONE',  ( 0.1736481776669348276, -0.000000000000000000, 0.9848077530122074652 ) ) ;
#2638 = LINE ( 'NONE', #99, #330 ) ;
#2639 = DIRECTION ( 'NONE',  ( 0.9848077530122072432, 0.000000000000000000, -0.1736481776669347443 ) ) ;
#2640 = AXIS2_PLACEMENT_3D ( 'NONE', #3037, #3557, #3257 ) ;
#2641 = ORIENTED_EDGE ( 'NONE', *, *, #3159, .F. ) ;
#2642 = CARTESIAN_POINT ( 'NONE',  ( 0.000000000000000000, 0.000000000000000000, 20.00000000000000000 ) ) ;
#2643 = ORIENTED_EDGE ( 'NONE', *, *, #1747, .T. ) ;
#2644 = MECHANICAL_DESIGN_GEOMETRIC_PRESENTATION_REPRESENTATION (  '', ( #2165 ), #2762 ) ;
#2645 =( NAMED_UNIT ( * ) PLANE_ANGLE_UNIT ( ) SI_UNIT ( $, .RADIAN. ) );
#2646 = FACE_BOUND ( 'NONE', #1522, .T. ) ;
#2647 = VECTOR ( 'NONE', #2214, 1000.000000000000000 ) ;
#2648 = CARTESIAN_POINT ( 'NONE',  ( 203.3838202608484096, 27.11150624962591849, -80.00000000007672440 ) ) ;
#2649 = EDGE_CURVE ( 'NONE', #665, #2172, #86, .T. ) ;
#2650 = ADVANCED_FACE ( 'NONE', ( #3493 ), #3223, .F. ) ;
#2651 = ORIENTED_EDGE ( 'NONE', *, *, #3553, .F. ) ;
#2652 = ADVANCED_FACE ( 'NONE', ( #901, #2658 ), #3175, .F. ) ;
#2653 = CARTESIAN_POINT ( 'NONE',  ( 204.3681443223435110, 34.61027645191853708, -20.00000000007675638 ) ) ;
#2654 = ADVANCED_BREP_SHAPE_REPRESENTATION ( '', ( #3010, #3086 ), #3200 ) ;
#2655 = LINE ( 'NONE', #425, #2842 ) ;
#2656 = DIRECTION ( 'NONE',  ( 0.000000000000000000, 0.000000000000000000, -1.000000000000000000 ) ) ;
#2657 = CARTESIAN_POINT ( 'NONE',  ( 1.449876069715302584, 0.3972475436110392000, 4.963221793534069448 ) ) ;
#2658 = FACE_OUTER_BOUND ( 'NONE', #2075, .T. ) ;
#2659 = APPLICATION_CONTEXT ( 'automotive_design' ) ;
#2660 = ORIENTED_EDGE ( 'NONE', *, *, #1299, .F. ) ;
#2661 = CARTESIAN_POINT ( 'NONE',  ( 203.3838202609937014, 27.11150624962623468, -20.00000000007673506 ) ) ;
#2662 = VERTEX_POINT ( 'NONE', #1837 ) ;
#2663 = PRODUCT_DEFINITION ( 'UNKNOWN', '', #1786, #518 ) ;
#2664 =( NAMED_UNIT ( * ) PLANE_ANGLE_UNIT ( ) SI_UNIT ( $, .RADIAN. ) );
#2665 = CYLINDRICAL_SURFACE ( 'NONE', #1403, 5.000000000000000888 ) ;
#2666 = AXIS2_PLACEMENT_3D ( 'NONE', #3107, #2537, #1143 ) ;
#2667 = DIRECTION ( 'NONE',  ( 0.000000000000000000, 0.000000000000000000, 1.000000000000000000 ) ) ;
#2668 = CARTESIAN_POINT ( 'NONE',  ( 200.9874960913152790, 20.22615267343736178, -80.00000000007673862 ) ) ;
#2669 = CARTESIAN_POINT ( 'NONE',  ( 215.7596123863971513, 49.99999999999770495, -25.32286969644870567 ) ) ;
#2670 = CIRCLE ( 'NONE', #1049, 5.000000000000000888 ) ;
#2671 =( LENGTH_UNIT ( ) NAMED_UNIT ( * ) SI_UNIT ( .MILLI., .METRE. ) );
#2672 = VERTEX_POINT ( 'NONE', #664 ) ;
#2673 = CARTESIAN_POINT ( 'NONE',  ( 201.9626187762183918, 34.97546183163491662, -20.00000000007675283 ) ) ;
#2674 =( GEOMETRIC_REPRESENTATION_CONTEXT ( 3 ) GLOBAL_UNCERTAINTY_ASSIGNED_CONTEXT ( ( #2527 ) ) GLOBAL_UNIT_ASSIGNED_CONTEXT ( ( #1246, #2976, #722 ) ) REPRESENTATION_CONTEXT ( 'NONE', 'WORKASPACE' ) );
#2675 = DIRECTION ( 'NONE',  ( -1.000000000000000000, 0.000000000000000000, 0.000000000000000000 ) ) ;
#2676 = CARTESIAN_POINT ( 'NONE',  ( -2.029279522197668939E-11, 24.00000000000000000, -4.336808689894647625E-16 ) ) ;
#2677 = CARTESIAN_POINT ( 'NONE',  ( -2.029279522197668939E-11, 21.00000000000000000, -100.0000000001534772 ) ) ;
#2678 = CYLINDRICAL_SURFACE ( 'NONE', #769, 1.499999999999997780 ) ;
#2679 = CARTESIAN_POINT ( 'NONE',  ( 0.2021788203308514664, 1.500000000000005551, 4.499999999999997335 ) ) ;
#2680 = ORIENTED_EDGE ( 'NONE', *, *, #1523, .F. ) ;
#2681 = ADVANCED_FACE ( 'NONE', ( #631 ), #918, .T. ) ;
#2682 = ADVANCED_FACE ( 'NONE', ( #101 ), #3479, .F. ) ;
#2683 = DIRECTION ( 'NONE',  ( 0.000000000000000000, -0.000000000000000000, 1.000000000000000000 ) ) ;
#2684 = ORIENTED_EDGE ( 'NONE', *, *, #891, .F. ) ;
#2685 = ORIENTED_EDGE ( 'NONE', *, *, #217, .T. ) ;
#2686 = CARTESIAN_POINT ( 'NONE',  ( 24.99999999997970335, 20.99999999999999289, -73.00000000015346302 ) ) ;
#2687 = CARTESIAN_POINT ( 'NONE',  ( 205.5286047698756420, 25.99575941091002917, -95.49861828107835038 ) ) ;
#2688 = EDGE_CURVE ( 'NONE', #2851, #248, #1419, .T. ) ;
#2689 = DIRECTION ( 'NONE',  ( -0.000000000000000000, -1.000000000000000000, -0.000000000000000000 ) ) ;
#2690 = VERTEX_POINT ( 'NONE', #1192 ) ;
#2691 = CARTESIAN_POINT ( 'NONE',  ( 194.4002886143568389, 33.46236821858124699, -20.00000000007673151 ) ) ;
#2692 = EDGE_CURVE ( 'NONE', #2398, #1149, #1800, .T. ) ;
#2693 = CARTESIAN_POINT ( 'NONE',  ( 2.164506549894627874, 11.26130339959769877, 4.508290309894543491 ) ) ;
#2694 = CARTESIAN_POINT ( 'NONE',  ( -1.344772980793278672, -0.6716578179555856565, 4.892002899405763827 ) ) ;
#2695 = DIRECTION ( 'NONE',  ( 0.000000000000000000, -1.000000000000000000, 0.000000000000000000 ) ) ;
#2696 = DIRECTION ( 'NONE',  ( 0.000000000000000000, 0.000000000000000000, -1.000000000000000000 ) ) ;
#2697 = ORIENTED_EDGE ( 'NONE', *, *, #346, .F. ) ;
#2698 = CARTESIAN_POINT ( 'NONE',  ( 201.4747382613320497, 27.49995720677424771, -20.00000000007675283 ) ) ;
#2699 = EDGE_LOOP ( 'NONE', ( #149, #3105, #161, #2757, #2528, #1978, #1539 ) ) ;
#2700 = SHAPE_REPRESENTATION_RELATIONSHIP ( 'NONE' , 'NONE' ,  #2000, #1892 ) ;
#2701 = ORIENTED_EDGE ( 'NONE', *, *, #3254, .T. ) ;
#2702 = ADVANCED_FACE ( 'NONE', ( #2394 ), #593, .F. ) ;
#2703 = VECTOR ( 'NONE', #3457, 1000.000000000000000 ) ;
#2704 = DIRECTION ( 'NONE',  ( 0.000000000000000000, 0.000000000000000000, 1.000000000000000000 ) ) ;
#2705 = CARTESIAN_POINT ( 'NONE',  ( 193.7936988618415342, 21.96313274151248152, -97.56779880873996547 ) ) ;
#2706 = VECTOR ( 'NONE', #3098, 1000.000000000000000 ) ;
#2707 = PRODUCT_DEFINITION_SHAPE ( 'NONE', 'NONE',  #3655 ) ;
#2708 = DIRECTION ( 'NONE',  ( -0.000000000000000000, -0.000000000000000000, -1.000000000000000000 ) ) ;
#2709 = VECTOR ( 'NONE', #605, 1000.000000000000000 ) ;
#2710 = DIRECTION ( 'NONE',  ( -0.000000000000000000, -0.000000000000000000, -1.000000000000000000 ) ) ;
#2711 = ORIENTED_EDGE ( 'NONE', *, *, #2983, .F. ) ;
#2712 =( REPRESENTATION_RELATIONSHIP ('NONE','NONE', #1973, #1213 ) REPRESENTATION_RELATIONSHIP_WITH_TRANSFORMATION ( #3119 )SHAPE_REPRESENTATION_RELATIONSHIP( ) );
#2713 = SURFACE_STYLE_USAGE ( .BOTH. , #2763 ) ;
#2714 = CARTESIAN_POINT ( 'NONE',  ( -1.420513824774196632, -0.4916086532170492740, 4.942281209783335960 ) ) ;
#2715 = CARTESIAN_POINT ( 'NONE',  ( -2.368532205790472300, 9.183479722971169323, 4.403989053656487407 ) ) ;
#2716 = DIRECTION ( 'NONE',  ( 0.000000000000000000, -0.000000000000000000, 1.000000000000000000 ) ) ;
#2717 = DIRECTION ( 'NONE',  ( 0.000000000000000000, 0.000000000000000000, 1.000000000000000000 ) ) ;
#2718 = ORIENTED_EDGE ( 'NONE', *, *, #3459, .F. ) ;
#2719 = CARTESIAN_POINT ( 'NONE',  ( 186.2153797961809687, 10.00000000000000000, -1.095939153415770306 ) ) ;
#2720 = ORIENTED_EDGE ( 'NONE', *, *, #1993, .F. ) ;
#2721 =( NAMED_UNIT ( * ) SI_UNIT ( $, .STERADIAN. ) SOLID_ANGLE_UNIT ( ) );
#2722 = VERTEX_POINT ( 'NONE', #137 ) ;
#2723 = AXIS2_PLACEMENT_3D ( 'NONE', #3000, #152, #730 ) ;
#2724 = LINE ( 'NONE', #3529, #2057 ) ;
#2725 = CARTESIAN_POINT ( 'NONE',  ( 196.4829963110363451, 25.96400389724270141, -97.09360310929649529 ) ) ;
#2726 = FACE_BOUND ( 'NONE', #274, .T. ) ;
#2727 = ORIENTED_EDGE ( 'NONE', *, *, #3117, .T. ) ;
#2728 = DIRECTION ( 'NONE',  ( 0.000000000000000000, 0.000000000000000000, -1.000000000000000000 ) ) ;
#2729 = CIRCLE ( 'NONE', #650, 1.500000000000000222 ) ;
#2730 = DIRECTION ( 'NONE',  ( -0.000000000000000000, 1.000000000000000000, -0.000000000000000000 ) ) ;
#2731 = LINE ( 'NONE', #2186, #2881 ) ;
#2732 = CARTESIAN_POINT ( 'NONE',  ( -2.029279522197668939E-11, 13.00000000000000178, -3.673940397394689264E-16 ) ) ;
#2733 = CIRCLE ( 'NONE', #2256, 1.500000000000001332 ) ;
#2734 = VERTEX_POINT ( 'NONE', #2100 ) ;
#2735 = DIRECTION ( 'NONE',  ( -0.5000000000000038858, 0.000000000000000000, 0.8660254037844363761 ) ) ;
#2736 = ORIENTED_EDGE ( 'NONE', *, *, #3333, .T. ) ;
#2737 =( NAMED_UNIT ( * ) PLANE_ANGLE_UNIT ( ) SI_UNIT ( $, .RADIAN. ) );
#2738 = PRODUCT_DEFINITION_SHAPE ( 'NONE', 'NONE',  #3647 ) ;
#2739 = ADVANCED_FACE ( 'NONE', ( #1818 ), #2678, .F. ) ;
#2740 = VERTEX_POINT ( 'NONE', #2412 ) ;
#2741 = CARTESIAN_POINT ( 'NONE',  ( 12.49999999997970157, 5.999999999999996447, -9.999999999999998224 ) ) ;
#2742 = B_SPLINE_CURVE_WITH_KNOTS ( 'NONE', 3,
 ( #865, #1625, #2776, #966, #2715, #1835, #714, #1905, #493, #1616, #2766, #1333, #1642, #134, #375, #2592 ),
 .UNSPECIFIED., .F., .F.,
 ( 4, 2, 2, 2, 2, 2, 2, 4 ),
 ( 0.000000000000000000, 0.0004971715929930536687, 0.0009943431859861073373, 0.001988686371972215542, 0.002485857964965270187, 0.002983029557958325265, 0.003480201150951380343, 0.003977372743944435421 ),
 .UNSPECIFIED. ) ;
#2743 = CARTESIAN_POINT ( 'NONE',  ( 207.6269183448917204, 23.32253027368868459, -95.12862898381618493 ) ) ;
#2744 = EDGE_CURVE ( 'NONE', #2924, #1270, #462, .T. ) ;
#2745 = CARTESIAN_POINT ( 'NONE',  ( -1.500000000000000222, 0.000000000000000000, 20.00000000000000000 ) ) ;
#2746 = ORIENTED_EDGE ( 'NONE', *, *, #2744, .T. ) ;
#2747 = CARTESIAN_POINT ( 'NONE',  ( 193.5422806604867674, 32.99297345677032922, -20.00000000007673862 ) ) ;
#2748 = CARTESIAN_POINT ( 'NONE',  ( -2.500000000000001776, 10.00000000000000000, 40.00000000000000000 ) ) ;
#2749 = CARTESIAN_POINT ( 'NONE',  ( -2.029279522197668939E-11, 24.00000000000000000, -100.0000000001534772 ) ) ;
#2750 = CARTESIAN_POINT ( 'NONE',  ( 24.99999999997970335, 23.99999999999999645, -70.00000000015346302 ) ) ;
#2751 = EDGE_CURVE ( 'NONE', #3178, #2259, #3537, .T. ) ;
#2752 = EDGE_LOOP ( 'NONE', ( #2643, #2086, #1841, #1654 ) ) ;
#2753 = CYLINDRICAL_SURFACE ( 'NONE', #3224, 5.000000000000000888 ) ;
#2754 = EDGE_LOOP ( 'NONE', ( #2534, #1568 ) ) ;
#2755 = DIRECTION ( 'NONE',  ( 1.000000000000000000, 0.000000000000000000, 0.000000000000000000 ) ) ;
#2756 = VERTEX_POINT ( 'NONE', #1925 ) ;
#2757 = ORIENTED_EDGE ( 'NONE', *, *, #3623, .T. ) ;
#2758 = DIRECTION ( 'NONE',  ( -0.000000000000000000, -1.000000000000000000, -0.000000000000000000 ) ) ;
#2759 = VECTOR ( 'NONE', #577, 1000.000000000000000 ) ;
#2760 = DIRECTION ( 'NONE',  ( 0.000000000000000000, 1.000000000000000000, 0.000000000000000000 ) ) ;
#2761 = ORIENTED_EDGE ( 'NONE', *, *, #2138, .T. ) ;
#2762 =( GEOMETRIC_REPRESENTATION_CONTEXT ( 3 ) GLOBAL_UNCERTAINTY_ASSIGNED_CONTEXT ( ( #1458 ) ) GLOBAL_UNIT_ASSIGNED_CONTEXT ( ( #371, #1169, #3433 ) ) REPRESENTATION_CONTEXT ( 'NONE', 'WORKASPACE' ) );
#2763 = SURFACE_SIDE_STYLE ('',( #3327 ) ) ;
#2764 = ADVANCED_FACE ( 'NONE', ( #3574 ), #984, .T. ) ;
#2765 = LINE ( 'NONE', #1904, #475 ) ;
#2766 = CARTESIAN_POINT ( 'NONE',  ( -1.116875426047832631, 7.757421562822000460, 4.876070537812396744 ) ) ;
#2767 = CONTEXT_DEPENDENT_SHAPE_REPRESENTATION ( #383, #1060 ) ;
#2768 = EDGE_CURVE ( 'NONE', #1749, #414, #1037, .T. ) ;
#2769 = PRODUCT ( 'Wheel_mount', 'Wheel_mount', '', ( #2568 ) ) ;
#2770 = CARTESIAN_POINT ( 'NONE',  ( 6.123606919605775328E-16, 12.50000000000000178, 4.999999999999999112 ) ) ;
#2771 = ADVANCED_FACE ( 'NONE', ( #3259 ), #2772, .T. ) ;
#2772 = CYLINDRICAL_SURFACE ( 'NONE', #126, 1.500000000000000222 ) ;
#2773 = AXIS2_PLACEMENT_3D ( 'NONE', #757, #3621, #2195 ) ;
#2774 = ORIENTED_EDGE ( 'NONE', *, *, #1719, .T. ) ;
#2775 = CARTESIAN_POINT ( 'NONE',  ( -4.000000000000000000, 2.000000000000000000, -12.35640646055101755 ) ) ;
#2776 = CARTESIAN_POINT ( 'NONE',  ( -2.483169110057951379, 9.666733914783062431, 4.339962428766267699 ) ) ;
#2777 = ORIENTED_EDGE ( 'NONE', *, *, #2630, .T. ) ;
#2778 = CARTESIAN_POINT ( 'NONE',  ( 564.2849756067595308, 1005.597142931700319, 1349.380856723242914 ) ) ;
#2779 = VERTEX_POINT ( 'NONE', #3558 ) ;
#2780 = ADVANCED_FACE ( 'NONE', ( #445 ), #1582, .F. ) ;
#2781 = CYLINDRICAL_SURFACE ( 'NONE', #2773, 4.999999999999999112 ) ;
#2782 = CARTESIAN_POINT ( 'NONE',  ( 215.7596123862701063, 10.00000000001404388, -138.2565235342606229 ) ) ;
#2783 = CARTESIAN_POINT ( 'NONE',  ( 214.2849376499030427, 26.60548492665579090, -80.00000000007672440 ) ) ;
#2784 = ORIENTED_EDGE ( 'NONE', *, *, #453, .F. ) ;
#2785 = CARTESIAN_POINT ( 'NONE',  ( 7.835092088627419592E-15, 7.499999999999900524, 5.000000000000047962 ) ) ;
#2786 = AXIS2_PLACEMENT_3D ( 'NONE', #3140, #2608, #1441 ) ;
#2787 = CARTESIAN_POINT ( 'NONE',  ( 4.000000000000000888, 2.000000000000000000, -15.35640646055101755 ) ) ;
#2788 = LINE ( 'NONE', #242, #564 ) ;
#2789 = LINE ( 'NONE', #2446, #1975 ) ;
#2790 = B_SPLINE_CURVE_WITH_KNOTS ( 'NONE', 3,
 ( #2979, #2402, #2705, #420, #2440, #1573, #2725, #1267, #216, #3305, #199, #3530, #455, #1029, #1536, #2179, #2687, #3546, #1305, #741, #2743, #435, #3566, #1896, #3030, #689 ),
 .UNSPECIFIED., .F., .F.,
 ( 4, 2, 2, 2, 2, 2, 2, 2, 2, 2, 2, 2, 4 ),
 ( 0.02359489631079866173, 0.02654474035460512374, 0.02949458439841158228, 0.03096950642031481155, 0.03244442844221803735, 0.03391935046412127008, 0.03539427248602449588, 0.03834411652983095442, 0.04129396057363740602, 0.04276888259554066651, 0.04424380461744392007, 0.04571872663934718056, 0.04719364866125044106 ),
 .UNSPECIFIED. ) ;
#2791 = PRODUCT_DEFINITION_CONTEXT ( 'detailed design', #746, 'design' ) ;
#2792 = VERTEX_POINT ( 'NONE', #2750 ) ;
#2793 = CARTESIAN_POINT ( 'NONE',  ( -0.4932303395678305780, 1.419979855434868821, 4.547377468430823910 ) ) ;
#2794 = AXIS2_PLACEMENT_3D ( 'NONE', #1010, #3012, #1877 ) ;
#2795 = ORIENTED_EDGE ( 'NONE', *, *, #646, .T. ) ;
#2796 = DIRECTION ( 'NONE',  ( -0.1419776012200307802, -6.111060155767326697E-17, 0.9898698706152269100 ) ) ;
#2797 = EDGE_CURVE ( 'NONE', #195, #1431, #595, .T. ) ;
#2798 = AXIS2_PLACEMENT_3D ( 'NONE', #2834, #3399, #2755 ) ;
#2799 = ORIENTED_EDGE ( 'NONE', *, *, #958, .T. ) ;
#2800 = VERTEX_POINT ( 'NONE', #243 ) ;
#2801 = DIRECTION ( 'NONE',  ( 0.000000000000000000, 0.000000000000000000, -1.000000000000000000 ) ) ;
#2802 = AXIS2_PLACEMENT_3D ( 'NONE', #2531, #2550, #1119 ) ;
#2803 = DIRECTION ( 'NONE',  ( 0.000000000000000000, -0.000000000000000000, 1.000000000000000000 ) ) ;
#2804 = DIRECTION ( 'NONE',  ( 0.000000000000000000, -2.168404344971008868E-16, 1.000000000000000000 ) ) ;
#2805 = ORIENTED_EDGE ( 'NONE', *, *, #1546, .T. ) ;
#2806 = ADVANCED_FACE ( 'NONE', ( #1003 ), #1062, .F. ) ;
#2807 = LINE ( 'NONE', #1410, #3548 ) ;
#2808 = DIRECTION ( 'NONE',  ( 0.000000000000000000, 0.000000000000000000, 1.000000000000000000 ) ) ;
#2809 = FACE_OUTER_BOUND ( 'NONE', #2572, .T. ) ;
#2810 = CARTESIAN_POINT ( 'NONE',  ( 215.7596123861564195, 20.00000000003865352, -138.2565235342464121 ) ) ;
#2811 = CARTESIAN_POINT ( 'NONE',  ( 207.4111473531508807, 16.26589165082626209, -20.00000000007675283 ) ) ;
#2812 = ORIENTED_EDGE ( 'NONE', *, *, #2768, .F. ) ;
#2813 = LINE ( 'NONE', #630, #2824 ) ;
#2814 = ORIENTED_EDGE ( 'NONE', *, *, #3029, .T. ) ;
#2815 = CARTESIAN_POINT ( 'NONE',  ( 0.000000000000000000, 10.00000000000000000, 40.00000000000000000 ) ) ;
#2816 = VERTEX_POINT ( 'NONE', #787 ) ;
#2817 = LINE ( 'NONE', #269, #1235 ) ;
#2818 = DIRECTION ( 'NONE',  ( 1.000000000000000000, 0.000000000000000000, 0.000000000000000000 ) ) ;
#2819 = FACE_OUTER_BOUND ( 'NONE', #1307, .T. ) ;
#2820 = ADVANCED_FACE ( 'NONE', ( #2150 ), #1907, .T. ) ;
#2821 = CARTESIAN_POINT ( 'NONE',  ( 40.00000000000000000, 10.49999999999999822, 3.999999999999998224 ) ) ;
#2822 = VERTEX_POINT ( 'NONE', #1018 ) ;
#2823 = CARTESIAN_POINT ( 'NONE',  ( -2.029279522197668939E-11, 10.00000000000000000, 4.737017291214845304E-27 ) ) ;
#2824 = VECTOR ( 'NONE', #3518, 1000.000000000000000 ) ;
#2825 = DIRECTION ( 'NONE',  ( -5.999746433351979610E-32, 1.000000000000000000, 2.569960705150825398E-16 ) ) ;
#2826 = ITEM_DEFINED_TRANSFORMATION ( 'NONE', 'NONE', #189,  #3086 ) ;
#2827 = DIRECTION ( 'NONE',  ( 2.569960705150825398E-16, 2.569960705150825398E-16, 1.000000000000000000 ) ) ;
#2828 = AXIS2_PLACEMENT_3D ( 'NONE', #3470, #2060, #1777 ) ;
#2829 = CARTESIAN_POINT ( 'NONE',  ( 5.684341886080801487E-11, 10.00000000000000000, 0.000000000000000000 ) ) ;
#2830 = DIRECTION ( 'NONE',  ( 1.000000000000000000, -2.832564736347688992E-32, -2.312964634635742957E-16 ) ) ;
#2831 = VECTOR ( 'NONE', #1807, 1000.000000000000000 ) ;
#2832 = ORIENTED_EDGE ( 'NONE', *, *, #3459, .T. ) ;
#2833 = FACE_OUTER_BOUND ( 'NONE', #30, .T. ) ;
#2834 = CARTESIAN_POINT ( 'NONE',  ( 0.000000000000000000, 0.000000000000000000, 0.000000000000000000 ) ) ;
#2835 = ORIENTED_EDGE ( 'NONE', *, *, #3526, .F. ) ;
#2836 = DIRECTION ( 'NONE',  ( -0.000000000000000000, 1.000000000000000000, 0.000000000000000000 ) ) ;
#2837 = EDGE_LOOP ( 'NONE', ( #2586, #1367, #2685, #1647, #1839 ) ) ;
#2838 = DIRECTION ( 'NONE',  ( 0.000000000000000000, 0.000000000000000000, 1.000000000000000000 ) ) ;
#2839 = DIRECTION ( 'NONE',  ( 0.9848077530122075762, 0.000000000000000000, -0.1736481776669328847 ) ) ;
#2840 = CARTESIAN_POINT ( 'NONE',  ( 0.3347605109170388449, 7.517018127704535146, 4.991431073436379151 ) ) ;
#2841 = CARTESIAN_POINT ( 'NONE',  ( 215.7596123862649620, 20.00000000003865352, -93.69461559847503906 ) ) ;
#2842 = VECTOR ( 'NONE', #1816, 1000.000000000000000 ) ;
#2843 = ITEM_DEFINED_TRANSFORMATION ( 'NONE', 'NONE', #537,  #3086 ) ;
#2844 = CARTESIAN_POINT ( 'NONE',  ( 36.00000000000000711, 12.00000000000000000, -8.673617379884035472E-16 ) ) ;
#2845 = CARTESIAN_POINT ( 'NONE',  ( 0.2019049707044810738, -1.489665942994001124, 4.506237874429123380 ) ) ;
#2846 = AXIS2_PLACEMENT_3D ( 'NONE', #2272, #888, #69 ) ;
#2847 = VERTEX_POINT ( 'NONE', #2732 ) ;
#2848 = CARTESIAN_POINT ( 'NONE',  ( 0.000000000000000000, 20.00000000000000000, 0.000000000000000000 ) ) ;
#2849 = CARTESIAN_POINT ( 'NONE',  ( -114.9999999999522515, 0.000000000000000000, 291504.9999999998836 ) ) ;
#2850 = SHAPE_DEFINITION_REPRESENTATION ( #1695, #1213 ) ;
#2851 = VERTEX_POINT ( 'NONE', #1335 ) ;
#2852 = VECTOR ( 'NONE', #1697, 1000.000000000000000 ) ;
#2853 = CARTESIAN_POINT ( 'NONE',  ( 195.4043419779499118, 15.06532361800553410, -80.00000000007676704 ) ) ;
#2854 = EDGE_LOOP ( 'NONE', ( #1302, #2370, #3356, #2633, #2711, #2958, #2181 ) ) ;
#2855 = ADVANCED_FACE ( 'NONE', ( #190 ), #1297, .F. ) ;
#2856 = FACE_BOUND ( 'NONE', #467, .T. ) ;
#2857 = VECTOR ( 'NONE', #2234, 1000.000000000000227 ) ;
#2858 = PRODUCT_DEFINITION_FORMATION_WITH_SPECIFIED_SOURCE ( 'ANY', '', #3287, .NOT_KNOWN. ) ;
#2859 = CARTESIAN_POINT ( 'NONE',  ( -2.029973411588059662E-11, 23.99999999999999645, -70.00000000015346302 ) ) ;
#2860 = DIRECTION ( 'NONE',  ( -0.000000000000000000, 1.000000000000000000, 5.782411586589358625E-16 ) ) ;
#2861 = EDGE_CURVE ( 'NONE', #1380, #1626, #2789, .T. ) ;
#2862 = CARTESIAN_POINT ( 'NONE',  ( 197.6438516162785390, 34.61894263789240966, -96.88891299828368631 ) ) ;
#2863 = DIRECTION ( 'NONE',  ( -0.000000000000000000, -1.000000000000000000, -0.000000000000000000 ) ) ;
#2864 = ORIENTED_EDGE ( 'NONE', *, *, #224, .F. ) ;
#2865 = FILL_AREA_STYLE_COLOUR ( '', #28 ) ;
#2866 = DIRECTION ( 'NONE',  ( 0.000000000000000000, -1.000000000000000000, -2.168404344971008868E-16 ) ) ;
#2867 = CARTESIAN_POINT ( 'NONE',  ( -2.029279522197668939E-11, 10.00000000000000000, -100.0000000001534772 ) ) ;
#2868 = PRODUCT_CONTEXT ( 'NONE', #1050, 'mechanical' ) ;
#2869 = ORIENTED_EDGE ( 'NONE', *, *, #1406, .F. ) ;
#2870 = CARTESIAN_POINT ( 'NONE',  ( -32.00000000000000000, 0.000000000000000000, 30.00000000000000000 ) ) ;
#2871 = ORIENTED_EDGE ( 'NONE', *, *, #3213, .F. ) ;
#2872 =( NAMED_UNIT ( * ) SI_UNIT ( $, .STERADIAN. ) SOLID_ANGLE_UNIT ( ) );
#2873 = PLANE ( 'NONE',  #2666 ) ;
#2874 = FACE_OUTER_BOUND ( 'NONE', #3541, .T. ) ;
#2875 = FACE_BOUND ( 'NONE', #3383, .T. ) ;
#2876 = CARTESIAN_POINT ( 'NONE',  ( 199.0714927965547076, 12.74010465520158952, -96.63718133943048372 ) ) ;
#2877 = SURFACE_SIDE_STYLE ('',( #2931 ) ) ;
#2878 = ORIENTED_EDGE ( 'NONE', *, *, #3598, .T. ) ;
#2879 = DIRECTION ( 'NONE',  ( -0.000000000000000000, -1.000000000000000000, -0.000000000000000000 ) ) ;
#2880 = ADVANCED_FACE ( 'NONE', ( #3293, #749 ), #1886, .F. ) ;
#2881 = VECTOR ( 'NONE', #3313, 1000.000000000000000 ) ;
#2882 = PLANE ( 'NONE',  #1271 ) ;
#2883 = ADVANCED_FACE ( 'NONE', ( #1619 ), #2465, .T. ) ;
#2884 = DIRECTION ( 'NONE',  ( 0.000000000000000000, -1.000000000000000000, 0.000000000000000000 ) ) ;
#2885 = CARTESIAN_POINT ( 'NONE',  ( 12.49999999997970157, 13.00000000000000178, -85.00000000015347723 ) ) ;
#2886 = UNCERTAINTY_MEASURE_WITH_UNIT (LENGTH_MEASURE( 1.000000000000000082E-05 ), #693, 'distance_accuracy_value', 'NONE');
#2887 = AXIS2_PLACEMENT_3D ( 'NONE', #2603, #3028, #235 ) ;
#2888 = VECTOR ( 'NONE', #1848, 1000.000000000000000 ) ;
#2889 = APPLICATION_PROTOCOL_DEFINITION ( 'draft international standard', 'automotive_design', 1998, #2513 ) ;
#2890 = ORIENTED_EDGE ( 'NONE', *, *, #2332, .T. ) ;
#2891 = VECTOR ( 'NONE', #3484, 1000.000000000000000 ) ;
#2892 = CYLINDRICAL_SURFACE ( 'NONE', #2125, 1.499999999999997780 ) ;
#2893 = ORIENTED_EDGE ( 'NONE', *, *, #863, .T. ) ;
#2894 = CARTESIAN_POINT ( 'NONE',  ( 195.4043419780971931, 15.06532361800413078, -20.00000000007677059 ) ) ;
#2895 = PRODUCT_RELATED_PRODUCT_CATEGORY ( 'part', '', ( #2198 ) ) ;
#2896 = PLANE ( 'NONE',  #45 ) ;
#2897 = CARTESIAN_POINT ( 'NONE',  ( 10.00000000000007816, 2.000000000000000000, -17.32050807568872841 ) ) ;
#2898 = CARTESIAN_POINT ( 'NONE',  ( 200.0339194996359424, 34.97678163087054060, -96.46747954472299114 ) ) ;
#2899 =( NAMED_UNIT ( * ) PLANE_ANGLE_UNIT ( ) SI_UNIT ( $, .RADIAN. ) );
#2900 = ORIENTED_EDGE ( 'NONE', *, *, #3225, .T. ) ;
#2901 = CARTESIAN_POINT ( 'NONE',  ( 36.00000000000000711, 10.50000000000000000, -1.734723475976806306E-15 ) ) ;
#2902 = CIRCLE ( 'NONE', #2011, 4.000000000000000000 ) ;
#2903 =( REPRESENTATION_RELATIONSHIP ('NONE','NONE', #1973, #2000 ) REPRESENTATION_RELATIONSHIP_WITH_TRANSFORMATION ( #2481 )SHAPE_REPRESENTATION_RELATIONSHIP( ) );
#2904 = FACE_OUTER_BOUND ( 'NONE', #498, .T. ) ;
#2905 = CARTESIAN_POINT ( 'NONE',  ( 36.00000000000000711, 0.000000000000000000, -8.673617379884035472E-16 ) ) ;
#2906 = DIRECTION ( 'NONE',  ( 0.000000000000000000, 0.000000000000000000, 1.000000000000000000 ) ) ;
#2907 = VERTEX_POINT ( 'NONE', #1115 ) ;
#2908 = AXIS2_PLACEMENT_3D ( 'NONE', #1473, #2096, #1505 ) ;
#2909 = CARTESIAN_POINT ( 'NONE',  ( 205.5518471150103608, 14.02243602732382044, -80.00000000007673862 ) ) ;
#2910 = VERTEX_POINT ( 'NONE', #1150 ) ;
#2911 = EDGE_CURVE ( 'NONE', #665, #2981, #1909, .T. ) ;
#2912 = DIRECTION ( 'NONE',  ( 0.000000000000000000, 1.000000000000000000, 0.000000000000000000 ) ) ;
#2913 = VECTOR ( 'NONE', #3052, 1000.000000000000000 ) ;
#2914 = CARTESIAN_POINT ( 'NONE',  ( 208.3266996010205787, 20.97424484681001289, -80.00000000007669598 ) ) ;
#2915 = AXIS2_PLACEMENT_3D ( 'NONE', #838, #3640, #3363 ) ;
#2916 = DIRECTION ( 'NONE',  ( 2.758904216193558028E-12, -1.000000000000000000, -0.000000000000000000 ) ) ;
#2917 = ORIENTED_EDGE ( 'NONE', *, *, #23, .T. ) ;
#2918 = CARTESIAN_POINT ( 'NONE',  ( 211.1334031435884526, 30.91332122147911221, -20.00000000007674572 ) ) ;
#2919 = AXIS2_PLACEMENT_3D ( 'NONE', #545, #3639, #1089 ) ;
#2920 = CARTESIAN_POINT ( 'NONE',  ( -2.029973411588059662E-11, 9.999999999999996447, -30.00000000000000000 ) ) ;
#2921 = CARTESIAN_POINT ( 'NONE',  ( 215.7596123862049069, 49.99999999999771205, -104.2581872960256959 ) ) ;
#2922 = CARTESIAN_POINT ( 'NONE',  ( 193.6014379436921615, 4.999999999892857261, -2.398300269698409704 ) ) ;
#2923 = B_SPLINE_CURVE_WITH_KNOTS ( 'NONE', 3,
 ( #2260, #1332, #2480, #3610, #1057, #2202, #3328, #784, #1922, #3053, #513, #1641, #2335, #1428, #38, #607, #623, #56, #353, #1760, #3166, #2354, #3185, #297, #2862, #1469, #3452, #2898, #1983, #15, #1413, #641, #78, #1698, #2616, #2297, #2318, #2559, #895, #1740, #858, #3128, #1186, #3469, #2005, #1200, #1130, #910, #1725, #2841 ),
 .UNSPECIFIED., .F., .F.,
 ( 4, 2, 2, 2, 2, 2, 2, 2, 2, 2, 2, 2, 2, 2, 2, 2, 2, 2, 2, 2, 2, 2, 2, 2, 4 ),
 ( 0.000000000000000000, 0.001471815276572082960, 0.002943630553144165919, 0.004415445829716248445, 0.005887261106288331838, 0.008830891659432500360, 0.01030270693600458289, 0.01177452221257666541, 0.01324633748914874967, 0.01471815276572083220, 0.01766178331886505623, 0.01913359859543713182, 0.02060541387200920047, 0.02207722914858127605, 0.02354904442515334817, 0.02649267497829747853, 0.02796449025486950901, 0.02943630553144153256, 0.03532356663772962674, 0.03679538191430165028, 0.03826719719087367383, 0.04121082774401774174, 0.04268264302058975140, 0.04415445829716175413, 0.04709808885030577347 ),
 .UNSPECIFIED. ) ;
#2924 = VERTEX_POINT ( 'NONE', #1743 ) ;
#2925 = CARTESIAN_POINT ( 'NONE',  ( 208.3735542389443083, 20.48822140867990171, -20.00000000007673506 ) ) ;
#2926 = VERTEX_POINT ( 'NONE', #3630 ) ;
#2927 = EDGE_CURVE ( 'NONE', #2193, #913, #3461, .T. ) ;
#2928 = EDGE_CURVE ( 'NONE', #1046, #2172, #3153, .T. ) ;
#2929 = DIRECTION ( 'NONE',  ( 2.435297185593389810E-12, -0.000000000000000000, 1.000000000000000000 ) ) ;
#2930 = CARTESIAN_POINT ( 'NONE',  ( 205.8905336588821058, 25.63056828564668876, -80.00000000007671019 ) ) ;
#2931 = SURFACE_STYLE_FILL_AREA ( #3218 ) ;
#2932 = VERTEX_POINT ( 'NONE', #299 ) ;
#2933 = CARTESIAN_POINT ( 'NONE',  ( 205.7717118079152101, 34.20011513970856498, -20.00000000007671019 ) ) ;
#2934 = ADVANCED_FACE ( 'NONE', ( #2242 ), #1728, .T. ) ;
#2935 = CARTESIAN_POINT ( 'NONE',  ( -1.500000000000000000, -0.1017193090411435824, 4.999999999999998224 ) ) ;
#2936 = CARTESIAN_POINT ( 'NONE',  ( 0.000000000000000000, 25.00000000000000000, 0.000000000000000000 ) ) ;
#2937 = CARTESIAN_POINT ( 'NONE',  ( 1.419933982847808585, 0.4931569418493850776, 4.941885998779892653 ) ) ;
#2938 = CARTESIAN_POINT ( 'NONE',  ( 0.000000000000000000, -2.500000000000000000, 9.500000000000001776 ) ) ;
#2939 = AXIS2_PLACEMENT_3D ( 'NONE', #1563, #1618, #2716 ) ;
#2940 = ORIENTED_EDGE ( 'NONE', *, *, #346, .T. ) ;
#2941 = CARTESIAN_POINT ( 'NONE',  ( 204.7321374386764603, 13.46040172438699045, -80.00000000007675283 ) ) ;
#2942 = ORIENTED_EDGE ( 'NONE', *, *, #1542, .F. ) ;
#2943 = VECTOR ( 'NONE', #859, 999.9999999999998863 ) ;
#2944 = CARTESIAN_POINT ( 'NONE',  ( 199.0404513258570205, 12.69835965977317827, -20.00000000007675283 ) ) ;
#2945 = DIRECTION ( 'NONE',  ( 0.000000000000000000, 0.000000000000000000, -1.000000000000000000 ) ) ;
#2946 = CARTESIAN_POINT ( 'NONE',  ( 197.2455324176114004, 26.54125581743284812, -80.00000000007675283 ) ) ;
#2947 = ORIENTED_EDGE ( 'NONE', *, *, #646, .F. ) ;
#2948 = CARTESIAN_POINT ( 'NONE',  ( 212.1539547435065458, 29.86891729017044028, -20.00000000007674927 ) ) ;
#2949 = EDGE_CURVE ( 'NONE', #2932, #1121, #2505, .T. ) ;
#2950 = EDGE_CURVE ( 'NONE', #1431, #195, #1791, .T. ) ;
#2951 = DIRECTION ( 'NONE',  ( 0.000000000000000000, 0.000000000000000000, 1.000000000000000000 ) ) ;
#2952 = LINE ( 'NONE', #2676, #793 ) ;
#2953 = CARTESIAN_POINT ( 'NONE',  ( 0.000000000000000000, 0.000000000000000000, -6.000000000000000000 ) ) ;
#2954 = EDGE_LOOP ( 'NONE', ( #2418, #1422, #756, #2727 ) ) ;
#2955 = CARTESIAN_POINT ( 'NONE',  ( 206.5722095888074250, 15.06726782213710081, -80.00000000007675283 ) ) ;
#2956 = AXIS2_PLACEMENT_3D ( 'NONE', #3216, #2708, #1795 ) ;
#2957 = EDGE_CURVE ( 'NONE', #3242, #3600, #1666, .T. ) ;
#2958 = ORIENTED_EDGE ( 'NONE', *, *, #1199, .F. ) ;
#2959 = ORIENTED_EDGE ( 'NONE', *, *, #929, .F. ) ;
#2960 = EDGE_CURVE ( 'NONE', #458, #4, #85, .T. ) ;
#2961 = DIRECTION ( 'NONE',  ( -0.000000000000000000, -1.000000000000000000, -0.000000000000000000 ) ) ;
#2962 = CARTESIAN_POINT ( 'NONE',  ( 186.2153797961533428, 19.99999999998181366, -1.095938937205697128 ) ) ;
#2963 = CARTESIAN_POINT ( 'NONE',  ( 194.5775831011889068, 16.24143882775149095, -97.42957886759087671 ) ) ;
#2964 = AXIS2_PLACEMENT_3D ( 'NONE', #606, #2334, #369 ) ;
#2965 = CARTESIAN_POINT ( 'NONE',  ( 265.0000000001568878, 0.000000000000000000, -14.98779336024824715 ) ) ;
#2966 = ORIENTED_EDGE ( 'NONE', *, *, #2192, .F. ) ;
#2967 =( GEOMETRIC_REPRESENTATION_CONTEXT ( 3 ) GLOBAL_UNCERTAINTY_ASSIGNED_CONTEXT ( ( #1968 ) ) GLOBAL_UNIT_ASSIGNED_CONTEXT ( ( #974, #2175, #2989 ) ) REPRESENTATION_CONTEXT ( 'NONE', 'WORKASPACE' ) );
#2968 = CARTESIAN_POINT ( 'NONE',  ( 24.99999999997970335, 13.00000000000000178, -73.00000000015346302 ) ) ;
#2969 = LINE ( 'NONE', #748, #1016 ) ;
#2970 = APPLICATION_CONTEXT ( 'automotive_design' ) ;
#2971 = CARTESIAN_POINT ( 'NONE',  ( 12.49999999997970157, 5.999999999999996447, -80.00000000015347723 ) ) ;
#2972 = ADVANCED_FACE ( 'NONE', ( #2264 ), #1967, .T. ) ;
#2973 = ORIENTED_EDGE ( 'NONE', *, *, #6, .F. ) ;
#2974 = CARTESIAN_POINT ( 'NONE',  ( 202.9168028469537433, 27.25646778614186871, -20.00000000007673862 ) ) ;
#2975 = EDGE_LOOP ( 'NONE', ( #2416, #721 ) ) ;
#2976 =( NAMED_UNIT ( * ) PLANE_ANGLE_UNIT ( ) SI_UNIT ( $, .RADIAN. ) );
#2977 = ORIENTED_EDGE ( 'NONE', *, *, #1506, .F. ) ;
#2978 = PLANE ( 'NONE',  #1809 ) ;
#2979 = CARTESIAN_POINT ( 'NONE',  ( 193.6014379434602972, 19.99999999999999645, -97.60169959598638911 ) ) ;
#2980 = DIRECTION ( 'NONE',  ( 0.000000000000000000, 1.000000000000000000, 0.000000000000000000 ) ) ;
#2981 = VERTEX_POINT ( 'NONE', #281 ) ;
#2982 = CARTESIAN_POINT ( 'NONE',  ( 0.000000000000000000, 0.000000000000000000, 20.00000000000000000 ) ) ;
#2983 = EDGE_CURVE ( 'NONE', #531, #1132, #3395, .T. ) ;
#2984 = FACE_OUTER_BOUND ( 'NONE', #2467, .T. ) ;
#2985 = DIRECTION ( 'NONE',  ( -1.000000000000000000, 0.000000000000000000, 0.000000000000000000 ) ) ;
#2986 = EDGE_LOOP ( 'NONE', ( #231, #2407, #265, #2561 ) ) ;
#2987 = ORIENTED_EDGE ( 'NONE', *, *, #2751, .T. ) ;
#2988 = VECTOR ( 'NONE', #791, 1000.000000000000000 ) ;
#2989 =( NAMED_UNIT ( * ) SI_UNIT ( $, .STERADIAN. ) SOLID_ANGLE_UNIT ( ) );
#2990 = ORIENTED_EDGE ( 'NONE', *, *, #2610, .T. ) ;
#2991 = PRESENTATION_LAYER_ASSIGNMENT (  '', '', ( #3580 ) ) ;
#2992 = CARTESIAN_POINT ( 'NONE',  ( 215.7596123867051574, 10.00000000000000000, -6.305384483454190558 ) ) ;
#2993 = CYLINDRICAL_SURFACE ( 'NONE', #2794, 2.500000000000001776 ) ;
#2994 = VECTOR ( 'NONE', #2368, 1000.000000000000000 ) ;
#2995 = ADVANCED_FACE ( 'NONE', ( #1987 ), #3114, .F. ) ;
#2996 = LINE ( 'NONE', #457, #1500 ) ;
#2997 = ORIENTED_EDGE ( 'NONE', *, *, #2363, .T. ) ;
#2998 = CARTESIAN_POINT ( 'NONE',  ( 264.9999999999863576, 0.000000000000000000, 291505.0000000000000 ) ) ;
#2999 = B_SPLINE_CURVE_WITH_KNOTS ( 'NONE', 3,
 ( #2431, #2679, #882, #1456, #2065, #2099, #100, #2937, #2657, #2602, #2324, #900 ),
 .UNSPECIFIED., .F., .F.,
 ( 4, 2, 2, 2, 2, 4 ),
 ( 0.002407886048846112625, 0.003008501749065334730, 0.003609117449284556835, 0.004209733149503778506, 0.004510040999613389341, 0.004810348849723000177 ),
 .UNSPECIFIED. ) ;
#3000 = CARTESIAN_POINT ( 'NONE',  ( -2.029973411588059662E-11, 13.00000000000000178, -27.00000000000000000 ) ) ;
#3001 = EDGE_CURVE ( 'NONE', #1025, #1106, #3414, .T. ) ;
#3002 = DIRECTION ( 'NONE',  ( -0.000000000000000000, -1.000000000000000000, 0.000000000000000000 ) ) ;
#3003 = DIRECTION ( 'NONE',  ( -5.999746433351979610E-32, 1.000000000000000000, -2.569960705150825398E-16 ) ) ;
#3004 = MANIFOLD_SOLID_BREP ( 'Boss-Extrude3', #3538 ) ;
#3005 = ORIENTED_EDGE ( 'NONE', *, *, #3027, .T. ) ;
#3006 = DIRECTION ( 'NONE',  ( -1.000000000000000000, 0.000000000000000000, 2.334567381254908161E-16 ) ) ;
#3007 = ORIENTED_EDGE ( 'NONE', *, *, #2213, .F. ) ;
#3008 =( BOUNDED_SURFACE ( )  B_SPLINE_SURFACE ( 3, 1, ( 
 ( #2564, #3456 ),
 ( #862, #3205 ),
 ( #3155, #612 ),
 ( #629, #898 ) ),
 .UNSPECIFIED., .F., .F., .T. ) 
 B_SPLINE_SURFACE_WITH_KNOTS ( ( 4, 4 ),
 ( 2, 2 ),
 ( 0.000000000000000000, 1.000000000000000000 ),
 ( 0.000000000000000000, 1.000000000000000000 ),
 .UNSPECIFIED. ) 
 GEOMETRIC_REPRESENTATION_ITEM ( )  RATIONAL_B_SPLINE_SURFACE ( (
 ( 1.000000000000000000, 1.000000000000000000),
 ( 0.3333333333333333703, 0.3333333333333333703),
 ( 0.3333333333333333703, 0.3333333333333333703),
 ( 1.000000000000000000, 1.000000000000000000) ) ) 
 REPRESENTATION_ITEM ( '' )  SURFACE ( )  );
#3009 = ORIENTED_EDGE ( 'NONE', *, *, #702, .T. ) ;
#3010 = MANIFOLD_SOLID_BREP ( 'Mirror2', #1878 ) ;
#3011 = CARTESIAN_POINT ( 'NONE',  ( -2.029973411588059662E-11, 13.00000000000000178, -27.00000000000000000 ) ) ;
#3012 = DIRECTION ( 'NONE',  ( -0.000000000000000000, -0.000000000000000000, -1.000000000000000000 ) ) ;
#3013 = CARTESIAN_POINT ( 'NONE',  ( 215.5728844085865887, 22.42694826750516768, -80.00000000007673862 ) ) ;
#3014 = ORIENTED_EDGE ( 'NONE', *, *, #3323, .T. ) ;
#3015 = EDGE_CURVE ( 'NONE', #3242, #94, #1161, .T. ) ;
#3016 = MANIFOLD_SOLID_BREP ( 'Boss-Extrude1', #352 ) ;
#3017 = DIRECTION ( 'NONE',  ( 1.000000000000000000, 0.000000000000000000, -0.000000000000000000 ) ) ;
#3018 = AXIS2_PLACEMENT_3D ( 'NONE', #3501, #3467, #76 ) ;
#3019 = FACE_OUTER_BOUND ( 'NONE', #2975, .T. ) ;
#3020 = DIRECTION ( 'NONE',  ( 0.000000000000000000, -0.000000000000000000, 1.000000000000000000 ) ) ;
#3021 = DIRECTION ( 'NONE',  ( -1.000000000000000000, 0.000000000000000000, 2.334567381254908161E-16 ) ) ;
#3022 = ORIENTED_EDGE ( 'NONE', *, *, #669, .T. ) ;
#3023 = CARTESIAN_POINT ( 'NONE',  ( 3.061616997868385113E-16, 2.500000000000000000, 4.499999999999999112 ) ) ;
#3024 = ORIENTED_EDGE ( 'NONE', *, *, #2083, .T. ) ;
#3025 = ORIENTED_EDGE ( 'NONE', *, *, #1227, .F. ) ;
#3026 = ORIENTED_EDGE ( 'NONE', *, *, #2610, .F. ) ;
#3027 = EDGE_CURVE ( 'NONE', #1547, #1804, #1272, .T. ) ;
#3028 = DIRECTION ( 'NONE',  ( 2.699885895008390934E-32, -1.000000000000000000, 1.156482317317871725E-16 ) ) ;
#3029 = EDGE_CURVE ( 'NONE', #2672, #1887, #2460, .T. ) ;
#3030 = CARTESIAN_POINT ( 'NONE',  ( 208.3735542387616420, 20.49206277159961687, -94.99697693096149465 ) ) ;
#3031 = EDGE_CURVE ( 'NONE', #3277, #2851, #3551, .T. ) ;
#3032 =( REPRESENTATION_RELATIONSHIP ('NONE','NONE', #1973, #1850 ) REPRESENTATION_RELATIONSHIP_WITH_TRANSFORMATION ( #826 )SHAPE_REPRESENTATION_RELATIONSHIP( ) );
#3033 = CARTESIAN_POINT ( 'NONE',  ( 24.99999999997970690, 13.00000000000000178, -6.203812492876739527E-15 ) ) ;
#3034 = EDGE_LOOP ( 'NONE', ( #2246, #903, #1019, #381 ) ) ;
#3035 = DIRECTION ( 'NONE',  ( -0.000000000000000000, -1.000000000000000000, -0.000000000000000000 ) ) ;
#3036 = CARTESIAN_POINT ( 'NONE',  ( 0.000000000000000000, 25.00000000000000000, 0.000000000000000000 ) ) ;
#3037 = CARTESIAN_POINT ( 'NONE',  ( 200.9874960913364816, 19.99999999999999645, -3.700661602209720513 ) ) ;
#3038 = CARTESIAN_POINT ( 'NONE',  ( 24.99999999997970690, -7.081411840863474200E-31, -100.0000000001534772 ) ) ;
#3039 = CARTESIAN_POINT ( 'NONE',  ( 206.5722095889538537, 15.06726782213751648, -20.00000000007671730 ) ) ;
#3040 = PRODUCT_RELATED_PRODUCT_CATEGORY ( 'part', '', ( #1358 ) ) ;
#3041 = ORIENTED_EDGE ( 'NONE', *, *, #956, .T. ) ;
#3042 = CARTESIAN_POINT ( 'NONE',  ( 215.7596123862649620, 20.00000000003865352, -93.69461559847503906 ) ) ;
#3043 = ORIENTED_EDGE ( 'NONE', *, *, #3371, .T. ) ;
#3044 = PRODUCT_CONTEXT ( 'NONE', #2134, 'mechanical' ) ;
#3045 = EDGE_LOOP ( 'NONE', ( #2947, #27, #1650, #2145 ) ) ;
#3046 = ORIENTED_EDGE ( 'NONE', *, *, #147, .T. ) ;
#3047 = CARTESIAN_POINT ( 'NONE',  ( 208.3735542389442799, 19.99999999999982947, -20.00000000007662493 ) ) ;
#3048 = FACE_BOUND ( 'NONE', #3334, .T. ) ;
#3049 = CARTESIAN_POINT ( 'NONE',  ( 197.6080241646606623, 34.61054788296989670, -80.00000000007672440 ) ) ;
#3050 = ORIENTED_EDGE ( 'NONE', *, *, #668, .F. ) ;
#3051 = VECTOR ( 'NONE', #998, 1000.000000000000000 ) ;
#3052 = DIRECTION ( 'NONE',  ( -2.273736754423532124E-11, 1.000000000000000000, -0.000000000000000000 ) ) ;
#3053 = CARTESIAN_POINT ( 'NONE',  ( 187.7114372416079391, 26.65053310262254982, -98.64026563611471943 ) ) ;
#3054 = DIRECTION ( 'NONE',  ( -0.000000000000000000, 1.000000000000000000, -0.000000000000000000 ) ) ;
#3055 = CONTEXT_DEPENDENT_SHAPE_REPRESENTATION ( #2903, #3353 ) ;
#3056 = PRODUCT_DEFINITION_SHAPE ( 'NONE', 'NONE',  #1324 ) ;
#3057 = CARTESIAN_POINT ( 'NONE',  ( 0.000000000000000000, 0.000000000000000000, 0.000000000000000000 ) ) ;
#3058 = CARTESIAN_POINT ( 'NONE',  ( 40.00000000000000000, 11.99999999999999822, 3.999999999999999112 ) ) ;
#3059 = EDGE_CURVE ( 'NONE', #1863, #1911, #1865, .T. ) ;
#3060 = EDGE_CURVE ( 'NONE', #3318, #816, #68, .T. ) ;
#3061 = ORIENTED_EDGE ( 'NONE', *, *, #541, .F. ) ;
#3062 = CARTESIAN_POINT ( 'NONE',  ( 24.99999999997970690, 21.00000000000000000, -100.0000000001534772 ) ) ;
#3063 = VERTEX_POINT ( 'NONE', #2166 ) ;
#3064 = CARTESIAN_POINT ( 'NONE',  ( 537.9973957709710248, 1011.298135844445028, 1263.585354046941347 ) ) ;
#3065 = ORIENTED_EDGE ( 'NONE', *, *, #2039, .F. ) ;
#3066 = ADVANCED_FACE ( 'NONE', ( #3290 ), #3588, .T. ) ;
#3067 = ORIENTED_EDGE ( 'NONE', *, *, #2983, .T. ) ;
#3068 = PLANE ( 'NONE',  #2887 ) ;
#3069 = CARTESIAN_POINT ( 'NONE',  ( 0.000000000000000000, 2.000000000000000000, -8.000000000000000000 ) ) ;
#3070 = CLOSED_SHELL ( 'NONE', ( #2636, #2739, #77, #1352, #1135, #2682, #3505, #1470, #2580, #916, #1592 ) ) ;
#3071 = EDGE_CURVE ( 'NONE', #288, #3211, #1032, .T. ) ;
#3072 = CARTESIAN_POINT ( 'NONE',  ( 193.5422806603248773, 32.99297345676102111, -80.00000000007672440 ) ) ;
#3073 = EDGE_LOOP ( 'NONE', ( #1875, #2177, #1487, #1823, #1042, #2900, #719, #3494 ) ) ;
#3074 = VECTOR ( 'NONE', #982, 1000.000000000000000 ) ;
#3075 = FACE_OUTER_BOUND ( 'NONE', #3434, .T. ) ;
#3076 = VECTOR ( 'NONE', #1122, 1000.000000000000000 ) ;
#3077 = DIRECTION ( 'NONE',  ( -0.000000000000000000, 1.000000000000000000, -0.000000000000000000 ) ) ;
#3078 = CARTESIAN_POINT ( 'NONE',  ( -4.000000000000000000, 2.001000000000000334, -12.35640646055101755 ) ) ;
#3079 = CARTESIAN_POINT ( 'NONE',  ( -338015.4947438252857, 10.00000000000000000, -59601.25162085858756 ) ) ;
#3080 = UNCERTAINTY_MEASURE_WITH_UNIT (LENGTH_MEASURE( 1.000000000000000082E-05 ), #3525, 'distance_accuracy_value', 'NONE');
#3081 = ORIENTED_EDGE ( 'NONE', *, *, #695, .F. ) ;
#3082 = CARTESIAN_POINT ( 'NONE',  ( -0.9942569887819816543, 1.127200361539311579, 4.705003317180698197 ) ) ;
#3083 = VECTOR ( 'NONE', #2004, 1000.000000000000000 ) ;
#3084 = EDGE_CURVE ( 'NONE', #3178, #999, #1283, .T. ) ;
#3085 = CARTESIAN_POINT ( 'NONE',  ( 555.5330874164400257, 988.0857954849489033, 1347.945062134368300 ) ) ;
#3086 = AXIS2_PLACEMENT_3D ( 'NONE', #2591, #2365, #326 ) ;
#3087 = ORIENTED_EDGE ( 'NONE', *, *, #3611, .T. ) ;
#3088 = LINE ( 'NONE', #543, #3076 ) ;
#3089 = ORIENTED_EDGE ( 'NONE', *, *, #2456, .T. ) ;
#3090 = CARTESIAN_POINT ( 'NONE',  ( -437710.6489598476328, 10.00000000000000000, 77211.93601156142540 ) ) ;
#3091 = ITEM_DEFINED_TRANSFORMATION ( 'NONE', 'NONE', #2615,  #3086 ) ;
#3092 = DIRECTION ( 'NONE',  ( 0.000000000000000000, 1.000000000000000000, 0.000000000000000000 ) ) ;
#3093 = CARTESIAN_POINT ( 'NONE',  ( 24.99999999997970690, 13.00000000000000178, -6.203812492876739527E-15 ) ) ;
#3094 = ORIENTED_EDGE ( 'NONE', *, *, #894, .F. ) ;
#3095 = AXIS2_PLACEMENT_3D ( 'NONE', #1946, #536, #3152 ) ;
#3096 = CARTESIAN_POINT ( 'NONE',  ( 1.658049672226230342, 8.122075350903219970, 4.718635845934133322 ) ) ;
#3097 = CARTESIAN_POINT ( 'NONE',  ( -399924.9999999997672, 0.000000000000000000, -100.0000000000227374 ) ) ;
#3098 = DIRECTION ( 'NONE',  ( 0.000000000000000000, 1.000000000000000000, 0.000000000000000000 ) ) ;
#3099 = CARTESIAN_POINT ( 'NONE',  ( 0.9940291763827086013, -1.127420730586367048, 4.704898703571967822 ) ) ;
#3100 = ORIENTED_EDGE ( 'NONE', *, *, #246, .T. ) ;
#3101 = CARTESIAN_POINT ( 'NONE',  ( 208.3735542387486532, 4.999999999890640368, -100.3276607945746264 ) ) ;
#3102 = DIRECTION ( 'NONE',  ( 1.000000000000000000, 0.000000000000000000, 0.000000000000000000 ) ) ;
#3103 = ORIENTED_EDGE ( 'NONE', *, *, #1745, .T. ) ;
#3104 = CARTESIAN_POINT ( 'NONE',  ( 193.7909063063906103, 18.05045813548291633, -80.00000000007673862 ) ) ;
#3105 = ORIENTED_EDGE ( 'NONE', *, *, #2243, .F. ) ;
#3106 = DIRECTION ( 'NONE',  ( 0.000000000000000000, 0.000000000000000000, -1.000000000000000000 ) ) ;
#3107 = CARTESIAN_POINT ( 'NONE',  ( -2.029973411588059662E-11, 23.99999999999999645, -70.00000000015346302 ) ) ;
#3108 = LINE ( 'NONE', #566, #3177 ) ;
#3109 = CARTESIAN_POINT ( 'NONE',  ( 6.123233995736765296E-16, 0.000000000000000000, 4.999999999999999112 ) ) ;
#3110 = VECTOR ( 'NONE', #3002, 1000.000000000000000 ) ;
#3111 = CARTESIAN_POINT ( 'NONE',  ( 186.2153797961809687, 10.00000000000000000, -20.00000000007674217 ) ) ;
#3112 = CIRCLE ( 'NONE', #2348, 4.000000000000000000 ) ;
#3113 = DIRECTION ( 'NONE',  ( 0.000000000000000000, -1.000000000000000000, -2.168404344971008868E-16 ) ) ;
#3114 = PLANE ( 'NONE',  #2269 ) ;
#3115 = VECTOR ( 'NONE', #957, 1000.000000000000000 ) ;
#3116 = ORIENTED_EDGE ( 'NONE', *, *, #2575, .T. ) ;
#3117 = EDGE_CURVE ( 'NONE', #851, #2250, #2552, .T. ) ;
#3118 = LINE ( 'NONE', #2867, #2759 ) ;
#3119 = ITEM_DEFINED_TRANSFORMATION ( 'NONE', 'NONE', #2136,  #3086 ) ;
#3120 = ORIENTED_EDGE ( 'NONE', *, *, #391, .T. ) ;
#3121 = LINE ( 'NONE', #3401, #1713 ) ;
#3122 = EDGE_CURVE ( 'NONE', #3208, #3187, #2670, .T. ) ;
#3123 = ORIENTED_EDGE ( 'NONE', *, *, #279, .F. ) ;
#3124 = CARTESIAN_POINT ( 'NONE',  ( -4.000000000000000000, 0.000000000000000000, -13.85640646055101932 ) ) ;
#3125 = CARTESIAN_POINT ( 'NONE',  ( 12.49999999997970157, 5.999999999999996447, -85.00000000015347723 ) ) ;
#3126 = CARTESIAN_POINT ( 'NONE',  ( 214.8329312785850789, 25.25184351332189436, -80.00000000007675283 ) ) ;
#3127 = CARTESIAN_POINT ( 'NONE',  ( 1.263489017627376754, 7.836707140667000360, 4.839748143728392016 ) ) ;
#3128 = CARTESIAN_POINT ( 'NONE',  ( 213.8186459494329199, 27.49707087166603614, -94.03686034993813792 ) ) ;
#3129 = AXIS2_PLACEMENT_3D ( 'NONE', #1664, #2184, #1355 ) ;
#3130 = EDGE_CURVE ( 'NONE', #1550, #2506, #2807, .T. ) ;
#3131 = CARTESIAN_POINT ( 'NONE',  ( -338015.4947438252857, 10.00000000000000000, -59601.25162085858756 ) ) ;
#3132 = EDGE_LOOP ( 'NONE', ( #1675, #2893, #2917, #773 ) ) ;
#3133 = DIRECTION ( 'NONE',  ( 1.000000000000000000, -0.000000000000000000, -0.000000000000000000 ) ) ;
#3134 = CIRCLE ( 'NONE', #3244, 1.500000000000000666 ) ;
#3135 = CARTESIAN_POINT ( 'NONE',  ( 0.000000000000000000, 2.500000000000000000, 8.500000000000000000 ) ) ;
#3136 = DIRECTION ( 'NONE',  ( -2.334567381254908161E-16, 0.000000000000000000, 1.000000000000000000 ) ) ;
#3137 = APPLICATION_PROTOCOL_DEFINITION ( 'draft international standard', 'automotive_design', 1998, #2330 ) ;
#3138 = ORIENTED_EDGE ( 'NONE', *, *, #1651, .F. ) ;
#3139 = VECTOR ( 'NONE', #943, 1000.000000000000000 ) ;
#3140 = CARTESIAN_POINT ( 'NONE',  ( 0.000000000000000000, 0.000000000000000000, -6.000000000000000000 ) ) ;
#3141 = EDGE_LOOP ( 'NONE', ( #1874, #771, #2959, #41 ) ) ;
#3142 = AXIS2_PLACEMENT_3D ( 'NONE', #1125, #1090, #798 ) ;
#3143 = PRESENTATION_STYLE_ASSIGNMENT (( #2002 ) ) ;
#3144 = EDGE_CURVE ( 'NONE', #2310, #961, #1094, .T. ) ;
#3145 = DIRECTION ( 'NONE',  ( 0.000000000000000000, 2.168404344971008868E-16, -1.000000000000000000 ) ) ;
#3146 = DIRECTION ( 'NONE',  ( 0.000000000000000000, -1.000000000000000000, 0.000000000000000000 ) ) ;
#3147 = EDGE_CURVE ( 'NONE', #2069, #867, #549, .T. ) ;
#3148 = EDGE_CURVE ( 'NONE', #2267, #1858, #2729, .T. ) ;
#3149 = CARTESIAN_POINT ( 'NONE',  ( 200.0203810231889463, 12.54836290006849708, -96.46986674339828483 ) ) ;
#3150 = CYLINDRICAL_SURFACE ( 'NONE', #796, 2.500000000000001776 ) ;
#3151 = EDGE_LOOP ( 'NONE', ( #753, #2626, #580, #3260 ) ) ;
#3152 = DIRECTION ( 'NONE',  ( 0.000000000000000000, 0.000000000000000000, 1.000000000000000000 ) ) ;
#3153 = CIRCLE ( 'NONE', #1667, 5.000000000000004441 ) ;
#3154 = AXIS2_PLACEMENT_3D ( 'NONE', #154, #3193, #2082 ) ;
#3155 = CARTESIAN_POINT ( 'NONE',  ( 193.6014379434600130, 35.00000000010714274, -97.72293812955200565 ) ) ;
#3156 = PLANE ( 'NONE',  #906 ) ;
#3157 = FACE_OUTER_BOUND ( 'NONE', #3132, .T. ) ;
#3158 = CONTEXT_DEPENDENT_SHAPE_REPRESENTATION ( #2088, #1120 ) ;
#3159 = EDGE_CURVE ( 'NONE', #519, #372, #569, .T. ) ;
#3160 = ORIENTED_EDGE ( 'NONE', *, *, #1997, .F. ) ;
#3161 = CARTESIAN_POINT ( 'NONE',  ( 0.000000000000000000, 0.000000000000000000, -1.500000000000000666 ) ) ;
#3162 = ORIENTED_EDGE ( 'NONE', *, *, #747, .F. ) ;
#3163 =( NAMED_UNIT ( * ) SI_UNIT ( $, .STERADIAN. ) SOLID_ANGLE_UNIT ( ) );
#3164 = CARTESIAN_POINT ( 'NONE',  ( 12.49999999997970157, 13.00000000000000178, -80.00000000015347723 ) ) ;
#3165 = CARTESIAN_POINT ( 'NONE',  ( 194.5218593660452768, 23.75477334096597914, -80.00000000007675283 ) ) ;
#3166 = CARTESIAN_POINT ( 'NONE',  ( 194.4494267106167058, 33.48672959447416275, -97.45217629699902773 ) ) ;
#3167 = CARTESIAN_POINT ( 'NONE',  ( 215.7596123861564195, -291563.0763512535486, -138.2565235342464121 ) ) ;
#3168 = EDGE_LOOP ( 'NONE', ( #2121, #3320 ) ) ;
#3169 = FACE_OUTER_BOUND ( 'NONE', #3527, .T. ) ;
#3170 = VECTOR ( 'NONE', #1748, 1000.000000000000000 ) ;
#3171 = CIRCLE ( 'NONE', #2161, 1.500000000000000666 ) ;
#3172 = LINE ( 'NONE', #2063, #287 ) ;
#3173 = EDGE_CURVE ( 'NONE', #846, #1452, #511, .T. ) ;
#3174 = FACE_OUTER_BOUND ( 'NONE', #618, .T. ) ;
#3175 = PLANE ( 'NONE',  #3210 ) ;
#3176 = VECTOR ( 'NONE', #2535, 1000.000000000000000 ) ;
#3177 = VECTOR ( 'NONE', #2839, 1000.000000000000000 ) ;
#3178 = VERTEX_POINT ( 'NONE', #1680 ) ;
#3179 = VECTOR ( 'NONE', #2019, 1000.000000000000000 ) ;
#3180 = CARTESIAN_POINT ( 'NONE',  ( 195.0643810680804222, 24.58680411868544979, -20.00000000007671375 ) ) ;
#3181 = ORIENTED_EDGE ( 'NONE', *, *, #3451, .T. ) ;
#3182 =( LENGTH_UNIT ( ) NAMED_UNIT ( * ) SI_UNIT ( .MILLI., .METRE. ) );
#3183 = CARTESIAN_POINT ( 'NONE',  ( 1.500000000000000222, -5.870762885248758057E-14, 4.999999999995193178 ) ) ;
#3184 = PLANE ( 'NONE',  #3609 ) ;
#3185 = CARTESIAN_POINT ( 'NONE',  ( 196.2472024404093816, 34.21519943567058419, -97.13517993057367050 ) ) ;
#3186 = DIRECTION ( 'NONE',  ( 2.435297185593389810E-12, 0.000000000000000000, 1.000000000000000000 ) ) ;
#3187 = VERTEX_POINT ( 'NONE', #3349 ) ;
#3188 = AXIS2_PLACEMENT_3D ( 'NONE', #1454, #2339, #1136 ) ;
#3189 = CARTESIAN_POINT ( 'NONE',  ( 214.8329312787353729, 25.25184351331064647, -20.00000000007675283 ) ) ;
#3190 = DIRECTION ( 'NONE',  ( 0.000000000000000000, 1.000000000000000000, 0.000000000000000000 ) ) ;
#3191 = DIRECTION ( 'NONE',  ( 0.000000000000000000, 1.000000000000000000, 0.000000000000000000 ) ) ;
#3192 = ADVANCED_FACE ( 'NONE', ( #3075 ), #532, .F. ) ;
#3193 = DIRECTION ( 'NONE',  ( 1.000000000000000000, -2.832564736347688992E-32, 2.312964634635742957E-16 ) ) ;
#3194 = ORIENTED_EDGE ( 'NONE', *, *, #2861, .F. ) ;
#3195 = CARTESIAN_POINT ( 'NONE',  ( 193.6014379436491879, 20.97515132463686172, -20.00000000007675993 ) ) ;
#3196 = ORIENTED_EDGE ( 'NONE', *, *, #2575, .F. ) ;
#3197 =( LENGTH_UNIT ( ) NAMED_UNIT ( * ) SI_UNIT ( .MILLI., .METRE. ) );
#3198 = MECHANICAL_DESIGN_GEOMETRIC_PRESENTATION_REPRESENTATION (  '', ( #1585 ), #417 ) ;
#3199 = CARTESIAN_POINT ( 'NONE',  ( 186.2153797958596044, -291563.0763512535486, -133.0470782042506244 ) ) ;
#3200 =( GEOMETRIC_REPRESENTATION_CONTEXT ( 3 ) GLOBAL_UNCERTAINTY_ASSIGNED_CONTEXT ( ( #1668 ) ) GLOBAL_UNIT_ASSIGNED_CONTEXT ( ( #1211, #2645, #3446 ) ) REPRESENTATION_CONTEXT ( 'NONE', 'WORKASPACE' ) );
#3201 = PLANE ( 'NONE',  #123 ) ;
#3202 =( GEOMETRIC_REPRESENTATION_CONTEXT ( 3 ) GLOBAL_UNCERTAINTY_ASSIGNED_CONTEXT ( ( #1101 ) ) GLOBAL_UNIT_ASSIGNED_CONTEXT ( ( #1383, #2270, #3382 ) ) REPRESENTATION_CONTEXT ( 'NONE', 'WORKASPACE' ) );
#3203 = PLANE ( 'NONE',  #392 ) ;
#3204 = ORIENTED_EDGE ( 'NONE', *, *, #2304, .F. ) ;
#3205 = CARTESIAN_POINT ( 'NONE',  ( 208.3735542387984481, 35.00000000010714274, -79.87876146651099418 ) ) ;
#3206 = DIRECTION ( 'NONE',  ( 0.000000000000000000, 0.000000000000000000, 1.000000000000000000 ) ) ;
#3207 = DIRECTION ( 'NONE',  ( 1.000000000000000000, 0.000000000000000000, -1.734723475976792303E-16 ) ) ;
#3208 = VERTEX_POINT ( 'NONE', #3370 ) ;
#3209 = CARTESIAN_POINT ( 'NONE',  ( 207.4111473530046226, 16.26589165082594235, -80.00000000007671019 ) ) ;
#3210 = AXIS2_PLACEMENT_3D ( 'NONE', #2117, #649, #2049 ) ;
#3211 = VERTEX_POINT ( 'NONE', #3109 ) ;
#3212 = AXIS2_PLACEMENT_3D ( 'NONE', #1601, #1315, #770 ) ;
#3213 = EDGE_CURVE ( 'NONE', #1106, #1088, #823, .T. ) ;
#3214 = CARTESIAN_POINT ( 'NONE',  ( -2.029973411629927602E-11, 10.00000000000000000, -70.00000000015346302 ) ) ;
#3215 = CARTESIAN_POINT ( 'NONE',  ( 204.2824199898155939, 26.73055435768051424, -80.00000000007675283 ) ) ;
#3216 = CARTESIAN_POINT ( 'NONE',  ( 0.000000000000000000, 0.000000000000000000, 30.00000000000000000 ) ) ;
#3217 = ADVANCED_BREP_SHAPE_REPRESENTATION ( '', ( #3408, #3086 ), #1412 ) ;
#3218 = FILL_AREA_STYLE ('',( #1741 ) ) ;
#3219 = VERTEX_POINT ( 'NONE', #1639 ) ;
#3220 = CARTESIAN_POINT ( 'NONE',  ( 206.2288151598299919, 34.03277946173352575, -20.00000000007672796 ) ) ;
#3221 = DIRECTION ( 'NONE',  ( 1.000000000000000000, 0.000000000000000000, -0.000000000000000000 ) ) ;
#3222 = DIRECTION ( 'NONE',  ( 0.000000000000000000, -1.000000000000000000, 0.000000000000000000 ) ) ;
#3223 = CYLINDRICAL_SURFACE ( 'NONE', #3392, 1.500000000000003997 ) ;
#3224 = AXIS2_PLACEMENT_3D ( 'NONE', #2468, #1910, #3317 ) ;
#3225 = EDGE_CURVE ( 'NONE', #1188, #1849, #1961, .T. ) ;
#3226 = ORIENTED_EDGE ( 'NONE', *, *, #2692, .F. ) ;
#3227 = FACE_OUTER_BOUND ( 'NONE', #3168, .T. ) ;
#3228 = ORIENTED_EDGE ( 'NONE', *, *, #2403, .T. ) ;
#3229 = CIRCLE ( 'NONE', #3281, 1.500000000000000222 ) ;
#3230 = DIRECTION ( 'NONE',  ( -0.000000000000000000, -1.000000000000000000, -0.000000000000000000 ) ) ;
#3231 = DIRECTION ( 'NONE',  ( 0.000000000000000000, 0.000000000000000000, 1.000000000000000000 ) ) ;
#3232 = PLANE ( 'NONE',  #1810 ) ;
#3233 = ORIENTED_EDGE ( 'NONE', *, *, #3300, .T. ) ;
#3234 = SURFACE_SIDE_STYLE ('',( #1488 ) ) ;
#3235 = DIRECTION ( 'NONE',  ( 1.000000000000000000, 0.000000000000000000, 0.000000000000000000 ) ) ;
#3236 = CARTESIAN_POINT ( 'NONE',  ( -10.00000000000009059, 2.000000000000000000, -17.32050807568872486 ) ) ;
#3237 = LINE ( 'NONE', #2360, #1538 ) ;
#3238 = CIRCLE ( 'NONE', #811, 7.500000000053574034 ) ;
#3239 = EDGE_LOOP ( 'NONE', ( #1158, #3228, #3014, #1141 ) ) ;
#3240 = CARTESIAN_POINT ( 'NONE',  ( 208.0015736958918922, 22.40022759181395173, -20.00000000007673506 ) ) ;
#3241 = CIRCLE ( 'NONE', #1519, 5.000000000000004441 ) ;
#3242 = VERTEX_POINT ( 'NONE', #1353 ) ;
#3243 = SHAPE_REPRESENTATION_RELATIONSHIP ( 'NONE' , 'NONE' ,  #2372, #1490 ) ;
#3244 = AXIS2_PLACEMENT_3D ( 'NONE', #1126, #3427, #619 ) ;
#3245 = ORIENTED_EDGE ( 'NONE', *, *, #1604, .T. ) ;
#3246 = DIRECTION ( 'NONE',  ( 2.435297185593389810E-12, -0.000000000000000000, 1.000000000000000000 ) ) ;
#3247 = SURFACE_STYLE_USAGE ( .BOTH. , #2123 ) ;
#3248 = EDGE_CURVE ( 'NONE', #288, #2347, #31, .T. ) ;
#3249 = CARTESIAN_POINT ( 'NONE',  ( 5.684341886080801487E-11, 0.000000000000000000, 0.000000000000000000 ) ) ;
#3250 = CIRCLE ( 'NONE', #303, 2.500000000000001332 ) ;
#3251 = CARTESIAN_POINT ( 'NONE',  ( 24.99999999997970690, 24.00000000000000000, -6.270099322126735068E-15 ) ) ;
#3252 = ORIENTED_EDGE ( 'NONE', *, *, #1723, .F. ) ;
#3253 = FILL_AREA_STYLE ('',( #202 ) ) ;
#3254 = EDGE_CURVE ( 'NONE', #1109, #1749, #584, .T. ) ;
#3255 = AXIS2_PLACEMENT_3D ( 'NONE', #1263, #1513, #175 ) ;
#3256 = CARTESIAN_POINT ( 'NONE',  ( -0.1017284227057550783, -1.500000000000000000, 4.499999999999999112 ) ) ;
#3257 = DIRECTION ( 'NONE',  ( 0.9848077530122072432, 0.000000000000000000, -0.1736481776669346611 ) ) ;
#3258 = CYLINDRICAL_SURFACE ( 'NONE', #2421, 1.500000000000000666 ) ;
#3259 = FACE_OUTER_BOUND ( 'NONE', #601, .T. ) ;
#3260 = ORIENTED_EDGE ( 'NONE', *, *, #1769, .F. ) ;
#3261 = B_SPLINE_CURVE_WITH_KNOTS ( 'NONE', 3,
 ( #263, #834, #3417, #1364, #1399, #2228, #1118, #3082, #864, #3379, #247, #2793, #1707, #1963, #2583, #2305 ),
 .UNSPECIFIED., .F., .F.,
 ( 4, 2, 2, 2, 2, 2, 2, 4 ),
 ( 0.000000000000000000, 0.0003009857561057640240, 0.0006019715122115280479, 0.001203943024423056530, 0.001504928780528820608, 0.001805914536634584469, 0.002106900292740348547, 0.002407886048846112625 ),
 .UNSPECIFIED. ) ;
#3262 = DIRECTION ( 'NONE',  ( -2.334567381254908161E-16, 0.000000000000000000, -1.000000000000000000 ) ) ;
#3263 = VERTEX_POINT ( 'NONE', #312 ) ;
#3264 = EDGE_CURVE ( 'NONE', #961, #1496, #329, .T. ) ;
#3265 = ORIENTED_EDGE ( 'NONE', *, *, #830, .F. ) ;
#3266 = DIRECTION ( 'NONE',  ( 2.435297185593389810E-12, -0.000000000000000000, 1.000000000000000000 ) ) ;
#3267 = CARTESIAN_POINT ( 'NONE',  ( 215.7596123864434219, 49.99999999999770495, -6.305384267179976021 ) ) ;
#3268 = CARTESIAN_POINT ( 'NONE',  ( -2.029279522197668939E-11, 10.00000000000000000, -100.0000000001534772 ) ) ;
#3269 = ORIENTED_EDGE ( 'NONE', *, *, #3405, .F. ) ;
#3270 = CARTESIAN_POINT ( 'NONE',  ( 187.1419142887363876, 25.25145964279998623, -20.00000000007673151 ) ) ;
#3271 = CARTESIAN_POINT ( 'NONE',  ( 12.49999999997970157, 5.999999999999996447, -90.00000000015349144 ) ) ;
#3272 = CYLINDRICAL_SURFACE ( 'NONE', #2581, 1.500000000000001332 ) ;
#3273 = CARTESIAN_POINT ( 'NONE',  ( 0.000000000000000000, 0.000000000000000000, 20.00000000000000000 ) ) ;
#3274 = ORIENTED_EDGE ( 'NONE', *, *, #1589, .T. ) ;
#3275 = ADVANCED_FACE ( 'NONE', ( #1758 ), #3201, .T. ) ;
#3276 = DIRECTION ( 'NONE',  ( 0.000000000000000000, 1.000000000000000000, 0.000000000000000000 ) ) ;
#3277 = VERTEX_POINT ( 'NONE', #91 ) ;
#3278 = VECTOR ( 'NONE', #3276, 1000.000000000000000 ) ;
#3279 = VERTEX_POINT ( 'NONE', #1232 ) ;
#3280 = EDGE_CURVE ( 'NONE', #2932, #1870, #2614, .T. ) ;
#3281 = AXIS2_PLACEMENT_3D ( 'NONE', #1486, #2632, #439 ) ;
#3282 = ORIENTED_EDGE ( 'NONE', *, *, #1162, .T. ) ;
#3283 = DIRECTION ( 'NONE',  ( -0.000000000000000000, 1.000000000000000000, 0.000000000000000000 ) ) ;
#3284 = CARTESIAN_POINT ( 'NONE',  ( 193.7908416489067633, 21.94946822700991618, -80.00000000007673862 ) ) ;
#3285 = CIRCLE ( 'NONE', #1691, 4.999999999999999112 ) ;
#3286 = APPLICATION_CONTEXT ( 'automotive_design' ) ;
#3287 = PRODUCT ( 'Triceps', 'Triceps', '', ( #2015 ) ) ;
#3288 = CARTESIAN_POINT ( 'NONE',  ( 0.000000000000000000, -2.500000000000000000, 8.500000000000000000 ) ) ;
#3289 = ORIENTED_EDGE ( 'NONE', *, *, #429, .F. ) ;
#3290 = FACE_OUTER_BOUND ( 'NONE', #1195, .T. ) ;
#3291 = CARTESIAN_POINT ( 'NONE',  ( 0.000000000000000000, 0.000000000000000000, -8.000000000000000000 ) ) ;
#3292 = FACE_BOUND ( 'NONE', #1607, .T. ) ;
#3293 = FACE_OUTER_BOUND ( 'NONE', #2281, .T. ) ;
#3294 = ORIENTED_EDGE ( 'NONE', *, *, #3638, .F. ) ;
#3295 = EDGE_CURVE ( 'NONE', #651, #414, #533, .T. ) ;
#3296 = EDGE_CURVE ( 'NONE', #1610, #428, #2488, .T. ) ;
#3297 = FACE_OUTER_BOUND ( 'NONE', #3579, .T. ) ;
#3298 = ORIENTED_EDGE ( 'NONE', *, *, #135, .F. ) ;
#3300 = EDGE_CURVE ( 'NONE', #3219, #2250, #55, .T. ) ;
#3299 = PLANE ( 'NONE',  #1218 ) ;
#3301 = VERTEX_POINT ( 'NONE', #2897 ) ;
#3302 = CIRCLE ( 'NONE', #2604, 1.500000000000000444 ) ;
#3303 = ORIENTED_EDGE ( 'NONE', *, *, #3295, .T. ) ;
#3304 = CARTESIAN_POINT ( 'NONE',  ( -2.029973411588059662E-11, 13.00000000000000178, -27.00000000000000000 ) ) ;
#3305 = CARTESIAN_POINT ( 'NONE',  ( 198.6079418829216365, 27.11703118827123049, -96.71891787243609429 ) ) ;
#3306 = CARTESIAN_POINT ( 'NONE',  ( 4.000000000000000888, 0.000000000000000000, -15.35640646055101755 ) ) ;
#3307 = ORIENTED_EDGE ( 'NONE', *, *, #2960, .F. ) ;
#3308 = ADVANCED_BREP_SHAPE_REPRESENTATION ( '', ( #565, #3086 ), #1724 ) ;
#3309 = CYLINDRICAL_SURFACE ( 'NONE', #699, 5.000000000000004441 ) ;
#3310 = AXIS2_PLACEMENT_3D ( 'NONE', #3591, #2430, #496 ) ;
#3311 = VECTOR ( 'NONE', #3645, 1000.000000000000000 ) ;
#3312 = DIRECTION ( 'NONE',  ( 0.000000000000000000, 0.000000000000000000, 1.000000000000000000 ) ) ;
#3313 = DIRECTION ( 'NONE',  ( 0.000000000000000000, 1.000000000000000000, 1.445602896647339656E-16 ) ) ;
#3314 = DIRECTION ( 'NONE',  ( 0.000000000000000000, 1.000000000000000000, 5.782411586589358625E-16 ) ) ;
#3315 = AXIS2_PLACEMENT_3D ( 'NONE', #2475, #3386, #2803 ) ;
#3316 = ORIENTED_EDGE ( 'NONE', *, *, #863, .F. ) ;
#3317 = DIRECTION ( 'NONE',  ( 0.000000000000000000, 0.000000000000000000, 1.000000000000000000 ) ) ;
#3318 = VERTEX_POINT ( 'NONE', #1197 ) ;
#3319 = DIRECTION ( 'NONE',  ( -0.9959571779032966310, -1.287534592775232409E-21, -0.08982928132241498054 ) ) ;
#3320 = ORIENTED_EDGE ( 'NONE', *, *, #291, .F. ) ;
#3321 = FACE_OUTER_BOUND ( 'NONE', #2154, .T. ) ;
#3322 = DIRECTION ( 'NONE',  ( 0.000000000000000000, 1.000000000000000000, 0.000000000000000000 ) ) ;
#3323 = EDGE_CURVE ( 'NONE', #2779, #521, #673, .T. ) ;
#3324 = ADVANCED_FACE ( 'NONE', ( #1184, #2875 ), #3184, .F. ) ;
#3325 = CARTESIAN_POINT ( 'NONE',  ( 186.2387996286289820, 20.97447920503019247, -80.00000000007675283 ) ) ;
#3326 = ORIENTED_EDGE ( 'NONE', *, *, #929, .T. ) ;
#3327 = SURFACE_STYLE_FILL_AREA ( #3253 ) ;
#3328 = CARTESIAN_POINT ( 'NONE',  ( 186.7116077904202882, 23.88635849035488334, -98.81656254446606624 ) ) ;
#3329 = CARTESIAN_POINT ( 'NONE',  ( 24.99999999997970335, 9.999999999999996447, -70.00000000015346302 ) ) ;
#3330 = CONTEXT_DEPENDENT_SHAPE_REPRESENTATION ( #683, #2169 ) ;
#3331 = CARTESIAN_POINT ( 'NONE',  ( -2.416866957515805492, 10.66031980211329433, 4.377234380186137308 ) ) ;
#3332 = DIRECTION ( 'NONE',  ( -0.000000000000000000, -0.000000000000000000, -1.000000000000000000 ) ) ;
#3333 = EDGE_CURVE ( 'NONE', #867, #1121, #1808, .T. ) ;
#3334 = EDGE_LOOP ( 'NONE', ( #1770, #2053 ) ) ;
#3335 = CYLINDRICAL_SURFACE ( 'NONE', #210, 2.500000000000001332 ) ;
#3336 = ORIENTED_EDGE ( 'NONE', *, *, #2185, .F. ) ;
#3337 = MECHANICAL_DESIGN_GEOMETRIC_PRESENTATION_REPRESENTATION (  '', ( #670 ), #2476 ) ;
#3338 = CARTESIAN_POINT ( 'NONE',  ( 40.00000000000000000, 10.50000000000000000, -4.000000000000000888 ) ) ;
#3339 =( REPRESENTATION_RELATIONSHIP ('NONE','NONE', #1973, #3366 ) REPRESENTATION_RELATIONSHIP_WITH_TRANSFORMATION ( #1096 )SHAPE_REPRESENTATION_RELATIONSHIP( ) );
#3340 = CARTESIAN_POINT ( 'NONE',  ( 538.9895853724329982, 1019.773007534861677, 1248.656265123535377 ) ) ;
#3341 = ADVANCED_FACE ( 'NONE', ( #127 ), #621, .T. ) ;
#3342 = ORIENTED_EDGE ( 'NONE', *, *, #1238, .T. ) ;
#3343 = CARTESIAN_POINT ( 'NONE',  ( 4.000000000000000888, 0.000000000000000000, -12.35640646055102110 ) ) ;
#3344 = CARTESIAN_POINT ( 'NONE',  ( 36.00000000000000000, 10.49999999999999822, 2.133577508925793024E-15 ) ) ;
#3345 = AXIS2_PLACEMENT_3D ( 'NONE', #1746, #3478, #2376 ) ;
#3346 = CARTESIAN_POINT ( 'NONE',  ( 213.8312163209042467, 27.47434395978972432, -80.00000000007672440 ) ) ;
#3347 = ORIENTED_EDGE ( 'NONE', *, *, #3254, .F. ) ;
#3348 = VECTOR ( 'NONE', #255, 1000.000000000000000 ) ;
#3349 = CARTESIAN_POINT ( 'NONE',  ( 12.49999999997970157, 24.00000000000000000, -20.00000000000000000 ) ) ;
#3350 = DIRECTION ( 'NONE',  ( 0.000000000000000000, 0.000000000000000000, -1.000000000000000000 ) ) ;
#3351 = ITEM_DEFINED_TRANSFORMATION ( 'NONE', 'NONE', #655,  #3086 ) ;
#3352 = EDGE_CURVE ( 'NONE', #1351, #209, #1838, .T. ) ;
#3353 = PRODUCT_DEFINITION_SHAPE ( 'NONE', 'NONE',  #3663 ) ;
#3354 = DIRECTION ( 'NONE',  ( 1.000000000000000000, -0.000000000000000000, 2.334567381254908161E-16 ) ) ;
#3355 = DIRECTION ( 'NONE',  ( 0.000000000000000000, 0.000000000000000000, 1.000000000000000000 ) ) ;
#3356 = ORIENTED_EDGE ( 'NONE', *, *, #2692, .T. ) ;
#3357 = CARTESIAN_POINT ( 'NONE',  ( 208.3735542387984481, 19.99999999999999645, -79.87876146651100839 ) ) ;
#3358 = DIRECTION ( 'NONE',  ( 0.9898698706152269100, -3.859474119041530081E-18, 0.1419776012200307802 ) ) ;
#3359 = VERTEX_POINT ( 'NONE', #2962 ) ;
#3360 = DIRECTION ( 'NONE',  ( 0.000000000000000000, 0.000000000000000000, -1.000000000000000000 ) ) ;
#3361 = EDGE_LOOP ( 'NONE', ( #1679, #2554, #2997, #1690, #3637, #3633, #2219, #2451 ) ) ;
#3362 = CARTESIAN_POINT ( 'NONE',  ( 186.2153797958320069, 19.99999999998181366, -133.0470782042586961 ) ) ;
#3363 = DIRECTION ( 'NONE',  ( 0.000000000000000000, 0.000000000000000000, 1.000000000000000000 ) ) ;
#3364 = CARTESIAN_POINT ( 'NONE',  ( 196.4611418404414565, 14.05292146909154916, -20.00000000007673151 ) ) ;
#3365 = CIRCLE ( 'NONE', #3188, 1.500000000000003997 ) ;
#3366 = SHAPE_REPRESENTATION ( 'Wheel_mount', ( #3086 ), #707 ) ;
#3367 = DIRECTION ( 'NONE',  ( 0.000000000000000000, 1.000000000000000000, 1.224646799147352714E-16 ) ) ;
#3368 = ORIENTED_EDGE ( 'NONE', *, *, #331, .T. ) ;
#3369 = AXIS2_PLACEMENT_3D ( 'NONE', #181, #2388, #3514 ) ;
#3370 = CARTESIAN_POINT ( 'NONE',  ( 12.49999999997970157, 24.00000000000000000, -9.999999999999998224 ) ) ;
#3371 = EDGE_CURVE ( 'NONE', #307, #1727, #2074, .T. ) ;
#3372 = CARTESIAN_POINT ( 'NONE',  ( 215.7596123862649620, -291563.0763512535486, -93.69461559847503906 ) ) ;
#3373 = LINE ( 'NONE', #827, #2706 ) ;
#3374 = DIRECTION ( 'NONE',  ( 0.000000000000000000, 0.000000000000000000, 1.000000000000000000 ) ) ;
#3375 = LINE ( 'NONE', #831, #1829 ) ;
#3376 = VECTOR ( 'NONE', #729, 1000.000000000000000 ) ;
#3377 = UNCERTAINTY_MEASURE_WITH_UNIT (LENGTH_MEASURE( 1.000000000000000082E-05 ), #3182, 'distance_accuracy_value', 'NONE');
#3378 = EDGE_LOOP ( 'NONE', ( #3487, #2987, #432, #1532 ) ) ;
#3379 = CARTESIAN_POINT ( 'NONE',  ( -0.7589271244432722607, 1.297446630627627329, 4.616460502582047987 ) ) ;
#3380 = STYLED_ITEM ( 'NONE', ( #1612 ), #3408 ) ;
#3381 = DIRECTION ( 'NONE',  ( 0.000000000000000000, -3.469446951953614682E-16, 1.000000000000000000 ) ) ;
#3382 =( NAMED_UNIT ( * ) SI_UNIT ( $, .STERADIAN. ) SOLID_ANGLE_UNIT ( ) );
#3383 = EDGE_LOOP ( 'NONE', ( #1424, #589 ) ) ;
#3384 = CARTESIAN_POINT ( 'NONE',  ( 36.00000000000000711, 10.50000000000000000, -4.000000000000000888 ) ) ;
#3385 = ORIENTED_EDGE ( 'NONE', *, *, #1097, .F. ) ;
#3386 = DIRECTION ( 'NONE',  ( -0.000000000000000000, 1.000000000000000000, 0.000000000000000000 ) ) ;
#3387 = CARTESIAN_POINT ( 'NONE',  ( 201.4745214075725244, 34.99998646597006768, -80.00000000007676704 ) ) ;
#3388 = CARTESIAN_POINT ( 'NONE',  ( 2.417990129674747024, 9.343470722957693653, 4.376613296505721173 ) ) ;
#3389 = EDGE_CURVE ( 'NONE', #2981, #665, #300, .T. ) ;
#3390 =( BOUNDED_SURFACE ( )  B_SPLINE_SURFACE ( 3, 1, ( 
 ( #3576, #1261 ),
 ( #1339, #228 ),
 ( #987, #3540 ),
 ( #1872, #1301 ) ),
 .UNSPECIFIED., .F., .F., .T. ) 
 B_SPLINE_SURFACE_WITH_KNOTS ( ( 4, 4 ),
 ( 2, 2 ),
 ( 0.000000000000000000, 1.000000000000000000 ),
 ( 0.000000000000000000, 1.000000000000000000 ),
 .UNSPECIFIED. ) 
 GEOMETRIC_REPRESENTATION_ITEM ( )  RATIONAL_B_SPLINE_SURFACE ( (
 ( 1.000000000000000000, 1.000000000000000000),
 ( 0.3333333333332688109, 0.3333333333332688109),
 ( 0.3333333333332688109, 0.3333333333332688109),
 ( 1.000000000000000000, 1.000000000000000000) ) ) 
 REPRESENTATION_ITEM ( '' )  SURFACE ( )  );
#3391 = CARTESIAN_POINT ( 'NONE',  ( 12.49999999997970157, 20.99999999999999645, -85.00000000015347723 ) ) ;
#3392 = AXIS2_PLACEMENT_3D ( 'NONE', #1493, #932, #2696 ) ;
#3393 = CONTEXT_DEPENDENT_SHAPE_REPRESENTATION ( #3468, #1595 ) ;
#3394 = CARTESIAN_POINT ( 'NONE',  ( -2.368690460745415560, 10.81592910832418397, 4.403897978979208538 ) ) ;
#3395 = LINE ( 'NONE', #845, #1298 ) ;
#3396 = EDGE_CURVE ( 'NONE', #704, #3063, #2790, .T. ) ;
#3397 = ORIENTED_EDGE ( 'NONE', *, *, #1516, .F. ) ;
#3398 = CARTESIAN_POINT ( 'NONE',  ( 0.000000000000000000, -2.501999999999999780, 7.000000000000000000 ) ) ;
#3399 = DIRECTION ( 'NONE',  ( 0.000000000000000000, 0.000000000000000000, 1.000000000000000000 ) ) ;
#3400 = ORIENTED_EDGE ( 'NONE', *, *, #2486, .T. ) ;
#3401 = CARTESIAN_POINT ( 'NONE',  ( 5.684341886080801487E-11, 10.00000000000000000, -100.0000000000227374 ) ) ;
#3402 = EDGE_LOOP ( 'NONE', ( #889, #1686 ) ) ;
#3403 = DIRECTION ( 'NONE',  ( 2.435297185593389810E-12, -0.000000000000000000, 1.000000000000000000 ) ) ;
#3404 = FACE_OUTER_BOUND ( 'NONE', #691, .T. ) ;
#3405 = EDGE_CURVE ( 'NONE', #1210, #2259, #760, .T. ) ;
#3406 = CARTESIAN_POINT ( 'NONE',  ( 186.5880699243066658, 23.38347198601842436, -80.00000000007678125 ) ) ;
#3407 = DIRECTION ( 'NONE',  ( 0.000000000000000000, 0.000000000000000000, -1.000000000000000000 ) ) ;
#3408 = MANIFOLD_SOLID_BREP ( 'Boss-Extrude1', #3596 ) ;
#3409 = CARTESIAN_POINT ( 'NONE',  ( 208.3735542387616135, 20.00000000000006395, -94.99697693096138096 ) ) ;
#3410 = CONTEXT_DEPENDENT_SHAPE_REPRESENTATION ( #570, #250 ) ;
#3411 = VECTOR ( 'NONE', #3567, 1000.000000000000000 ) ;
#3412 = DIRECTION ( 'NONE',  ( 5.999746433351979610E-32, -1.000000000000000000, -2.569960705150825398E-16 ) ) ;
#3413 = ORIENTED_EDGE ( 'NONE', *, *, #2514, .F. ) ;
#3414 = LINE ( 'NONE', #2010, #636 ) ;
#3415 = APPLICATION_CONTEXT ( 'automotive_design' ) ;
#3416 = DIRECTION ( 'NONE',  ( 0.000000000000000000, -1.000000000000000000, 0.000000000000000000 ) ) ;
#3417 = CARTESIAN_POINT ( 'NONE',  ( -1.489702076851350698, 0.2017040816295294914, 4.992167969524873072 ) ) ;
#3418 = CARTESIAN_POINT ( 'NONE',  ( 12.49999999997970157, 24.00000000000000000, -90.00000000015349144 ) ) ;
#3419 = APPLICATION_PROTOCOL_DEFINITION ( 'draft international standard', 'automotive_design', 1998, #746 ) ;
#3420 = ADVANCED_FACE ( 'NONE', ( #179 ), #2993, .T. ) ;
#3421 = VERTEX_POINT ( 'NONE', #1593 ) ;
#3422 = CARTESIAN_POINT ( 'NONE',  ( 196.4611418402939478, 14.05292146909258477, -80.00000000007671019 ) ) ;
#3423 = ADVANCED_FACE ( 'NONE', ( #2454 ), #310, .T. ) ;
#3424 = ORIENTED_EDGE ( 'NONE', *, *, #147, .F. ) ;
#3425 = EDGE_CURVE ( 'NONE', #2398, #165, #3250, .T. ) ;
#3426 = CARTESIAN_POINT ( 'NONE',  ( 36.00000000000000000, 10.49999999999999822, 1.500000000000005995 ) ) ;
#3427 = DIRECTION ( 'NONE',  ( 0.000000000000000000, 1.000000000000000000, 0.000000000000000000 ) ) ;
#3428 = LINE ( 'NONE', #35, #2709 ) ;
#3429 = CARTESIAN_POINT ( 'NONE',  ( 36.00000000000000000, 11.99999999999999822, 2.458838160671444354E-15 ) ) ;
#3430 = CARTESIAN_POINT ( 'NONE',  ( 201.4713437073294244, 12.49997750217318249, -96.21402287418314359 ) ) ;
#3431 = AXIS2_PLACEMENT_3D ( 'NONE', #1076, #3077, #3312 ) ;
#3432 = EDGE_CURVE ( 'NONE', #2662, #2310, #1917, .T. ) ;
#3433 =( NAMED_UNIT ( * ) SI_UNIT ( $, .STERADIAN. ) SOLID_ANGLE_UNIT ( ) );
#3434 = EDGE_LOOP ( 'NONE', ( #739, #1463, #3160, #1960 ) ) ;
#3435 = CARTESIAN_POINT ( 'NONE',  ( 3.061617207092592341E-16, -1.500000000000000222, 4.499999999999999112 ) ) ;
#3436 = DIRECTION ( 'NONE',  ( 0.000000000000000000, -0.000000000000000000, 1.000000000000000000 ) ) ;
#3437 = FACE_OUTER_BOUND ( 'NONE', #554, .T. ) ;
#3438 = CARTESIAN_POINT ( 'NONE',  ( -2.029279522197668939E-11, 21.00000000000000000, -100.0000000001534772 ) ) ;
#3439 = UNCERTAINTY_MEASURE_WITH_UNIT (LENGTH_MEASURE( 1.000000000000000082E-05 ), #349, 'distance_accuracy_value', 'NONE');
#3440 = APPLICATION_PROTOCOL_DEFINITION ( 'draft international standard', 'automotive_design', 1998, #3415 ) ;
#3441 = ORIENTED_EDGE ( 'NONE', *, *, #1769, .T. ) ;
#3442 = AXIS2_PLACEMENT_3D ( 'NONE', #226, #1564, #170 ) ;
#3443 = PRESENTATION_LAYER_ASSIGNMENT (  '', '', ( #3380 ) ) ;
#3444 = FACE_OUTER_BOUND ( 'NONE', #1086, .T. ) ;
#3445 = ORIENTED_EDGE ( 'NONE', *, *, #694, .F. ) ;
#3446 =( NAMED_UNIT ( * ) SI_UNIT ( $, .STERADIAN. ) SOLID_ANGLE_UNIT ( ) );
#3447 = AXIS2_PLACEMENT_3D ( 'NONE', #1009, #976, #2704 ) ;
#3448 = LINE ( 'NONE', #2859, #2530 ) ;
#3449 = CARTESIAN_POINT ( 'NONE',  ( 200.5015324480065999, 27.50004273715117975, -80.00000000007673862 ) ) ;
#3450 = EDGE_CURVE ( 'NONE', #1402, #521, #2733, .T. ) ;
#3451 = EDGE_CURVE ( 'NONE', #1887, #1380, #1656, .T. ) ;
#3452 = CARTESIAN_POINT ( 'NONE',  ( 199.0704427999441180, 34.88127049103172794, -96.63736648216266190 ) ) ;
#3453 = FACE_OUTER_BOUND ( 'NONE', #887, .T. ) ;
#3454 = ORIENTED_EDGE ( 'NONE', *, *, #3264, .T. ) ;
#3455 =( NAMED_UNIT ( * ) PLANE_ANGLE_UNIT ( ) SI_UNIT ( $, .RADIAN. ) );
#3456 = CARTESIAN_POINT ( 'NONE',  ( 208.3735542387984481, 19.99999999999999645, -79.87876146651100839 ) ) ;
#3457 = DIRECTION ( 'NONE',  ( -0.000000000000000000, -1.000000000000000000, -0.000000000000000000 ) ) ;
#3458 = DIRECTION ( 'NONE',  ( 0.000000000000000000, 0.000000000000000000, -1.000000000000000000 ) ) ;
#3459 = EDGE_CURVE ( 'NONE', #2756, #2447, #1369, .T. ) ;
#3460 = SHAPE_DEFINITION_REPRESENTATION ( #3619, #104 ) ;
#3461 = B_SPLINE_CURVE_WITH_KNOTS ( 'NONE', 3,
 ( #1416, #2579, #1432, #610, #2224, #1079, #2282, #3099, #2545, #2026, #2524, #553, #806, #2845, #1396, #3435 ),
 .UNSPECIFIED., .F., .F.,
 ( 4, 2, 2, 2, 2, 2, 2, 4 ),
 ( 0.004810348849723000177, 0.005110571041342235575, 0.005410793232961471841, 0.006011237616199942638, 0.006311459807819178904, 0.006611681999438415169, 0.006911904191057652302, 0.007212126382676888568 ),
 .UNSPECIFIED. ) ;
#3462 = EDGE_LOOP ( 'NONE', ( #262, #315, #3087, #3303, #2812 ) ) ;
#3463 = CARTESIAN_POINT ( 'NONE',  ( 197.2455324177561522, 26.54125581743204165, -20.00000000007672796 ) ) ;
#3464 = ORIENTED_EDGE ( 'NONE', *, *, #611, .T. ) ;
#3465 = DIRECTION ( 'NONE',  ( -2.312964634635742957E-16, -1.156482317317871478E-16, -1.000000000000000000 ) ) ;
#3466 = FACE_OUTER_BOUND ( 'NONE', #3462, .T. ) ;
#3467 = DIRECTION ( 'NONE',  ( 0.000000000000000000, -1.000000000000000000, -2.168404344971008868E-16 ) ) ;
#3468 =( REPRESENTATION_RELATIONSHIP ('NONE','NONE', #1973, #1850 ) REPRESENTATION_RELATIONSHIP_WITH_TRANSFORMATION ( #3091 )SHAPE_REPRESENTATION_RELATIONSHIP( ) );
#3469 = CARTESIAN_POINT ( 'NONE',  ( 214.8286436584540695, 25.26374093359153505, -93.85877050338389438 ) ) ;
#3470 = CARTESIAN_POINT ( 'NONE',  ( 215.7596123861564195, -291563.0763512535486, -138.2565235342464121 ) ) ;
#3471 = ORIENTED_EDGE ( 'NONE', *, *, #3581, .T. ) ;
#3472 = VECTOR ( 'NONE', #3230, 1000.000000000000000 ) ;
#3473 = AXIS2_PLACEMENT_3D ( 'NONE', #3398, #320, #810 ) ;
#3474 = PRESENTATION_STYLE_ASSIGNMENT (( #2076 ) ) ;
#3475 = EDGE_CURVE ( 'NONE', #466, #2816, #1999, .T. ) ;
#3476 = COLOUR_RGB ( '',0.7921568627450980005, 0.8196078431372548767, 0.9333333333333333481 ) ;
#3477 = CARTESIAN_POINT ( 'NONE',  ( 186.2153797961533712, 19.99999999999984013, -20.00000000007674217 ) ) ;
#3478 = DIRECTION ( 'NONE',  ( 0.000000000000000000, 1.000000000000000000, 0.000000000000000000 ) ) ;
#3479 = PLANE ( 'NONE',  #196 ) ;
#3480 = VERTEX_POINT ( 'NONE', #581 ) ;
#3481 = LINE ( 'NONE', #921, #2054 ) ;
#3482 = VERTEX_POINT ( 'NONE', #3069 ) ;
#3483 = DIRECTION ( 'NONE',  ( 0.000000000000000000, 1.000000000000000000, 0.000000000000000000 ) ) ;
#3484 = DIRECTION ( 'NONE',  ( -0.000000000000000000, -0.000000000000000000, -1.000000000000000000 ) ) ;
#3485 = CARTESIAN_POINT ( 'NONE',  ( -4.000000000000000000, 2.001000000000000334, -15.35640646055102110 ) ) ;
#3486 = CARTESIAN_POINT ( 'NONE',  ( 36.00000000000000711, 12.00000000000000000, -8.673617379884035472E-16 ) ) ;
#3487 = ORIENTED_EDGE ( 'NONE', *, *, #135, .T. ) ;
#3488 =( REPRESENTATION_RELATIONSHIP ('NONE','NONE', #1973, #955 ) REPRESENTATION_RELATIONSHIP_WITH_TRANSFORMATION ( #1394 )SHAPE_REPRESENTATION_RELATIONSHIP( ) );
#3489 = CARTESIAN_POINT ( 'NONE',  ( 213.8312163210564165, 27.47434395977876065, -20.00000000007675283 ) ) ;
#3490 = CIRCLE ( 'NONE', #463, 32.00000000000000000 ) ;
#3491 = FACE_OUTER_BOUND ( 'NONE', #3550, .T. ) ;
#3492 = DIRECTION ( 'NONE',  ( -2.273736754423532124E-11, 1.000000000000000000, -0.000000000000000000 ) ) ;
#3493 = FACE_OUTER_BOUND ( 'NONE', #3378, .T. ) ;
#3494 = ORIENTED_EDGE ( 'NONE', *, *, #3159, .T. ) ;
#3495 = DIRECTION ( 'NONE',  ( 1.000000000000000000, 0.000000000000000000, 0.000000000000000000 ) ) ;
#3496 = EDGE_LOOP ( 'NONE', ( #2473, #227, #2777, #2940 ) ) ;
#3497 =( NAMED_UNIT ( * ) PLANE_ANGLE_UNIT ( ) SI_UNIT ( $, .RADIAN. ) );
#3498 = VECTOR ( 'NONE', #276, 1000.000000000000000 ) ;
#3499 = DIRECTION ( 'NONE',  ( -0.000000000000000000, -1.000000000000000000, -0.000000000000000000 ) ) ;
#3500 = VECTOR ( 'NONE', #3465, 1000.000000000000000 ) ;
#3501 = CARTESIAN_POINT ( 'NONE',  ( 0.000000000000000000, 11.99999999999999822, 0.000000000000000000 ) ) ;
#3502 = CARTESIAN_POINT ( 'NONE',  ( 193.9783094016170537, 17.58429027415032309, -97.53524698965439654 ) ) ;
#3503 = CARTESIAN_POINT ( 'NONE',  ( 186.2153797959151404, 19.99999999998181366, -98.90406092848020592 ) ) ;
#3504 = ORIENTED_EDGE ( 'NONE', *, *, #931, .F. ) ;
#3505 = ADVANCED_FACE ( 'NONE', ( #3048, #2197, #2856, #1634 ), #2253, .T. ) ;
#3506 = DIRECTION ( 'NONE',  ( -0.000000000000000000, -1.000000000000000000, -0.000000000000000000 ) ) ;
#3507 = CARTESIAN_POINT ( 'NONE',  ( 6.123606919605775328E-16, 12.50000000000000178, 4.999999999999999112 ) ) ;
#3508 = DIRECTION ( 'NONE',  ( -1.000000000000000000, -0.000000000000000000, -0.000000000000000000 ) ) ;
#3509 = ORIENTED_EDGE ( 'NONE', *, *, #2949, .F. ) ;
#3510 = CARTESIAN_POINT ( 'NONE',  ( 193.7908416490523962, 21.94946822700777389, -20.00000000007673862 ) ) ;
#3511 = ORIENTED_EDGE ( 'NONE', *, *, #1992, .T. ) ;
#3512 = SHAPE_REPRESENTATION_RELATIONSHIP ( 'NONE' , 'NONE' ,  #3366, #396 ) ;
#3513 = CARTESIAN_POINT ( 'NONE',  ( 265.0000000001568878, 10.00000000000000000, -14.98779336024824715 ) ) ;
#3514 = DIRECTION ( 'NONE',  ( 0.000000000000000000, 0.000000000000000000, 1.000000000000000000 ) ) ;
#3515 = CARTESIAN_POINT ( 'NONE',  ( 200.9874960913152790, 20.22615267343736178, -20.00000000007674217 ) ) ;
#3516 = ORIENTED_EDGE ( 'NONE', *, *, #1227, .T. ) ;
#3517 = CARTESIAN_POINT ( 'NONE',  ( -0.3974367353163883454, -1.449840964664270482, 4.529821840814600264 ) ) ;
#3518 = DIRECTION ( 'NONE',  ( 0.9848077530122075762, 0.000000000000000000, -0.1736481776669328847 ) ) ;
#3519 = DIRECTION ( 'NONE',  ( 0.000000000000000000, -1.000000000000000000, 0.000000000000000000 ) ) ;
#3520 = VECTOR ( 'NONE', #2601, 1000.000000000000000 ) ;
#3521 = EDGE_LOOP ( 'NONE', ( #1442, #2578, #3289, #1623 ) ) ;
#3522 = CARTESIAN_POINT ( 'NONE',  ( 0.000000000000000000, 0.000000000000000000, 0.000000000000000000 ) ) ;
#3523 = ORIENTED_EDGE ( 'NONE', *, *, #272, .F. ) ;
#3524 = VECTOR ( 'NONE', #2689, 1000.000000000000000 ) ;
#3525 =( LENGTH_UNIT ( ) NAMED_UNIT ( * ) SI_UNIT ( .MILLI., .METRE. ) );
#3526 = EDGE_CURVE ( 'NONE', #2259, #1210, #829, .T. ) ;
#3527 = EDGE_LOOP ( 'NONE', ( #2200, #2139, #309, #1952 ) ) ;
#3528 = EDGE_CURVE ( 'NONE', #700, #2506, #2078, .T. ) ;
#3529 = CARTESIAN_POINT ( 'NONE',  ( 1.836970198721030181E-16, -2.501999999999999780, 5.500000000000000000 ) ) ;
#3530 = CARTESIAN_POINT ( 'NONE',  ( 200.0211388702849717, 27.45169467777860106, -96.46973311450801702 ) ) ;
#3531 = CARTESIAN_POINT ( 'NONE',  ( 193.8376069551761987, 18.05562608154114557, -97.56005662721362626 ) ) ;
#3532 = FACE_OUTER_BOUND ( 'NONE', #1405, .T. ) ;
#3533 = ORIENTED_EDGE ( 'NONE', *, *, #3389, .F. ) ;
#3534 = PRODUCT_RELATED_PRODUCT_CATEGORY ( 'part', '', ( #1288 ) ) ;
#3535 = CARTESIAN_POINT ( 'NONE',  ( -0.4940416502819738320, -1.419714406376622495, 4.547532866156874576 ) ) ;
#3536 = FACE_OUTER_BOUND ( 'NONE', #2051, .T. ) ;
#3537 = LINE ( 'NONE', #1853, #1230 ) ;
#3538 = CLOSED_SHELL ( 'NONE', ( #1801, #2650, #854, #2567, #1248, #2413, #2855, #764, #2034, #2104, #3423, #1344, #1718, #3420, #3341 ) ) ;
#3539 = ORIENTED_EDGE ( 'NONE', *, *, #2077, .T. ) ;
#3540 = CARTESIAN_POINT ( 'NONE',  ( 193.6014379436896604, 35.00000000010875567, -2.398300269697961618 ) ) ;
#3541 = EDGE_LOOP ( 'NONE', ( #3464, #2395 ) ) ;
#3542 = CARTESIAN_POINT ( 'NONE',  ( 539.4640299606700182, 1021.000000000023874, 1290.545490993062458 ) ) ;
#3543 = VECTOR ( 'NONE', #559, 1000.000000000000000 ) ;
#3544 = ORIENTED_EDGE ( 'NONE', *, *, #2294, .T. ) ;
#3545 = DIRECTION ( 'NONE',  ( 1.000000000000000000, -0.000000000000000000, -2.334567381254908161E-16 ) ) ;
#3546 = CARTESIAN_POINT ( 'NONE',  ( 206.5528498718980757, 24.95523281292156526, -95.31801623473327822 ) ) ;
#3547 = CARTESIAN_POINT ( 'NONE',  ( 186.2153797961070154, 19.99999999998182787, -20.11342436645408327 ) ) ;
#3548 = VECTOR ( 'NONE', #857, 1000.000000000000000 ) ;
#3549 = LINE ( 'NONE', #1030, #3051 ) ;
#3550 = EDGE_LOOP ( 'NONE', ( #1170, #526, #2207, #440 ) ) ;
#3551 = LINE ( 'NONE', #2146, #3376 ) ;
#3552 = CARTESIAN_POINT ( 'NONE',  ( 1.260899024725786965, 12.16480844552713769, 4.840427811610030773 ) ) ;
#3553 = EDGE_CURVE ( 'NONE', #1727, #307, #3554, .T. ) ;
#3554 = CIRCLE ( 'NONE', #3142, 1.499999999999997780 ) ;
#3555 = DIRECTION ( 'NONE',  ( 0.000000000000000000, 1.000000000000000000, 0.000000000000000000 ) ) ;
#3556 = PRODUCT ( 'Drive_Shaft', 'Drive_Shaft', '', ( #1156 ) ) ;
#3557 = DIRECTION ( 'NONE',  ( 0.1736481776669348276, -0.000000000000000000, 0.9848077530122074652 ) ) ;
#3558 = CARTESIAN_POINT ( 'NONE',  ( -4.000000000000000000, 2.000000000000000000, -15.35640646055102110 ) ) ;
#3559 = VERTEX_POINT ( 'NONE', #3602 ) ;
#3560 = DIRECTION ( 'NONE',  ( 2.435297185593389810E-12, -0.000000000000000000, 1.000000000000000000 ) ) ;
#3561 = ORIENTED_EDGE ( 'NONE', *, *, #1506, .T. ) ;
#3562 = VECTOR ( 'NONE', #878, 1000.000000000000000 ) ;
#3563 = CARTESIAN_POINT ( 'NONE',  ( 440.6520092844201599, 1018.573896361488551, 1122.917033836097971 ) ) ;
#3564 = ORIENTED_EDGE ( 'NONE', *, *, #980, .F. ) ;
#3565 = LINE ( 'NONE', #3304, #275 ) ;
#3566 = CARTESIAN_POINT ( 'NONE',  ( 208.1379101387919093, 21.94246559252165696, -95.03852734363094612 ) ) ;
#3567 = DIRECTION ( 'NONE',  ( -0.000000000000000000, 1.000000000000000000, -0.000000000000000000 ) ) ;
#3568 = ORIENTED_EDGE ( 'NONE', *, *, #2409, .T. ) ;
#3569 = CARTESIAN_POINT ( 'NONE',  ( 186.9804715668392134, 24.78966419020241574, -20.00000000007671019 ) ) ;
#3570 = ADVANCED_FACE ( 'NONE', ( #254 ), #270, .T. ) ;
#3571 = EDGE_CURVE ( 'NONE', #1911, #1976, #236, .T. ) ;
#3572 = CARTESIAN_POINT ( 'NONE',  ( -1.130816588063667361, -0.9901518577736406757, 4.769123722743850102 ) ) ;
#3573 = LINE ( 'NONE', #1017, #677 ) ;
#3574 = FACE_OUTER_BOUND ( 'NONE', #323, .T. ) ;
#3575 = ORIENTED_EDGE ( 'NONE', *, *, #2565, .F. ) ;
#3576 = CARTESIAN_POINT ( 'NONE',  ( 208.3735542389376576, 19.99999999999982947, -22.71033286348166058 ) ) ;
#3577 = ORIENTED_EDGE ( 'NONE', *, *, #1435, .F. ) ;
#3578 = AXIS2_PLACEMENT_3D ( 'NONE', #1929, #720, #192 ) ;
#3579 = EDGE_LOOP ( 'NONE', ( #1534, #790, #1857, #1510 ) ) ;
#3580 = STYLED_ITEM ( 'NONE', ( #1219 ), #1790 ) ;
#3581 = EDGE_CURVE ( 'NONE', #1610, #2347, #818, .T. ) ;
#3582 = LINE ( 'NONE', #2178, #2831 ) ;
#3583 = DIRECTION ( 'NONE',  ( 0.000000000000000000, 0.000000000000000000, -1.000000000000000000 ) ) ;
#3584 = VECTOR ( 'NONE', #1249, 1000.000000000000000 ) ;
#3585 = PRODUCT_DEFINITION_SHAPE ( 'NONE', 'NONE',  #3656 ) ;
#3586 = CARTESIAN_POINT ( 'NONE',  ( 215.2711589591277743, 23.85633977693779428, -80.00000000007673862 ) ) ;
#3587 = EDGE_LOOP ( 'NONE', ( #2232, #2252, #832, #1938 ) ) ;
#3588 = PLANE ( 'NONE',  #591 ) ;
#3589 = LINE ( 'NONE', #1033, #1274 ) ;
#3590 = CARTESIAN_POINT ( 'NONE',  ( -2.029279522197668939E-11, 21.00000000000000000, -100.0000000001534772 ) ) ;
#3591 = CARTESIAN_POINT ( 'NONE',  ( 0.000000000000000000, 0.000000000000000000, 30.00000000000000000 ) ) ;
#3592 = CARTESIAN_POINT ( 'NONE',  ( 206.8784550419492234, 15.44945954064406379, -20.00000000007675638 ) ) ;
#3593 = ORIENTED_EDGE ( 'NONE', *, *, #1604, .F. ) ;
#3594 = CARTESIAN_POINT ( 'NONE',  ( 3.061616997868385113E-16, -2.500000000000000000, 4.499999999999999112 ) ) ;
#3595 = EDGE_LOOP ( 'NONE', ( #2120, #3265, #3181, #2774, #112, #3397, #1013 ) ) ;
#3596 = CLOSED_SHELL ( 'NONE', ( #2764, #483, #3066, #963 ) ) ;
#3597 = APPLICATION_CONTEXT ( 'automotive_design' ) ;
#3598 = EDGE_CURVE ( 'NONE', #2230, #877, #471, .T. ) ;
#3599 = EDGE_CURVE ( 'NONE', #158, #2237, #1587, .T. ) ;
#3600 = VERTEX_POINT ( 'NONE', #562 ) ;
#3601 = FACE_BOUND ( 'NONE', #356, .T. ) ;
#3602 = CARTESIAN_POINT ( 'NONE',  ( 0.000000000000000000, 0.000000000000000000, 0.000000000000000000 ) ) ;
#3603 = CARTESIAN_POINT ( 'NONE',  ( 0.6589706823815337788, 12.41735397193825641, 4.959110006177420260 ) ) ;
#3604 = VECTOR ( 'NONE', #60, 1000.000000000000000 ) ;
#3605 = CARTESIAN_POINT ( 'NONE',  ( 195.7469079759816566, 34.03304285534203188, -80.00000000007676704 ) ) ;
#3606 = ORIENTED_EDGE ( 'NONE', *, *, #2378, .T. ) ;
#3607 = EDGE_CURVE ( 'NONE', #2193, #1082, #1694, .T. ) ;
#3608 = CARTESIAN_POINT ( 'NONE',  ( 197.1340851371746226, 34.48908003546992518, -20.00000000007677059 ) ) ;
#3609 = AXIS2_PLACEMENT_3D ( 'NONE', #2668, #2629, #1166 ) ;
#3610 = CARTESIAN_POINT ( 'NONE',  ( 186.3339561862594849, 21.95918842375473190, -98.88315271158751329 ) ) ;
#3611 = EDGE_CURVE ( 'NONE', #1569, #651, #853, .T. ) ;
#3612 = DIRECTION ( 'NONE',  ( 0.000000000000000000, 0.000000000000000000, 1.000000000000000000 ) ) ;
#3613 = DIRECTION ( 'NONE',  ( -0.9848077530122072432, 0.000000000000000000, -0.1736481776669343002 ) ) ;
#3614 = CARTESIAN_POINT ( 'NONE',  ( 2.999999999999997335, 12.00000000000000000, -4.000000000000000888 ) ) ;
#3615 = ORIENTED_EDGE ( 'NONE', *, *, #995, .F. ) ;
#3616 = LINE ( 'NONE', #3062, #2988 ) ;
#3617 = ORIENTED_EDGE ( 'NONE', *, *, #2265, .T. ) ;
#3618 = DIRECTION ( 'NONE',  ( 1.000000000000000000, -5.551115123138339149E-17, -4.076040627368633325E-12 ) ) ;
#3619 = PRODUCT_DEFINITION_SHAPE ( 'NONE', 'NONE',  #1055 ) ;
#3620 = ORIENTED_EDGE ( 'NONE', *, *, #2317, .F. ) ;
#3621 = DIRECTION ( 'NONE',  ( -0.000000000000000000, -1.000000000000000000, -0.000000000000000000 ) ) ;
#3622 = DIRECTION ( 'NONE',  ( 0.000000000000000000, 1.000000000000000000, 0.000000000000000000 ) ) ;
#3623 = EDGE_CURVE ( 'NONE', #1914, #3211, #937, .T. ) ;
#3624 = CARTESIAN_POINT ( 'NONE',  ( 32.00000000000000000, 3.918869757271530263E-15, 0.000000000000000000 ) ) ;
#3625 = ORIENTED_EDGE ( 'NONE', *, *, #779, .F. ) ;
#3626 = DIRECTION ( 'NONE',  ( 0.000000000000000000, 0.000000000000000000, 1.000000000000000000 ) ) ;
#3627 = CARTESIAN_POINT ( 'NONE',  ( 0.000000000000000000, 0.000000000000000000, 0.000000000000000000 ) ) ;
#3628 = ITEM_DEFINED_TRANSFORMATION ( 'NONE', 'NONE', #2321,  #3086 ) ;
#3629 = CARTESIAN_POINT ( 'NONE',  ( 12.49999999997970157, 24.00000000000000000, -15.00000000000000000 ) ) ;
#3630 = CARTESIAN_POINT ( 'NONE',  ( 215.7596123866483140, 10.00000000000000000, -93.69461551655433595 ) ) ;
#3631 = CARTESIAN_POINT ( 'NONE',  ( 207.6373190223254426, 16.69935857130060342, -20.00000000007675283 ) ) ;
#3632 = PRODUCT_DEFINITION_CONTEXT ( 'detailed design', #2330, 'design' ) ;
#3633 = ORIENTED_EDGE ( 'NONE', *, *, #292, .T. ) ;
#3634 = DIRECTION ( 'NONE',  ( 0.000000000000000000, 1.000000000000000000, 0.000000000000000000 ) ) ;
#3635 = DIRECTION ( 'NONE',  ( 0.9999999786373721111, -1.035203184750206069E-19, -0.0002067008844870263547 ) ) ;
#3636 = EDGE_LOOP ( 'NONE', ( #18, #468, #3245, #3274 ) ) ;
#3637 = ORIENTED_EDGE ( 'NONE', *, *, #2007, .T. ) ;
#3638 = EDGE_CURVE ( 'NONE', #3279, #986, #2349, .T. ) ;
#3639 = DIRECTION ( 'NONE',  ( 0.000000000000000000, 0.000000000000000000, 1.000000000000000000 ) ) ;
#3640 = DIRECTION ( 'NONE',  ( 2.699885895008390934E-32, -1.000000000000000000, -1.156482317317871725E-16 ) ) ;
#3641 = CARTESIAN_POINT ( 'NONE',  ( 24.99999999997970690, 13.00000000000000178, -100.0000000001534772 ) ) ;
#3642 = ORIENTED_EDGE ( 'NONE', *, *, #3475, .F. ) ;
#3643 = COLOUR_RGB ( '',0.7921568627450980005, 0.8196078431372548767, 0.9333333333333333481 ) ;
#3644 = DIRECTION ( 'NONE',  ( 2.699885895008390934E-32, -1.000000000000000000, 1.156482317317871725E-16 ) ) ;
#3645 = DIRECTION ( 'NONE',  ( 0.9848077530122075762, 0.000000000000000000, -0.1736481776669328847 ) ) ;
#3646 = NEXT_ASSEMBLY_USAGE_OCCURRENCE ( 'NAUO1', ' ', ' ', #2663, #1055, $ ) ;
#3647 = NEXT_ASSEMBLY_USAGE_OCCURRENCE ( 'NAUO2', ' ', ' ', #2663, #1168, $ ) ;
#3648 = NEXT_ASSEMBLY_USAGE_OCCURRENCE ( 'NAUO3', ' ', ' ', #2663, #902, $ ) ;
#3649 = NEXT_ASSEMBLY_USAGE_OCCURRENCE ( 'NAUO4', ' ', ' ', #2663, #902, $ ) ;
#3650 = NEXT_ASSEMBLY_USAGE_OCCURRENCE ( 'NAUO5', ' ', ' ', #2663, #902, $ ) ;
#3651 = NEXT_ASSEMBLY_USAGE_OCCURRENCE ( 'NAUO6', ' ', ' ', #2663, #902, $ ) ;
#3652 = NEXT_ASSEMBLY_USAGE_OCCURRENCE ( 'NAUO7', ' ', ' ', #2663, #1733, $ ) ;
#3653 = NEXT_ASSEMBLY_USAGE_OCCURRENCE ( 'NAUO8', ' ', ' ', #2663, #34, $ ) ;
#3654 = NEXT_ASSEMBLY_USAGE_OCCURRENCE ( 'NAUO9', ' ', ' ', #2663, #1275, $ ) ;
#3655 = NEXT_ASSEMBLY_USAGE_OCCURRENCE ( 'NAUO10', ' ', ' ', #2663, #1324, $ ) ;
#3656 = NEXT_ASSEMBLY_USAGE_OCCURRENCE ( 'NAUO11', ' ', ' ', #2663, #1324, $ ) ;
#3657 = NEXT_ASSEMBLY_USAGE_OCCURRENCE ( 'NAUO12', ' ', ' ', #2663, #34, $ ) ;
#3658 = NEXT_ASSEMBLY_USAGE_OCCURRENCE ( 'NAUO13', ' ', ' ', #2663, #34, $ ) ;
#3659 = NEXT_ASSEMBLY_USAGE_OCCURRENCE ( 'NAUO14', ' ', ' ', #2663, #34, $ ) ;
#3660 = NEXT_ASSEMBLY_USAGE_OCCURRENCE ( 'NAUO15', ' ', ' ', #2663, #1168, $ ) ;
#3661 = NEXT_ASSEMBLY_USAGE_OCCURRENCE ( 'NAUO16', ' ', ' ', #2663, #34, $ ) ;
#3662 = NEXT_ASSEMBLY_USAGE_OCCURRENCE ( 'NAUO17', ' ', ' ', #2663, #34, $ ) ;
#3663 = NEXT_ASSEMBLY_USAGE_OCCURRENCE ( 'NAUO18', ' ', ' ', #2663, #1733, $ ) ;
ENDSEC;
END-ISO-10303-21;
